{
	"url": "https://api.github.com/repos/wbond/package_control/issues/558",
	"html_url": "https://github.com/wbond/package_control/issues/558",
	"title": "ST2 not responding",
	"user": "ahmedelgabri",
	"labels": [
		{
			"name": "bug"
		}
	],
	"body": "After updating Package Control ST2 I see beach ball & it becomes unresponsive & I had to force quit it. \n\nWhen I open it afterwards ST2 is all missed up, after checking the settings I found that all my packages was under `\"ignored_packages\"`. After fixing this, it works fine till the next reboot/cold start.\n\nST: 2.0.2, build 2221\nMac OSX 10.8.4\n",
	"comments": 33,
	"comments_content": [
	{
		"user": "maxim",
		"body": "Same issue. It happens when I try to update all packages (for some reason most packages suddenly have updates). I can update packages one by one, but it would take ages, and sometimes it would get stuck even on that.\n"
	},
	{
		"user": "maxim",
		"body": "Was just upgrading packages one by one and again sudden beach ball when got to Markdown Preview.\n"
	},
	{
		"user": "wbond",
		"body": "Hmm, can your guys enable the `debug` setting and post a log?\n"
	},
	{
		"user": "maxim",
		"body": "I wish I could help out, but I actually got impatient and upgraded all packages one by one, which means I dont really have an easy way to reproduce this now. @ahmedelgabri perhaps you can try?\nt really have an easy way to reproduce this now. @ahmedelgabri perhaps you can try?\n"
	},
	{
		"user": "ahmedelgabri",
		"body": "For some odd reason my post from yesterday wasnt published.\n\nI actually did the same as @maxim, but I'm facing the same problem again on my work machine. I tried to get the debug info & post it here but the problem is that ST becomes unresponsive & I can't even copy the debug info. I have to force quit. \n\nIt even affects the whole system & makes it a bit laggy _I'm on a very powerful machine, latest iMac 16GB RAM with fusion drive_\nt published.\n\nI actually did the same as @maxim, but Im facing the same problem again on my work machine. I tried to get the debug info & post it here but the problem is that ST becomes unresponsive & I can't even copy the debug info. I have to force quit. \n\nIt even affects the whole system & makes it a bit laggy _I'm on a very powerful machine, latest iMac 16GB RAM with fusion drive_\nm facing the same problem again on my work machine. I tried to get the debug info & post it here but the problem is that ST becomes unresponsive & I cant even copy the debug info. I have to force quit. \n\nIt even affects the whole system & makes it a bit laggy _I'm on a very powerful machine, latest iMac 16GB RAM with fusion drive_\nt even copy the debug info. I have to force quit. \n\nIt even affects the whole system & makes it a bit laggy _Im on a very powerful machine, latest iMac 16GB RAM with fusion drive_\nm on a very powerful machine, latest iMac 16GB RAM with fusion drive_\n"
	},
	{
		"user": "maxim",
		"body": "That gave me an idea. I just looked through my Console.app, and see some Sublime Text 2 \"hang reports\" that fall on the time when I think this was happening the other day. Heres the relevant piece of trace for sublime process: https://gist.github.com/maxim/c09531e66f08406f0b7b\ns the relevant piece of trace for sublime process: https://gist.github.com/maxim/c09531e66f08406f0b7b\n"
	},
	{
		"user": "maxim",
		"body": "Heres another one, much crazier. I guess this is what happens when you let it run for a while and it creates too many threads and loops: https://gist.github.com/maxim/4955543d3d5a04e34e35\ns another one, much crazier. I guess this is what happens when you let it run for a while and it creates too many threads and loops: https://gist.github.com/maxim/4955543d3d5a04e34e35\n"
	},
	{
		"user": "ahmedelgabri",
		"body": "Here is a screenshot for an error popup window in ST2 & ST3 too trying to \"upgrade/override all packages\" \n![screen shot 2013-08-11 at 10 45 12 am](https://f.cloud.github.com/assets/63876/943709/cf869fe0-0251-11e3-93da-fa2f2518390a.png)\n\nEven if I removed the `ignored_packages` setting it doesnt make any difference.\nt make any difference.\n"
	},
	{
		"user": "darsain",
		"body": "Same issue. Decided to do a clean install of ST2 and slowly restore into pre-crash state, but now some packages cant even be installed. Attempts to install packages like SublimeLinter, StringEncode, and several others are all reporting:\n\n> HTTP error 503 downloading https:/nodeload.github.com/username/package/zip/vX.X.X\n\n![Screenshot](http://i.imgur.com/Rt3jsX0.png)\n\nhttps://status.github.com/ is reporting **All systems operational.**\n\nI'm developing a twitch when opening ST2. I'm afraid of next crash. The hell is happening?\nt even be installed. Attempts to install packages like SublimeLinter, StringEncode, and several others are all reporting:\n\n> HTTP error 503 downloading https:/nodeload.github.com/username/package/zip/vX.X.X\n\n![Screenshot](http://i.imgur.com/Rt3jsX0.png)\n\nhttps://status.github.com/ is reporting **All systems operational.**\n\nIm developing a twitch when opening ST2. I'm afraid of next crash. The hell is happening?\nm developing a twitch when opening ST2. Im afraid of next crash. The hell is happening?\nm afraid of next crash. The hell is happening?\n"
	},
	{
		"user": "FichteFoll",
		"body": "Im also getting this for SublimeCodeIntel:\n\n```\nPackage Control: Error downloading package. HTTP error 503 downloading https://nodeload.github.com/SublimeCodeIntel/SublimeCodeIntel/zip/v2.0.1\n```\n\nHowever, that url also doesn't work when entering it in the browser; you have to replace `nodeload` with `codeload`. This leads to the assumption that SCI didn't update their `package.json` and there is a bug in the PC download code that fails to correct that URL (or it isn't implemented for that case at all).\nm also getting this for SublimeCodeIntel:\n\n```\nPackage Control: Error downloading package. HTTP error 503 downloading https://nodeload.github.com/SublimeCodeIntel/SublimeCodeIntel/zip/v2.0.1\n```\n\nHowever, that url also doesnt work when entering it in the browser; you have to replace `nodeload` with `codeload`. This leads to the assumption that SCI didn't update their `package.json` and there is a bug in the PC download code that fails to correct that URL (or it isn't implemented for that case at all).\nt work when entering it in the browser; you have to replace `nodeload` with `codeload`. This leads to the assumption that SCI didnt update their `package.json` and there is a bug in the PC download code that fails to correct that URL (or it isn't implemented for that case at all).\nt update their `package.json` and there is a bug in the PC download code that fails to correct that URL (or it isnt implemented for that case at all).\nt implemented for that case at all).\n"
	},
	{
		"user": "certainlyakey",
		"body": "Several more symptoms: I had several packages after this added to `ignored_packages`, including SFTP and a couple of code themes. Also Soda visual scheme stopped working after this (but is OK after a reboot). \n"
	},
	{
		"user": "sveggiani",
		"body": "Same problem here. A lot of my packages are now in the `ignored_packages` section of User Settings file. UI broken and key shorcuts unresponsive after updating to Package Control 2. Restored a copy of my Packages folder solved it. But after a new restart the problem happened again. Is there a way to prevent automatic packages update?\n"
	},
	{
		"user": "FichteFoll",
		"body": "See also #564.\n"
	},
	{
		"user": "StarZ3r0",
		"body": "Same issue. A lot of my packages are now in the ignored_packages and crash ST2 when I restart.\n"
	},
	{
		"user": "WilliamVercken",
		"body": "Same issue for me.\nI had to enable them back.\n"
	},
	{
		"user": "wbond",
		"body": "I cant reproduce the issue - can someone provide me with their `Package Control.sublime-settings` file? That will contain a list of the installed packages and any other settings, such as custom SSL certs.\nt reproduce the issue - can someone provide me with their `Package Control.sublime-settings` file? That will contain a list of the installed packages and any other settings, such as custom SSL certs.\n"
	},
	{
		"user": "chipotle",
		"body": "Heres my sublime-settings file --\n\nhttps://gist.github.com/chipotle/9b8326490eea427131a3\ns my sublime-settings file --\n\nhttps://gist.github.com/chipotle/9b8326490eea427131a3\n"
	},
	{
		"user": "wbond",
		"body": "@chipotle That seems to be the default one, can your post the User version?\n"
	},
	{
		"user": "FichteFoll",
		"body": "``` json\n{\n    \"auto_upgrade_last_run\": null,\n    \"ignore_vcs_packages\": true,\n    \"installed_packages\":\n    [\n        \"AAAPackageDev\",\n        \"Abacus\",\n        \"Alignment\",\n        \"AutoFileName\",\n        \"Bracketeer\",\n        \"BracketHighlighter\",\n        \"BufferScroll\",\n        \"Caret-History\",\n        \"CSSLint\",\n        \"DetectSyntax\",\n        \"DocBlockr\",\n        \"Emmet\",\n        \"EncodingHelper\",\n        \"FindKeyConflicts\",\n        \"Git\",\n        \"GitGutter\",\n        \"Inc-Dec-Value\",\n        \"INI\",\n        \"JsFormat\",\n        \"LESS\",\n        \"LineEndings\",\n        \"Markdown Preview\",\n        \"MarkdownBuild\",\n        \"Missing Palette Commands\",\n        \"MoonScript\",\n        \"Package Control\",\n        \"PersistentRegexHighlight\",\n        \"Prefixr\",\n        \"Sass\",\n        \"Schemr\",\n        \"SideBarEnhancements\",\n        \"Sublime Files\",\n        \"sublime-github\",\n        \"SublimeCodeIntel\",\n        \"SublimeLinter\",\n        \"SublimeREPL\",\n        \"Theme - Nil\",\n        \"Theme - Soda\",\n        \"WakaTime\",\n        \"Wrap Plus\"\n    ]\n} \n```\n\nOn ST2.\n"
	},
	{
		"user": "sveggiani",
		"body": "Heres mine on ST 2.0.2, Windows 8:\n\n{\n      \"auto_upgrade\": false,\n      \"auto_upgrade_last_run\": null,\n      \"installed_packages\":\n      [\n        \"Alignment\",\n        \"BracketHighlighter\",\n        \"CanISwitchToSublimeText3\",\n        \"ChangeQuotes\",\n        \"Ciapre Color Scheme\",\n        \"Clay Schubiner Color Schemes\",\n        \"CSS Color Converter\",\n        \"CSS Media Query Snippets\",\n        \"CSSTidy\",\n        \"DataConverter\",\n        \"Dayle Rees Color Schemes\",\n        \"DocBlockr\",\n        \"Doctypes\",\n        \"EditorConfig\",\n        \"Emmet\",\n        \"FavoriteFiles\",\n        \"FindKeyConflicts\",\n        \"Git\",\n        \"GitGutter\",\n        \"Goto-CSS-Declaration\",\n        \"GotoOpenFile\",\n        \"Help\",\n        \"HTML5\",\n        \"HtmlTidy\",\n        \"Http Requester\",\n        \"JavaScript Patterns\",\n        \"JsMinifier\",\n        \"KeymapManager\",\n        \"Laravel Blade Highlighter\",\n        \"LESS\",\n        \"List LESS Variables\",\n        \"Markdown Preview\",\n        \"Monokai Extended\",\n        \"Nettuts+ Fetch\",\n        \"Open Folder\",\n        \"Origami\",\n        \"Package Control\",\n        \"Placeholders\",\n        \"Prefixr\",\n        \"ReadmePlease\",\n        \"SFTP\",\n        \"SideBarEnhancements\",\n        \"SideBarGit\",\n        \"StringEncode\",\n        \"sublime-csspecific\",\n        \"SublimeCakePHP\",\n        \"SublimeLinter\",\n        \"SublimeTODO\",\n        \"Surround\",\n        \"Terminal\",\n        \"Theme - Flatland\",\n        \"Theme - Soda\",\n        \"TrailingSpaces\",\n        \"Ublime Color Schemes\",\n        \"URLEncode\",\n        \"WebExPert - ColorScheme\"\n      ],\n      \"repositories\":\n      [\n        \"https://github.com/openam/SublimeCakePHP\"\n      ]\n    }\ns mine on ST 2.0.2, Windows 8:\n\n{\n      \"auto_upgrade\": false,\n      \"auto_upgrade_last_run\": null,\n      \"installed_packages\":\n      [\n        \"Alignment\",\n        \"BracketHighlighter\",\n        \"CanISwitchToSublimeText3\",\n        \"ChangeQuotes\",\n        \"Ciapre Color Scheme\",\n        \"Clay Schubiner Color Schemes\",\n        \"CSS Color Converter\",\n        \"CSS Media Query Snippets\",\n        \"CSSTidy\",\n        \"DataConverter\",\n        \"Dayle Rees Color Schemes\",\n        \"DocBlockr\",\n        \"Doctypes\",\n        \"EditorConfig\",\n        \"Emmet\",\n        \"FavoriteFiles\",\n        \"FindKeyConflicts\",\n        \"Git\",\n        \"GitGutter\",\n        \"Goto-CSS-Declaration\",\n        \"GotoOpenFile\",\n        \"Help\",\n        \"HTML5\",\n        \"HtmlTidy\",\n        \"Http Requester\",\n        \"JavaScript Patterns\",\n        \"JsMinifier\",\n        \"KeymapManager\",\n        \"Laravel Blade Highlighter\",\n        \"LESS\",\n        \"List LESS Variables\",\n        \"Markdown Preview\",\n        \"Monokai Extended\",\n        \"Nettuts+ Fetch\",\n        \"Open Folder\",\n        \"Origami\",\n        \"Package Control\",\n        \"Placeholders\",\n        \"Prefixr\",\n        \"ReadmePlease\",\n        \"SFTP\",\n        \"SideBarEnhancements\",\n        \"SideBarGit\",\n        \"StringEncode\",\n        \"sublime-csspecific\",\n        \"SublimeCakePHP\",\n        \"SublimeLinter\",\n        \"SublimeTODO\",\n        \"Surround\",\n        \"Terminal\",\n        \"Theme - Flatland\",\n        \"Theme - Soda\",\n        \"TrailingSpaces\",\n        \"Ublime Color Schemes\",\n        \"URLEncode\",\n        \"WebExPert - ColorScheme\"\n      ],\n      \"repositories\":\n      [\n        \"https://github.com/openam/SublimeCakePHP\"\n      ]\n    }\n"
	},
	{
		"user": "majman",
		"body": "Same issue here\n"
	},
	{
		"user": "chipotle",
		"body": "Oops. Ahem. I updated the gist to show the user preferences instead.\n\nhttps://gist.github.com/chipotle/9b8326490eea427131a3\n"
	},
	{
		"user": "ahmedelgabri",
		"body": "``` json\n{\n    \"auto_upgrade_last_run\": null,\n    \"debug\": true,\n    \"git_binary\": \"/usr/local/bin/git\",\n    \"ignore_vcs_packages\": false,\n    \"installed_packages\":\n    [\n        \"Alignment\",\n        \"ApacheConf.tmLanguage\",\n        \"ApplySyntax\",\n        \"AutoFileName\",\n        \"Bower\",\n        \"BracketHighlighter\",\n        \"CoffeeScript\",\n        \"Color Highlighter\",\n        \"ColorPick\",\n        \"DocBlockr\",\n        \"Dotfiles Syntax Highlighting\",\n        \"EJS\",\n        \"Emmet\",\n        \"ERB Snippets\",\n        \"Gist\",\n        \"Git Config\",\n        \"Haml\",\n        \"Handlebars\",\n        \"HTML-CSS-JS Prettify\",\n        \"Jade\",\n        \"jQuery\",\n        \"JS2Coffee\",\n        \"JsFormat\",\n        \"JSON to CSV Converter\",\n        \"LESS\",\n        \"Levels\",\n        \"Liquid\",\n        \"LiveStyle\",\n        \"MaxPane\",\n        \"Origami\",\n        \"Package Control\",\n        \"PHP-Twig\",\n        \"ruby-slim.tmbundle\",\n        \"SideBarEnhancements\",\n        \"Stylus\",\n        \"SublimeLinter\",\n        \"SublimeTODO\",\n        \"Syntax Highlighting for Sass\",\n        \"Tag\",\n        \"TernJS\",\n        \"Theme - Flatland\",\n        \"Theme - Soda\",\n        \"TrailingSpaces\",\n        \"Worksheet\"\n    ],\n    \"repositories\":\n    [\n        \"https://github.com/Anomareh/PHP-Twig.tmbundle\"\n    ]\n}\n\n```\n"
	},
	{
		"user": "wbond",
		"body": "Ive determined this is an issue only for users with many packages. :-) There is a recursive bug where a list is being extended by itself on each package install operation, which eventually leads to exhausting available memory.\nve determined this is an issue only for users with many packages. :-) There is a recursive bug where a list is being extended by itself on each package install operation, which eventually leads to exhausting available memory.\n"
	},
	{
		"user": "wbond",
		"body": "Please take the time to either use `Add Repository` and add `https://sublime.wbond.net/prerelease/packages.json` or manually download https://sublime.wbond.net/prerelease/Package%20Control.sublime-package and put it in your `Installed Packages/` folder.\n\nThis version, `2.0.1-beta1`, should fix this bug.\n"
	},
	{
		"user": "FichteFoll",
		"body": "Ive since reduced my amount of packages (actually just after posting the list here because the size of the list actually surprised me) by removing those I never really use. Furthermore, I haven't been able to recreate this issue once (since I rarely get to update this many packages) so I guess installing won't help much.\nve since reduced my amount of packages (actually just after posting the list here because the size of the list actually surprised me) by removing those I never really use. Furthermore, I havent been able to recreate this issue once (since I rarely get to update this many packages) so I guess installing won't help much.\nt been able to recreate this issue once (since I rarely get to update this many packages) so I guess installing wont help much.\nt help much.\n"
	},
	{
		"user": "wbond",
		"body": "Well, anyone who can help test `2.0.1-beta1`, before I push it out to the everyone else, is much appreciated!\n"
	},
	{
		"user": "mbi",
		"body": "I also had this issue. Testing `2.0.1-beta1` now and I could \"Upgrade/Overwrite all packages\", my packages didnt land in `ignored_packages` and no beachball either. @wbond anything specific you would like me to test?\nt land in `ignored_packages` and no beachball either. @wbond anything specific you would like me to test?\n"
	},
	{
		"user": "ahmedelgabri",
		"body": "Same here as @mbi tested `2.0.1-beta1` & its working with no problems now.\n\n**Edit:** after restarting sublime & trying to upgrade again I got these.\n![screen shot 2013-08-15 at 11 45 54 am](https://f.cloud.github.com/assets/63876/967573/2e077740-057e-11e3-9893-c12ba52a4031.png)\ns working with no problems now.\n\n**Edit:** after restarting sublime & trying to upgrade again I got these.\n![screen shot 2013-08-15 at 11 45 54 am](https://f.cloud.github.com/assets/63876/967573/2e077740-057e-11e3-9893-c12ba52a4031.png)\n"
	},
	{
		"user": "FichteFoll",
		"body": "Had to think for a while why the package wasnt updated until I remembered the `\"install_prereleases\": false` setting. Anyway, seems like that's working.\nNo problems so far.\nt updated until I remembered the `\"install_prereleases\": false` setting. Anyway, seems like thats working.\nNo problems so far.\ns working.\nNo problems so far.\n"
	}
	]
}