{
	"url": "https://api.github.com/repos/SublimeText/Origami/issues/8",
	"html_url": "https://github.com/SublimeText/Origami/issues/8",
	"title": "Tab Drag Crash",
	"user": "facelessuser",
	"labels": [
		{
			"name": "bug"
		}
	],
	"body": "Dragging tabs with Origami enabled causes ST2 Crash.\n",
	"comments": 31,
	"comments_content": [
	{
		"user": "adzenith",
		"body": "I cant repro this... what system do you have?\nt repro this... what system do you have?\n"
	},
	{
		"user": "facelessuser",
		"body": "Mac.  If I disable oragami no more crash.  If you cant reproduce it, I might try and dig into it.  I will try it out on windows, but I think some more people in the forum were also experiencing this.\nt reproduce it, I might try and dig into it.  I will try it out on windows, but I think some more people in the forum were also experiencing this.\n"
	},
	{
		"user": "adzenith",
		"body": "Ah, I see—you have to focus the sidebar. Damn.\n"
	},
	{
		"user": "facelessuser",
		"body": "It seems to be a problem with the on_activate event in the inactive_pane.py.  I will try and trace it back to the source.\n"
	},
	{
		"user": "adzenith",
		"body": "Should be fixed now!\n"
	},
	{
		"user": "facelessuser",
		"body": "It is...but now I am having some odd issues now where views are staying dimmed on activation.\n\nA side note, you should avoid widget views, My input views in the console are getting dimmed :smiley: .\n"
	},
	{
		"user": "adzenith",
		"body": "Yeah, I screwed it up.\nAlso, I dont know how to tell if something is a widget from a plugin... keybindings can do it, but I didn't see a view attribute that lets me tell. Do you know?\nt know how to tell if something is a widget from a plugin... keybindings can do it, but I didnt see a view attribute that lets me tell. Do you know?\nt see a view attribute that lets me tell. Do you know?\n"
	},
	{
		"user": "BoundInCode",
		"body": "`view.settings().get(is_widget')`\nis_widget)`\n)`\n"
	},
	{
		"user": "facelessuser",
		"body": "I got some fixes coming.\n"
	},
	{
		"user": "adzenith",
		"body": "I tried view.settings().get(is_widget') in my console and it returned None... is this a None/True type of thing?\nis_widget) in my console and it returned None... is this a None/True type of thing?\n) in my console and it returned None... is this a None/True type of thing?\n"
	},
	{
		"user": "facelessuser",
		"body": "Check out my pull request.  It seems to solve the drag issue in a non-destructive way.  Also there was an issue  with themes.  I was getting some panes not dimmed proper.  This makes oragami usable for me again.\n"
	},
	{
		"user": "facelessuser",
		"body": "Crap no it doesnt.  Maybe we need to add the settimeout again.\nt.  Maybe we need to add the settimeout again.\n"
	},
	{
		"user": "facelessuser",
		"body": "The theme fix is good, but the tab thing is tricky, even if I go back to what you had before.  I can still trigger a drag error, just not always the first time.\n"
	},
	{
		"user": "facelessuser",
		"body": "Also the widget fix I added works.\n"
	},
	{
		"user": "adzenith",
		"body": "Ok, lemme pull what you have. I cant figure out a way to make the plugin work while also allowing tab-drags. :(\nt figure out a way to make the plugin work while also allowing tab-drags. :(\n"
	},
	{
		"user": "adzenith",
		"body": "Sorry, can you send another pull request?\n"
	},
	{
		"user": "facelessuser",
		"body": "I will.  I will remove the other stuff.  We will figure out tab drags eventually.  There seems to be some kind of weird interaction that I just cant figure out yet.  I don't have too much time to look at it right now.\n\nLet me get another pull request going with the widget and theme fix.\nt figure out yet.  I dont have too much time to look at it right now.\n\nLet me get another pull request going with the widget and theme fix.\nt have too much time to look at it right now.\n\nLet me get another pull request going with the widget and theme fix.\n"
	},
	{
		"user": "adzenith",
		"body": "Thanks a lot!\n"
	},
	{
		"user": "adzenith",
		"body": "Ok I reverted the head commit because it broke highlighting even though it fixed tab-dragging. I dunno what to do... maybe Ill just take this whole thing out of Origami.\nll just take this whole thing out of Origami.\n"
	},
	{
		"user": "facelessuser",
		"body": "Yeah.  I am close, just not there yet.\n"
	},
	{
		"user": "adzenith",
		"body": "Ok cool. I also just changed it to disable dimming by default.\n"
	},
	{
		"user": "facelessuser",
		"body": "I have a real fix.\n"
	},
	{
		"user": "adzenith",
		"body": "Woah sweet, really? Im excited to see it!\nm excited to see it!\n"
	},
	{
		"user": "facelessuser",
		"body": "Pull has been requested.  Looks like you got something in before me, so it wont merge clean, but I don't have time to re-factor.  Hopefully what you last merged is real simple.\nt merge clean, but I dont have time to re-factor.  Hopefully what you last merged is real simple.\nt have time to re-factor.  Hopefully what you last merged is real simple.\n"
	},
	{
		"user": "adzenith",
		"body": "Yeah, its super simple. I'll merge it. Thanks a ton!\ns super simple. Ill merge it. Thanks a ton!\nll merge it. Thanks a ton!\n"
	},
	{
		"user": "facelessuser",
		"body": "On merge, I noticed you set the deactivate and activate timeout to the same value.  When these are the same, I get crashes on my Mac when I try to drag an inactive tab.  That is why I set deactivated to zero and activated to something else in the pull request.  Where you experiencing an issue you were trying to resolve by setting them the same or were you just not seeing an issue when they were the same on your computer?\n\nEDIT: Correction.  It can crash either way.  It is just more difficult now either way.  So I dont think it matters that you changed it.  The bug still exists, but the fix we put in makes it harder for it to pop up.\n\nWhen I increase the delay on my Mac to 300 all seems better.  We should expose this setting in the settings file.\nt think it matters that you changed it.  The bug still exists, but the fix we put in makes it harder for it to pop up.\n\nWhen I increase the delay on my Mac to 300 all seems better.  We should expose this setting in the settings file.\n"
	},
	{
		"user": "FichteFoll",
		"body": "I only managed to crash ST once with a delay of 0, can not really reproduce except that I enabled the tabs and wanted to move an inactive but visible tab to another group.\n Im usually not using tabs (or groups) and do everything in the sidebar.\nm usually not using tabs (or groups) and do everything in the sidebar.\n"
	},
	{
		"user": "facelessuser",
		"body": "I can only reproduce it occasionally.  The best current solution is to expose the delay and allow users to configure it for stability.  In my case, on my Mac, 300 is more stable.  At work, 150 seemed fine.\n\nThe real solution is for Jon to fix issues with the deactivate and activate events.\n"
	},
	{
		"user": "adzenith",
		"body": "I think this whole thing with the timeouts is unfortunately hugely machine-dependent. I made activate and deactivate have the same timeout cause on my machine it looks good and doesnt crash. We could change it back in the repo, but I think that facelessuser has the right idea that we should just wait for a real fix. \nt crash. We could change it back in the repo, but I think that facelessuser has the right idea that we should just wait for a real fix. \n"
	},
	{
		"user": "facelessuser",
		"body": "No.  It didnt maka a difference as zero for me after more testing.  I think exposing the value in in pull request #11 will be sufficient. \nt maka a difference as zero for me after more testing.  I think exposing the value in in pull request #11 will be sufficient. \n"
	}
	]
}