{
	"url": "https://api.github.com/repos/subhaze/CSS-Extended/issues/24",
	"html_url": "https://github.com/subhaze/CSS-Extended/issues/24",
	"title": "Sublimetext break down...",
	"user": "PixelT",
	"labels": [
		{
			"name": "bug"
		}
	],
	"body": "Plugin breakes editor - when I save file or add files to cache, the editor stop working (no response...). I have this situation since 3 days - before everything worked....\n",
	"comments": 25,
	"comments_content": [
	{
		"user": "subhaze",
		"body": "https://github.com/subhaze/CSS-Extended#issue-reporting\n"
	},
	{
		"user": "PixelT",
		"body": "- Build 3062\n- Windows 8\n- No error in console (only info in bottom bar: CSS Extended: parsing file 4 of 6, end they stopped... + breakdown SublimeText...\n"
	},
	{
		"user": "subhaze",
		"body": "Hmm...\n\nIn the console it should print what file it is parsing, would it be possible for you to check and see which file and send me that?\n\nUnderstandable if you cant send the file, but, it would help greatly in seeing the file that's blowing up and run it locally on my machine.\n\nIf you can't provide the file, could you provide information on whether it's CSS/LESS/SCSS and if it's minified and the file size.\n\nThanks!\nt send the file, but, it would help greatly in seeing the file thats blowing up and run it locally on my machine.\n\nIf you can't provide the file, could you provide information on whether it's CSS/LESS/SCSS and if it's minified and the file size.\n\nThanks!\ns blowing up and run it locally on my machine.\n\nIf you cant provide the file, could you provide information on whether it's CSS/LESS/SCSS and if it's minified and the file size.\n\nThanks!\nt provide the file, could you provide information on whether its CSS/LESS/SCSS and if it's minified and the file size.\n\nThanks!\ns CSS/LESS/SCSS and if its minified and the file size.\n\nThanks!\ns minified and the file size.\n\nThanks!\n"
	},
	{
		"user": "PixelT",
		"body": "I upload it on dropbox - this is my startup template.\nWhen I write something in index.php and next save, then crashed...\nhttps://www.dropbox.com/s/o4cv6w8s4m0iif3/start.zip\n"
	},
	{
		"user": "subhaze",
		"body": "Thanks!\n\nIll try to look into this over the weekend.\nll try to look into this over the weekend.\n"
	},
	{
		"user": "PixelT",
		"body": "Hi @subhaze,\n\nsome news about it? :)\n"
	},
	{
		"user": "subhaze",
		"body": "When I wrote that I forgot that this weekend was my birthday weekend... So... didnt get to this :/ but, it is on my radar. I'll update this ticket as soon as I have some info to share with ya.\nt get to this :/ but, it is on my radar. Ill update this ticket as soon as I have some info to share with ya.\nll update this ticket as soon as I have some info to share with ya.\n"
	},
	{
		"user": "subhaze",
		"body": "@PixelT A small update, not really helpful right now, but figured it was worth mentioning.\n\nIve DLed the files attached, thanks on that, and tested on my main machine with no issues, however, it's OSX. So my next step will be getting a Windows 8 VM setup and testing on it and see if I can replicate the behavior you've described.\nve DLed the files attached, thanks on that, and tested on my main machine with no issues, however, its OSX. So my next step will be getting a Windows 8 VM setup and testing on it and see if I can replicate the behavior you've described.\ns OSX. So my next step will be getting a Windows 8 VM setup and testing on it and see if I can replicate the behavior youve described.\nve described.\n"
	},
	{
		"user": "ghost",
		"body": "Same issue on the same operating system. As soon as i add a css file to cache im greeted with the error popup \"plugin_host has exited unexpectedly, plugin functionality won't be available until Sublime Text has been restarted\" and all the other installed plugins stop working as well.\nm greeted with the error popup \"plugin_host has exited unexpectedly, plugin functionality wont be available until Sublime Text has been restarted\" and all the other installed plugins stop working as well.\nt be available until Sublime Text has been restarted\" and all the other installed plugins stop working as well.\n"
	},
	{
		"user": "subhaze",
		"body": "I grabbed the latest VM of Windows 8 on modern.ie and tested out the attached .zip project and was unable to replicate this issue. Unfortunately all the projects Ive worked on with this plugin haven't caused this issue either so I've hit a road block on trying to pinpoint where the issue is arising.\nve worked on with this plugin havent caused this issue either so I've hit a road block on trying to pinpoint where the issue is arising.\nt caused this issue either so Ive hit a road block on trying to pinpoint where the issue is arising.\nve hit a road block on trying to pinpoint where the issue is arising.\n"
	},
	{
		"user": "ctf0",
		"body": "currently have the same problem ,it was working just fine till last night ,opening any file cuz ST to freeze ,OSX 10.9 + ST 3062\n"
	},
	{
		"user": "subhaze",
		"body": "Hmm... Im thinking this \"might\" be due to the last update I made via modifying files so that ST 3 would apply syntax to larger/minified CSS files.\n\n@ctf0 did this just happen randomly or did you add any CSS framework/concat lots of CSS files into one/etc... ?\nm thinking this \"might\" be due to the last update I made via modifying files so that ST 3 would apply syntax to larger/minified CSS files.\n\n@ctf0 did this just happen randomly or did you add any CSS framework/concat lots of CSS files into one/etc... ?\n"
	},
	{
		"user": "ctf0",
		"body": "@subhaze at first it started when opening less file ,then i tried with html ,then tried with simply creating a plain new file.\n"
	},
	{
		"user": "subhaze",
		"body": "@ctf0 @jilves \n\nWould it be possible to list your other plugins installed?\n"
	},
	{
		"user": "ghost",
		"body": "This is my current setup:\n\n```\n    \"Anaconda\",\n    \"Autocomplete Javascript with Method Signature\",\n    \"Better Completion\",\n    \"Cython+\",\n    \"DocBlockr\",\n    \"Emmet\",\n    \"Git\",\n    \"GitGutter\",\n    \"GoSublime\",\n    \"JavaScript Console\",\n    \"JSHint\",\n    \"Python 3\",\n    \"Python Improved\",\n    \"Razor\",\n    \"scriptcs\",\n    \"SublimeCodeIntel\",\n    \"SublimeREPL\"\n```\n"
	},
	{
		"user": "ctf0",
		"body": "its rather big :( but here they are.\n\"AdvancedNewFile\",\n            \"Alignment\",\n            \"AutoFileName\",\n            \"BoundKeys\",\n            \"BracketHighlighter\",\n            \"ChangeList\",\n            \"Clickable URLs\",\n            \"Color Highlighter\",\n            \"Colorcoder\",\n            \"CSS Primer\",\n            \"CSSLint\",\n            \"DictionaryAutoComplete\",\n            \"DocBlockr\",\n            \"Emmet\",\n            \"Emmet Style Reflector\",\n            \"ExpandRegion\",\n            \"File History\",\n            \"FileBinder\",\n            \"FileDiffs\",\n            \"FindKeyConflicts\",\n            \"Goto-CSS-Declaration\",\n            \"GoToLastEdit\",\n            \"Hayaku - tools for writing CSS faster\",\n            \"Highlight-Changes\",\n            \"HighlightWords\",\n            \"jQuery\",\n            \"Keymaps\",\n            \"LESS\",\n            \"MaxPane\",\n            \"MoveText\",\n            \"MultiEditUtils\",\n            \"MultiFill\",\n            \"NFO\",\n            \"Origami\",\n            \"PackageResourceViewer\",\n            \"Pane Resizer\",\n            \"PlatformSettings\",\n            \"PowerCursors\",\n            \"PxToEm\",\n            \"Reindent on save\",\n            \"REM PX\",\n            \"Sass\",\n            \"Scroll Other Pane\",\n            \"SCSS\",\n            \"SelectNextNumber\",\n            \"SelectUntil\",\n            \"SideBarEnhancements\",\n            \"SnippetMaker\",\n            \"Sublime Bookmarks\",\n            \"SublimeCodeIntel\",\n            \"SublimeSuperSelect\",\n            \"Surround\",\n            \"Swap Selections\",\n            \"Sync View Scroll\",\n            \"SyncedSideBar\",\n"
	},
	{
		"user": "subhaze",
		"body": "Thanks!\n"
	},
	{
		"user": "subhaze",
		"body": "More details on this issue http://www.sublimetext.com/forum/viewtopic.php?f=3&t=16472&p=62048#p62048\n"
	},
	{
		"user": "SecureCloud-biz",
		"body": "I know this is closed, but I just wanted to say that I also am having the same problem.. (multiple days), i actually just looked it up, normally i just close and re-start ST3.. then good for a bit, or longer.. depends.\n\nSame issue on the WINDOWS 7 x64 operating system. As soon as i add a file with the error popup \"plugin_host has exited unexpectedly, plugin functionality wont be available until Sublime Text has been restarted\" and all the other installed plugins stop working as well.\n\none thing i did notice, i dont know if this helps.. but on the ST3 taskbar, it said \"CSS Extended: parsing file 28 of 39\", and it was counting up.. 29 of 39.. you get the idea.. I think if you do anything while that \"count\", \"cache\", \"parse[ing]\" whatever it is, you get a plug-in error..  not sure if this narrows it down any.. i dont wanna have to un-install this plug-in.. but i dont wanna keep re-starting ST3 all the time...\n\nalso i notice on:\nhttp://www.sublimetext.com/forum/viewtopic.php?f=3&t=16472&p=62048#p62048\n\nit says these plug-ins...\n\n{\n   \"installed_packages\":\n   [\n      \"Better CoffeeScript\",\n      \"Clickable URLs\",\n      \"CSS Extended Completions\"\n   ]}\n\ni DONT use \"Better CoffeeScript\", or \"Clickable URLs\", just wanted to state that... but i have a TON of other plug-ins.. it could be some compatibility issues with another plug-in... BUT... like i said.. i think it has something to do with the parsing \"CSS Extended: parsing file 28 of 39\", and it was counting up.. 29 of 39.. and interrupting it while that is happening.\n\n![cssextendederror](https://cloud.githubusercontent.com/assets/3022193/4003305/6fcfcb16-2975-11e4-905a-319a73ccdb41.png)\n\ninfo@securecloud.biz\nt be available until Sublime Text has been restarted\" and all the other installed plugins stop working as well.\n\none thing i did notice, i dont know if this helps.. but on the ST3 taskbar, it said \"CSS Extended: parsing file 28 of 39\", and it was counting up.. 29 of 39.. you get the idea.. I think if you do anything while that \"count\", \"cache\", \"parse[ing]\" whatever it is, you get a plug-in error..  not sure if this narrows it down any.. i dont wanna have to un-install this plug-in.. but i dont wanna keep re-starting ST3 all the time...\n\nalso i notice on:\nhttp://www.sublimetext.com/forum/viewtopic.php?f=3&t=16472&p=62048#p62048\n\nit says these plug-ins...\n\n{\n   \"installed_packages\":\n   [\n      \"Better CoffeeScript\",\n      \"Clickable URLs\",\n      \"CSS Extended Completions\"\n   ]}\n\ni DONT use \"Better CoffeeScript\", or \"Clickable URLs\", just wanted to state that... but i have a TON of other plug-ins.. it could be some compatibility issues with another plug-in... BUT... like i said.. i think it has something to do with the parsing \"CSS Extended: parsing file 28 of 39\", and it was counting up.. 29 of 39.. and interrupting it while that is happening.\n\n![cssextendederror](https://cloud.githubusercontent.com/assets/3022193/4003305/6fcfcb16-2975-11e4-905a-319a73ccdb41.png)\n\ninfo@securecloud.biz\n"
	},
	{
		"user": "subhaze",
		"body": "@SecureCloud-biz Thanks for the info, would the files youre working with happen to be publicly available for me to test on. It seems like there are some files that are blowing when the index cache is being built.\nre working with happen to be publicly available for me to test on. It seems like there are some files that are blowing when the index cache is being built.\n"
	},
	{
		"user": "SecureCloud-biz",
		"body": "sorry, you commented so quick.. i was editing above.. look at image i uploaded, i am almost positive thats where the error lies.. interrupting that process.. please re-read my above post with additions.\n"
	},
	{
		"user": "SecureCloud-biz",
		"body": "i dont think its the files... but i will tell you what i have going on, i have 2 groups open so i can see files side by side.. i have 5 files open on left side ([3]- .php files and [2]- untitled), on the right side 8 files open.. ([3]- untitled testing files to hold notes, i havent touched them in a while.. [4]- php files, and [1] html5 file).. it was a template file i was looking at.. i went to:\nhttp://www.freeformatter.com/html-formatter.html\n\nand i pasted code from ST3 into web page to format it.. then pasted it back in, and it starts automatically \"parsing\" now if i hit \"CTRL+S\" during that or change tabs.. it causes the error.. i find you have to wait until its done..\n\nisnt there a way to put it on another thread, or if it detects change to start a re-parse automatically without  error?\n\ni noticed \"plugin_host\" sometimes KILLS my memory.. i have 8 gigs on my laptop, and that file sometime consumes 450,000K (in Processes tab).. i have to kill it & reopen.. but i think the underlying culprit is this CSS Extended.. causing it to mem-leak... which in turn Chrome has a competition eating memory, im using 5.02 gig memory as i write this.. and the only thing i have open is ST3, 1 chrome window with 25 tabs open.. (lol i know).. and Uniform Server like xampp for localhost.. i have nothing else running or open..  and normally it's not this high...\n\ni'm just trying to help you narrow this down.\nm using 5.02 gig memory as i write this.. and the only thing i have open is ST3, 1 chrome window with 25 tabs open.. (lol i know).. and Uniform Server like xampp for localhost.. i have nothing else running or open..  and normally its not this high...\n\ni'm just trying to help you narrow this down.\ns not this high...\n\nim just trying to help you narrow this down.\nm just trying to help you narrow this down.\n"
	},
	{
		"user": "SecureCloud-biz",
		"body": "### Just wanted to give an update... SOLUTION TO REPRODUCE !\n\nYes its definitely this:\n\n![Image of CSSEntended_Error](https://cloud.githubusercontent.com/assets/3022193/4003305/6fcfcb16-2975-11e4-905a-319a73ccdb41.png)\n\nlike i said above.. I was working on a plain old PHP File, I hit CTRL+S to save, then it starts\ncounting in taskbar after a second (like image above) - parsing \"CSS Extended: parsing file 28 of 39\", and it was counting up.. 29 of 39.. and interrupting it while that is happening.. then error.\n\n**REPRODUCE ERROR:** If you hit CTRL+S to save, let it start counting, then hit CTRL+S to save AGAIN, you will get a \"plugin_host\" error..  -OR-  Just get it to start counting again & hit CTRL+S.\n\n**SOLUTION:** You _HAVE_ to wait for it to finish counting up (or parsing)\n\n@subhaze , Since you are the author, maybe you could check your code to see if you can add a condition that if the parse gets interrupted, to wait & re-start ?, not error out..\n\nSecureCloud\ns definitely this:\n\n![Image of CSSEntended_Error](https://cloud.githubusercontent.com/assets/3022193/4003305/6fcfcb16-2975-11e4-905a-319a73ccdb41.png)\n\nlike i said above.. I was working on a plain old PHP File, I hit CTRL+S to save, then it starts\ncounting in taskbar after a second (like image above) - parsing \"CSS Extended: parsing file 28 of 39\", and it was counting up.. 29 of 39.. and interrupting it while that is happening.. then error.\n\n**REPRODUCE ERROR:** If you hit CTRL+S to save, let it start counting, then hit CTRL+S to save AGAIN, you will get a \"plugin_host\" error..  -OR-  Just get it to start counting again & hit CTRL+S.\n\n**SOLUTION:** You _HAVE_ to wait for it to finish counting up (or parsing)\n\n@subhaze , Since you are the author, maybe you could check your code to see if you can add a condition that if the parse gets interrupted, to wait & re-start ?, not error out..\n\nSecureCloud\n"
	},
	{
		"user": "subhaze",
		"body": "@SecureCloud-biz Thanks for the extra details.\n"
	},
	{
		"user": "subhaze",
		"body": "So far Ive found that ST will blow up on code that's in the format:\n\n``` css\n.some-class-here  /* some comments here*/\n,.some-class-here /* some comments here*/\n,.some-class-here /* some comments here*/\n,.some-class-here /* some comments here*/\n{\n\n}\n```\n\nAs well as in LESS files that has `)}` with no space, so... I add in a space `) }` and it works fine...\nve found that ST will blow up on code thats in the format:\n\n``` css\n.some-class-here  /* some comments here*/\n,.some-class-here /* some comments here*/\n,.some-class-here /* some comments here*/\n,.some-class-here /* some comments here*/\n{\n\n}\n```\n\nAs well as in LESS files that has `)}` with no space, so... I add in a space `) }` and it works fine...\ns in the format:\n\n``` css\n.some-class-here  /* some comments here*/\n,.some-class-here /* some comments here*/\n,.some-class-here /* some comments here*/\n,.some-class-here /* some comments here*/\n{\n\n}\n```\n\nAs well as in LESS files that has `)}` with no space, so... I add in a space `) }` and it works fine...\n"
	}
	]
}