{
	"url": "https://api.github.com/repos/tflori/angular-translator/issues/46",
	"html_url": "https://github.com/tflori/angular-translator/issues/46",
	"title": "Build issue with angular 4.2.3",
	"user": "BorntraegerMarc",
	"labels": [
		{
			"name": "angular update"
		},
		{
			"name": "bug"
		}
	],
	"body": "When I run `ng build` with angular 4.2.3 then I get the following error:\r\n```\r\nHash: 657aa3bb4f96faf4a576\r\nTime: 24526ms\r\nchunk    {0} polyfills.bundle.js, polyfills.bundle.js.map (polyfills) 160 kB {4} [initial] [rendered]\r\nchunk    {1} main.bundle.js, main.bundle.js.map (main) 244 kB {3} [initial] [rendered]\r\nchunk    {2} styles.bundle.js, styles.bundle.js.map (styles) 10.5 kB {4} [initial] [rendered]\r\nchunk    {3} vendor.bundle.js, vendor.bundle.js.map (vendor) 3.5 MB [initial] [rendered]\r\nchunk    {4} inline.bundle.js, inline.bundle.js.map (inline) 0 bytes [entry] [rendered]\r\n\r\nERROR in D:/projects/komed-health-web/node_modules/angular-translator/src/TranslatorConfig.ts (64,34): Supplied parameters do not match any signature of call target.\r\n\r\nERROR in D:/projects/komed-health-web/node_modules/angular-translator/src/TranslatorConfig.ts (134,34): Supplied parameters do not match any signature of call target.\r\n```\r\n\r\nHere is my full package.json dependencies:\r\n```\r\n  \"dependencies\": {\r\n    \"@angular/animations\": \"4.2.3\",\r\n    \"@angular/common\": \"4.2.3\",\r\n    \"@angular/compiler\": \"4.2.3\",\r\n    \"@angular/core\": \"4.2.3\",\r\n    \"@angular/forms\": \"4.2.3\",\r\n    \"@angular/http\": \"4.2.3\",\r\n    \"@angular/platform-browser\": \"4.2.3\",\r\n    \"@angular/platform-browser-dynamic\": \"4.2.3\",\r\n    \"@angular/platform-server\": \"4.2.3\",\r\n    \"@angular/router\": \"4.2.3\",\r\n    \"@angular/service-worker\": \"1.0.0-beta.16\",\r\n    \"@codebakery/origami\": \"1.2.2\",\r\n    \"@types/socket.io-client\": \"1.4.29\",\r\n    \"angular-translator\": \"2.1.0\",\r\n    \"core-js\": \"2.4.1\",\r\n    \"rollup\": \"0.43.0\",\r\n    \"rollup-plugin-commonjs\": \"8.0.2\",\r\n    \"rollup-plugin-node-resolve\": \"3.0.0\",\r\n    \"rxjs\": \"5.4.1\",\r\n    \"tributejs\": \"2.3.7\",\r\n    \"zone.js\": \"0.8.12\"\r\n  },\r\n  \"devDependencies\": {\r\n    \"@angular/cli\": \"1.1.2\",\r\n    \"@angular/compiler-cli\": \"4.2.3\",\r\n    \"@types/jasmine\": \"2.5.52\",\r\n    \"@types/node\": \"8.0.0\",\r\n    \"codelyzer\": \"3.0.1\",\r\n    \"cpr\": \"2.1.0\",\r\n    \"jasmine-core\": \"2.6.4\",\r\n    \"jasmine-spec-reporter\": \"4.1.0\",\r\n    \"karma\": \"1.7.0\",\r\n    \"karma-chrome-launcher\": \"2.1.1\",\r\n    \"karma-cli\": \"1.0.1\",\r\n    \"karma-coverage-istanbul-reporter\": \"1.3.0\",\r\n    \"karma-jasmine\": \"1.1.0\",\r\n    \"karma-jasmine-html-reporter\": \"0.2.2\",\r\n    \"polymer-cli\": \"1.2.0\",\r\n    \"protractor\": \"5.1.2\",\r\n    \"rimraf\": \"2.6.1\",\r\n    \"ts-node\": \"3.0.6\",\r\n    \"tslint\": \"5.4.3\",\r\n    \"typescript\": \"2.3.4\"\r\n  }\r\n```",
	"comments": 16,
	"comments_content": [
	{
		"user": "BorntraegerMarc",
		"body": "@tflori is it maybe because of an updated typescript version?"
	},
	{
		"user": "BorntraegerMarc",
		"body": "It was really because of angular. After downgrading to 4.1.3 everything worked\r\n\r\n@tflori could you add support for angular 4.2+ ?"
	},
	{
		"user": "tflori",
		"body": "@BorntraegerMarc thanks, for the info. I will fix it (maybe tomorrow morning, maybe today in the evening).. "
	},
	{
		"user": "BorntraegerMarc",
		"body": "@tflori Is there something I can do to help you accelerate the process? We desperately need this..."
	},
	{
		"user": "tflori",
		"body": "Of course! If you have a solution you can create a Pull Request\n\nMarc Bornträger <notifications@github.com> schrieb am Di., 20. Juni 2017,\n18:35:\n\n> @tflori <https://github.com/tflori> Is there something I can do to help\n> you accelerate the process? We desperately need this...\n>\n> —\n> You are receiving this because you were mentioned.\n>\n>\n> Reply to this email directly, view it on GitHub\n> <https://github.com/tflori/angular-translator/issues/46#issuecomment-309815867>,\n> or mute the thread\n> <https://github.com/notifications/unsubscribe-auth/AEoXO9KPpFlJPtp687LmGwKg8acpT653ks5sF_TOgaJpZM4N_JQL>\n> .\n>\n"
	},
	{
		"user": "tflori",
		"body": "https://fossies.org/diffs/angular/4.1.3_vs_4.2.0/packages/compiler/test/pipe_resolver_spec.ts-diff.html\r\n\r\ni just have two problems:\r\n1. I dont know if I can do this on angular 4.1.3 and before\r\n2. I get a timeout from browsers after an npm update when running the testst know if I can do this on angular 4.1.3 and before\r\n2. I get a timeout from browsers after an npm update when running the tests"
	},
	{
		"user": "BorntraegerMarc",
		"body": "@tflori good catch. Maybe you could release a breaking change version 3.0 for this library? Basically the only difference would be a peer dependency of at least angular 4.2.0\r\n\r\nMy guess is that most of the developers wont have problems to upgrade the code from 4.1.3 to 4.2.0...t have problems to upgrade the code from 4.1.3 to 4.2.0..."
	},
	{
		"user": "BorntraegerMarc",
		"body": "Sorry, cant find the time at the moment to help you out with a PR...t find the time at the moment to help you out with a PR..."
	},
	{
		"user": "first87",
		"body": "@tflori  Regarding the issue, it occurs basically on the `TranslatorConfig.ts [64]` in my case.\r\nDid you check this commit:  https://github.com/angular/angular/commit/50abca4583eb54bcab030a708f65ad11058082d9? There are main changes between compiler v4.1.3 and v4.2. As I had a brief look at it, [`JitReflector`](https://github.com/angular/angular/commit/50abca4583eb54bcab030a708f65ad11058082d9#diff-a577584c663e2b6da652fb0256c96773R16) may be the best candidate to pass to the `PipeResolver.constructor`.\r\n\r\nI tried to pass `new JitReflector()` to the `PipeResolver.constructor` and so could pass through compilation, however, I got the following error on my browser.\r\nError: Template parse errors:\r\n```\r\nThe pipe translate' could not be found (\"end-background\">\r\n        <app-toolbar>\r\n            <div ... id=\"title\">{{[ERROR ->]'welcome.title' | translate}}</div>\r\n        </app-toolbar>\r\n    </app-header>\r\n\"):\r\n```\r\nJust hope you get any hint from my attempt and resolve this issue asap.\r\n\r\nThanks.translate could not be found (\"end-background\">\r\n        <app-toolbar>\r\n            <div ... id=\"title\">{{[ERROR ->]'welcome.title' | translate}}</div>\r\n        </app-toolbar>\r\n    </app-header>\r\n\"):\r\n```\r\nJust hope you get any hint from my attempt and resolve this issue asap.\r\n\r\nThanks. could not be found (\"end-background\">\r\n        <app-toolbar>\r\n            <div ... id=\"title\">{{[ERROR ->]welcome.title' | translate}}</div>\r\n        </app-toolbar>\r\n    </app-header>\r\n\"):\r\n```\r\nJust hope you get any hint from my attempt and resolve this issue asap.\r\n\r\nThanks.welcome.title | translate}}</div>\r\n        </app-toolbar>\r\n    </app-header>\r\n\"):\r\n```\r\nJust hope you get any hint from my attempt and resolve this issue asap.\r\n\r\nThanks. | translate}}</div>\r\n        </app-toolbar>\r\n    </app-header>\r\n\"):\r\n```\r\nJust hope you get any hint from my attempt and resolve this issue asap.\r\n\r\nThanks."
	},
	{
		"user": "tflori",
		"body": "@first87 this must be another error. everything working fine on my angular-translator-demo with this change.\r\n\r\ncan both please try `angular-translator@2.1.1-alpha.2`.\r\n\r\nI hope I can get a fix for this breaking change in angular (I will open a PR soon)."
	},
	{
		"user": "BorntraegerMarc",
		"body": "@tflori This fixed the issue! Thanks a lot!"
	},
	{
		"user": "tflori",
		"body": "https://github.com/angular/angular/issues/17653"
	},
	{
		"user": "tflori",
		"body": "I will wait for an answer if we have to create a new version because of this ***ing breaking change that is not even mentioned in the changelog. Really annoying for such a big project like angular."
	},
	{
		"user": "first87",
		"body": "@tflori `angular-translator@2.1.1-alpha.2` works good and it resolved the issue."
	},
	{
		"user": "tflori",
		"body": "@BorntraegerMarc @first87 As my ticket got closed I had to find another solution. And I found one not to make it incompatible with previous version of angular. It is already published under 2.1.1-alpha.4 and I will release after the merge version 2.1.1."
	},
	{
		"user": "BorntraegerMarc",
		"body": "Cool, thx!"
	}
	]
}