{
	"url": "https://api.github.com/repos/aziz/SublimeFileBrowser/issues/48",
	"html_url": "https://github.com/aziz/SublimeFileBrowser/issues/48",
	"title": "crashing on file open",
	"user": "dcsan",
	"labels": [
		{
			"name": "bug"
		}
	],
	"body": "if i hit enter with a file selected, this hangs sublime - tried this twice and had to force-kill, restart.\n\nnext time i used \"o\" to first open the file. this worked fine. now hitting enter also works fine...\n\nnot sure if this is reproducible, since it seemed to fix itself, but ... \n",
	"comments": 15,
	"comments_content": [
	{
		"user": "dcsan",
		"body": "spoke too soon. if i navigate it will crash again.\n\nis there any log file I coould send to help debug? otherwise it seems this plugin is completely broken.\n"
	},
	{
		"user": "vovkkk",
		"body": "I need to know what packages you have\n1. Paste here content of `/Packages/User/Package Control.sublime-settings`\n2. Do you have some other packages (i.e. nondefault and nonPC)? maybe some py files in User, maybe some default plugins were modified?\n3. There is no log file, but you can open console (View → Show Console), so if it contains any errors let me know (ofc I understand that if app freezed you couldn’t copy from console, but even screenshot would be helpful).\n"
	},
	{
		"user": "megadr01d",
		"body": "After dealing with #47 I worked a while with ST and found out it started to freeze and crash as well. Before updating to 0.4.6, I was using 0.4.4 so I traced the issue to be with the new [sidebar features](https://github.com/aziz/SublimeFileBrowser/commit/9fb02af28839dac0b00ac57b0613bc560f70b222) introduced in 0.4.5.  Im not sure if this only happens on OS X.\n\nBesides the freezes and crashes I noticed a couple more bugs with this change:\n- Using the same hotkey to show FileBrowser, when FileBrowser is focused, will close its column as itended but changes the open tabs order on the right cloumn. I have to keep reordering them back\n- If I have FileBrowser open in its own column, in 2 different projects, when quick swicthing a project, the FileBrowser tab is moved to the right column leaving its original column empty. \n\n@dcsan If you're on OS X like me, use version [0.4.4](https://github.com/aziz/SublimeFileBrowser/releases) for now.\n@vovkkk When I get home, I'll post some log messages about this (both ST and OS X console).\nm not sure if this only happens on OS X.\n\nBesides the freezes and crashes I noticed a couple more bugs with this change:\n- Using the same hotkey to show FileBrowser, when FileBrowser is focused, will close its column as itended but changes the open tabs order on the right cloumn. I have to keep reordering them back\n- If I have FileBrowser open in its own column, in 2 different projects, when quick swicthing a project, the FileBrowser tab is moved to the right column leaving its original column empty. \n\n@dcsan If youre on OS X like me, use version [0.4.4](https://github.com/aziz/SublimeFileBrowser/releases) for now.\n@vovkkk When I get home, I'll post some log messages about this (both ST and OS X console).\nre on OS X like me, use version [0.4.4](https://github.com/aziz/SublimeFileBrowser/releases) for now.\n@vovkkk When I get home, Ill post some log messages about this (both ST and OS X console).\nll post some log messages about this (both ST and OS X console).\n"
	},
	{
		"user": "vovkkk",
		"body": "If you replace line 1036 with\n\n``` python\n            sublime.set_timeout(lambda: w.set_view_index(view, 1, 0), 1)\n```\n\ndoes it prevent crashes?\n"
	},
	{
		"user": "megadr01d",
		"body": "> If you replace line 1036 with\n\nI will test this at home and get back to you.\n\n> the purpose is to move files to right column when you open file from Explorer or Finder or create a new one while left column is focused.\n\nI actually like this behavior. Even if `*.sublime-project` files were excluded from this function, sometimes we need to open them directly from Explorer/Finder to edit its contents (instead of actually loading the project) so it wouldnt work. For now, I think it should be left as it is. I can simply move back FileBrowser to its original column with a hotkey or remember to close FileBrowser before switching projects.\nt work. For now, I think it should be left as it is. I can simply move back FileBrowser to its original column with a hotkey or remember to close FileBrowser before switching projects.\n"
	},
	{
		"user": "vovkkk",
		"body": "Please ignore my prev message (I’ve removed it), it is actually simple, I’ll add method `on_activated` like this\n\n``` python\n    def on_activated(self, view):\n        w = sublime.active_window()\n        if any(v for v in w.views_in_group(0) if dired' in v.scope_name(0)):\n            self.MOVE = True\n        else:\n            self.MOVE = False\n\n    def on_new(self, view):\n        if not self.MOVE:\n            return\n     ...\n```\n\nkinda silly, but seems work, changed order of tabs is trivial as well, so now the only question is crashes (I won’t commit anything before they’ll be fixed).\ndired in v.scope_name(0)):\n            self.MOVE = True\n        else:\n            self.MOVE = False\n\n    def on_new(self, view):\n        if not self.MOVE:\n            return\n     ...\n```\n\nkinda silly, but seems work, changed order of tabs is trivial as well, so now the only question is crashes (I won’t commit anything before they’ll be fixed).\n in v.scope_name(0)):\n            self.MOVE = True\n        else:\n            self.MOVE = False\n\n    def on_new(self, view):\n        if not self.MOVE:\n            return\n     ...\n```\n\nkinda silly, but seems work, changed order of tabs is trivial as well, so now the only question is crashes (I won’t commit anything before they’ll be fixed).\n"
	},
	{
		"user": "dcsan",
		"body": "thanks for the updates, let me know if theres a new version i could help test!\ns a new version i could help test!\n"
	},
	{
		"user": "megadr01d",
		"body": "Here we go...\n\n``` python\nsublime.set_timeout(lambda: w.set_view_index(view, 1, 0), 1)\n```\n\nfixes it. :+1:  It stops the freezing/crashing altogether. By the way, it only occurred when opening an external file (from Explorer/Finder or from the menubar, eg. Settings - User or Key Bindings - User).\n\nOf course I couldnt get anything in ST's console but OS X's console says this, just FYI:\n\n``` log\n15-11-14 3:18:57,802 am Sublime Text[1542]: Sublime Text(1542,0x102b31000) malloc: *** error for object 0x7fbc4a806f00: pointer being freed was not allocated\n*** set a breakpoint in malloc_error_break to debug\n\n15-11-14 11:39:28,052 pm Sublime Text[626]: Sublime Text(626,0x114c4b000) malloc: *** error for object 0x60000062a6a0: Heap corruption detected, free list canary is damaged\n*** set a breakpoint in malloc_error_break to debug\n```\nt get anything in STs console but OS X's console says this, just FYI:\n\n``` log\n15-11-14 3:18:57,802 am Sublime Text[1542]: Sublime Text(1542,0x102b31000) malloc: *** error for object 0x7fbc4a806f00: pointer being freed was not allocated\n*** set a breakpoint in malloc_error_break to debug\n\n15-11-14 11:39:28,052 pm Sublime Text[626]: Sublime Text(626,0x114c4b000) malloc: *** error for object 0x60000062a6a0: Heap corruption detected, free list canary is damaged\n*** set a breakpoint in malloc_error_break to debug\n```\ns console but OS Xs console says this, just FYI:\n\n``` log\n15-11-14 3:18:57,802 am Sublime Text[1542]: Sublime Text(1542,0x102b31000) malloc: *** error for object 0x7fbc4a806f00: pointer being freed was not allocated\n*** set a breakpoint in malloc_error_break to debug\n\n15-11-14 11:39:28,052 pm Sublime Text[626]: Sublime Text(626,0x114c4b000) malloc: *** error for object 0x60000062a6a0: Heap corruption detected, free list canary is damaged\n*** set a breakpoint in malloc_error_break to debug\n```\ns console says this, just FYI:\n\n``` log\n15-11-14 3:18:57,802 am Sublime Text[1542]: Sublime Text(1542,0x102b31000) malloc: *** error for object 0x7fbc4a806f00: pointer being freed was not allocated\n*** set a breakpoint in malloc_error_break to debug\n\n15-11-14 11:39:28,052 pm Sublime Text[626]: Sublime Text(626,0x114c4b000) malloc: *** error for object 0x60000062a6a0: Heap corruption detected, free list canary is damaged\n*** set a breakpoint in malloc_error_break to debug\n```\n"
	},
	{
		"user": "megadr01d",
		"body": "> Ill add method on_activated like this\n\nPretty slick. By the way, you mentioned that quitting and relaunching ST with open tabs would show the same behaviour but for me it works fine because I have in user settings:\n\n``` json\n\"hot_exit\": true, // setting this to false, when reopening ST, the FileBrowser tab is gone but its column remains empty\n\"remember_open_files\": true\n```\n\nFrom **Settings - Default**:\n\n``` json\n// Exiting the application with hot_exit enabled will cause it to close\n// immediately without prompting. Unsaved modifications and open files will\n// be preserved and restored when next starting.\n//\n// Closing a window with an associated project will also close the window\n// without prompting, preserving unsaved changes in the workspace file\n// alongside the project.\n\"hot_exit\": true,\n\n// remember_open_files makes the application start up with the last set of\n// open files. Changing this to false will have no effect if hot_exit is\n// true\n\"remember_open_files\": true,\n```\nll add method on_activated like this\n\nPretty slick. By the way, you mentioned that quitting and relaunching ST with open tabs would show the same behaviour but for me it works fine because I have in user settings:\n\n``` json\n\"hot_exit\": true, // setting this to false, when reopening ST, the FileBrowser tab is gone but its column remains empty\n\"remember_open_files\": true\n```\n\nFrom **Settings - Default**:\n\n``` json\n// Exiting the application with hot_exit enabled will cause it to close\n// immediately without prompting. Unsaved modifications and open files will\n// be preserved and restored when next starting.\n//\n// Closing a window with an associated project will also close the window\n// without prompting, preserving unsaved changes in the workspace file\n// alongside the project.\n\"hot_exit\": true,\n\n// remember_open_files makes the application start up with the last set of\n// open files. Changing this to false will have no effect if hot_exit is\n// true\n\"remember_open_files\": true,\n```\n"
	},
	{
		"user": "vovkkk",
		"body": ">  It stops the freezing/crashing altogether. By the way, it only occurred when opening an external file (from Explorer/Finder or from the menubar, eg. Settings - User or Key Bindings - User).\n\nDoes it crash when you close tab in right column?\n\n@dcsan there is no updates, if you want to help, please install the plugin and read [this comment](https://github.com/aziz/SublimeFileBrowser/issues/48#issuecomment-63179692)\n"
	},
	{
		"user": "megadr01d",
		"body": "Hm, good call. So, letss see what found...\n\nWith either\n\n``` python\nsublime.set_timeout(lambda: w.set_view_index(view, g, i+1), 1)\n```\n\nor\n\n``` python\nsublime.set_timeout(lambda: w.set_view_index(view, 1, 0), 1)\n```\n\nand using FileBrowser in the right column\n\n``` python\n{ \"other_group\": \"right\" }\n```\n\nit never crashes but if FileBrowser's tab is focused, external files will also open in the same tab and not be moved to the left column. This also keeps the FileBrowser tab open in the right column (as expected) when switching projects because no moving is being done.\n\nIt only crashes with\n\n``` python\nsublime.set_timeout(lambda: w.set_view_index(view, g, i+1), 1)\n```\n\nand\n\n``` python\n{ \"other_group\": \"left\" }\n```\ns see what found...\n\nWith either\n\n``` python\nsublime.set_timeout(lambda: w.set_view_index(view, g, i+1), 1)\n```\n\nor\n\n``` python\nsublime.set_timeout(lambda: w.set_view_index(view, 1, 0), 1)\n```\n\nand using FileBrowser in the right column\n\n``` python\n{ \"other_group\": \"right\" }\n```\n\nit never crashes but if FileBrowsers tab is focused, external files will also open in the same tab and not be moved to the left column. This also keeps the FileBrowser tab open in the right column (as expected) when switching projects because no moving is being done.\n\nIt only crashes with\n\n``` python\nsublime.set_timeout(lambda: w.set_view_index(view, g, i+1), 1)\n```\n\nand\n\n``` python\n{ \"other_group\": \"left\" }\n```\ns tab is focused, external files will also open in the same tab and not be moved to the left column. This also keeps the FileBrowser tab open in the right column (as expected) when switching projects because no moving is being done.\n\nIt only crashes with\n\n``` python\nsublime.set_timeout(lambda: w.set_view_index(view, g, i+1), 1)\n```\n\nand\n\n``` python\n{ \"other_group\": \"left\" }\n```\n"
	},
	{
		"user": "vovkkk",
		"body": "Well, I meant literally when closing [any] tab in right column (no matter if other_group or not or whatever), so it does not crash it is good, tomorrow I’ll release new version with all fixes (it is 23:13 here and I just arrived at home).\n\n> if FileBrowsers tab is focused, external files will also open in the same tab and not be moved to the left column\n\nYes, it is WAD, because it is hard to predict what user actually want, some ppl may not use `other_group` argument, but open two or more columns, some ppl use Origami or something similar; I personally prefer single column most of the time, so… I dunno.\ns tab is focused, external files will also open in the same tab and not be moved to the left column\n\nYes, it is WAD, because it is hard to predict what user actually want, some ppl may not use `other_group` argument, but open two or more columns, some ppl use Origami or something similar; I personally prefer single column most of the time, so… I dunno.\n"
	},
	{
		"user": "megadr01d",
		"body": "Yeah, closing any tab doesnt seem to crash, even in the crashing scenario. Just crashes when opening files.\n\nYou know, I myself don't mind using a single column... could FileBrowser be set to open as the leftmost (first) tab instead of after the active tab?\n\nDon't answer now, FileBrowser is quite usable at the present state. Take a rest, you deserve it.\nt seem to crash, even in the crashing scenario. Just crashes when opening files.\n\nYou know, I myself dont mind using a single column... could FileBrowser be set to open as the leftmost (first) tab instead of after the active tab?\n\nDon't answer now, FileBrowser is quite usable at the present state. Take a rest, you deserve it.\nt mind using a single column... could FileBrowser be set to open as the leftmost (first) tab instead of after the active tab?\n\nDont answer now, FileBrowser is quite usable at the present state. Take a rest, you deserve it.\nt answer now, FileBrowser is quite usable at the present state. Take a rest, you deserve it.\n"
	},
	{
		"user": "vovkkk",
		"body": "0.4.7 is released, let me know if there are still any problems.\n\n> could FileBrowser be set to open as the leftmost (first) tab instead of after the active tab?\n\nYes, but it will involve `set_view_index`, so I will need to test it extensively before release.\n"
	},
	{
		"user": "megadr01d",
		"body": "No more crashes on my end, so Id call it fixed. FileBrowser's tab is still moved to the right column when switching projects (when using `\"other_group\": \"left\"`) but I wouldn't persist on it, unless you or someone else does. If it works on Linux/Windows, at least it works.\n\nI also found that pressing the hotkey again when FileBrowser is already open makes all expanded folders collapse so I'm accessing FileBrowser by switching tabs or using Goto Anything (even faster) and using a single column since it provides a better workflow, in the end.\n\nThanks for the hard work.\nd call it fixed. FileBrowsers tab is still moved to the right column when switching projects (when using `\"other_group\": \"left\"`) but I wouldn't persist on it, unless you or someone else does. If it works on Linux/Windows, at least it works.\n\nI also found that pressing the hotkey again when FileBrowser is already open makes all expanded folders collapse so I'm accessing FileBrowser by switching tabs or using Goto Anything (even faster) and using a single column since it provides a better workflow, in the end.\n\nThanks for the hard work.\ns tab is still moved to the right column when switching projects (when using `\"other_group\": \"left\"`) but I wouldnt persist on it, unless you or someone else does. If it works on Linux/Windows, at least it works.\n\nI also found that pressing the hotkey again when FileBrowser is already open makes all expanded folders collapse so I'm accessing FileBrowser by switching tabs or using Goto Anything (even faster) and using a single column since it provides a better workflow, in the end.\n\nThanks for the hard work.\nt persist on it, unless you or someone else does. If it works on Linux/Windows, at least it works.\n\nI also found that pressing the hotkey again when FileBrowser is already open makes all expanded folders collapse so Im accessing FileBrowser by switching tabs or using Goto Anything (even faster) and using a single column since it provides a better workflow, in the end.\n\nThanks for the hard work.\nm accessing FileBrowser by switching tabs or using Goto Anything (even faster) and using a single column since it provides a better workflow, in the end.\n\nThanks for the hard work.\n"
	}
	]
}