{
	"url": "https://api.github.com/repos/folletto/Blipshot/issues/13",
	"html_url": "https://github.com/folletto/Blipshot/issues/13",
	"title": "Bug: drag'n'drop of pageshot thumbnail to Finder (filesystem) fails due to permission issues",
	"user": "porg",
	"labels": [
		{
			"name": "Bug"
		}
	],
	"body": "# Bug description\r\n\r\nIf one drags the thumbnail of the created pageshot and drops it somewhere in the filesystem (in the Mac Finder) a file with the proper naming scheme \"pageshot of <title>' @ <date>\" is written, but it is empty, has a file size of 0 bytes.\r\n\r\nAfter the drag'n'drop action Chrome reveals the status bar, and shows the file like other file downloads. But in it's second row the troubled BlipShot file states \"Failed — Blocked\".\r\n\r\n\r\n## Reproducability\r\n\r\n### My conclusion\r\n\r\nVery likely this is the bug condition:\r\nIf the protocol of a webpage is HTTPS then BlipShot fails, if it's HTTP then BlipShot works.\r\n\r\nThe permission issue seems to have nothing to do with the target (filesystem) but with the source (website), more specifically the scheme (HTTPS). And also nothing with the content type of the side, or a web browser plugin / extension conflict. The protocol raises the bug condition!\r\n\r\n### Target\r\nI tried different locations on my computer. `~/Desktop`, `~/Downloads`, etc. They all had correct file permissions. Could not figure out any pattern.\r\n\r\n### Source\r\nI had troubles reproducing this bug, sometimes BlipShot worked as expected and sometimes it failed with drag'n'drop to filesystem.\r\n\r\nSuccess on i.e. http://origami.design/ \r\nFailure on i.e. https://www.flinto.com/\r\n\r\nI tried more systematically. And then it occurred to me: It's the protocol which decides whether it works or not!\r\n\r\n## Affected versions\r\n* Blipshot 1.1.1 (currently up to date)\r\n* Chrome 54.0.2840.98 (currently up to date)\r\n* OS: Both on OS X 10.9 Mavericks as well as on macOS 10.12 Sierra\r\n\r\n# Workaround\r\n\r\nRight click the troublemaking file, then select \"Save image as…\"\r\nThis works, but you get an ugly filename like `3c428027-8d8e-43c0-a02d-441a5700664d.png` and loose the more usable file naming scheme.\r\n\r\n<title> @ <date>\" is written, but it is empty, has a file size of 0 bytes.\r\n\r\nAfter the drag'n'drop action Chrome reveals the status bar, and shows the file like other file downloads. But in it's second row the troubled BlipShot file states \"Failed — Blocked\".\r\n\r\n\r\n## Reproducability\r\n\r\n### My conclusion\r\n\r\nVery likely this is the bug condition:\r\nIf the protocol of a webpage is HTTPS then BlipShot fails, if it's HTTP then BlipShot works.\r\n\r\nThe permission issue seems to have nothing to do with the target (filesystem) but with the source (website), more specifically the scheme (HTTPS). And also nothing with the content type of the side, or a web browser plugin / extension conflict. The protocol raises the bug condition!\r\n\r\n### Target\r\nI tried different locations on my computer. `~/Desktop`, `~/Downloads`, etc. They all had correct file permissions. Could not figure out any pattern.\r\n\r\n### Source\r\nI had troubles reproducing this bug, sometimes BlipShot worked as expected and sometimes it failed with drag'n'drop to filesystem.\r\n\r\nSuccess on i.e. http://origami.design/ \r\nFailure on i.e. https://www.flinto.com/\r\n\r\nI tried more systematically. And then it occurred to me: It's the protocol which decides whether it works or not!\r\n\r\n## Affected versions\r\n* Blipshot 1.1.1 (currently up to date)\r\n* Chrome 54.0.2840.98 (currently up to date)\r\n* OS: Both on OS X 10.9 Mavericks as well as on macOS 10.12 Sierra\r\n\r\n# Workaround\r\n\r\nRight click the troublemaking file, then select \"Save image as…\"\r\nThis works, but you get an ugly filename like `3c428027-8d8e-43c0-a02d-441a5700664d.png` and loose the more usable file naming scheme.\r\n\r\n @ <date>\" is written, but it is empty, has a file size of 0 bytes.\r\n\r\nAfter the dragn'drop action Chrome reveals the status bar, and shows the file like other file downloads. But in it's second row the troubled BlipShot file states \"Failed — Blocked\".\r\n\r\n\r\n## Reproducability\r\n\r\n### My conclusion\r\n\r\nVery likely this is the bug condition:\r\nIf the protocol of a webpage is HTTPS then BlipShot fails, if it's HTTP then BlipShot works.\r\n\r\nThe permission issue seems to have nothing to do with the target (filesystem) but with the source (website), more specifically the scheme (HTTPS). And also nothing with the content type of the side, or a web browser plugin / extension conflict. The protocol raises the bug condition!\r\n\r\n### Target\r\nI tried different locations on my computer. `~/Desktop`, `~/Downloads`, etc. They all had correct file permissions. Could not figure out any pattern.\r\n\r\n### Source\r\nI had troubles reproducing this bug, sometimes BlipShot worked as expected and sometimes it failed with drag'n'drop to filesystem.\r\n\r\nSuccess on i.e. http://origami.design/ \r\nFailure on i.e. https://www.flinto.com/\r\n\r\nI tried more systematically. And then it occurred to me: It's the protocol which decides whether it works or not!\r\n\r\n## Affected versions\r\n* Blipshot 1.1.1 (currently up to date)\r\n* Chrome 54.0.2840.98 (currently up to date)\r\n* OS: Both on OS X 10.9 Mavericks as well as on macOS 10.12 Sierra\r\n\r\n# Workaround\r\n\r\nRight click the troublemaking file, then select \"Save image as…\"\r\nThis works, but you get an ugly filename like `3c428027-8d8e-43c0-a02d-441a5700664d.png` and loose the more usable file naming scheme.\r\n\r\nndrop action Chrome reveals the status bar, and shows the file like other file downloads. But in it's second row the troubled BlipShot file states \"Failed — Blocked\".\r\n\r\n\r\n## Reproducability\r\n\r\n### My conclusion\r\n\r\nVery likely this is the bug condition:\r\nIf the protocol of a webpage is HTTPS then BlipShot fails, if it's HTTP then BlipShot works.\r\n\r\nThe permission issue seems to have nothing to do with the target (filesystem) but with the source (website), more specifically the scheme (HTTPS). And also nothing with the content type of the side, or a web browser plugin / extension conflict. The protocol raises the bug condition!\r\n\r\n### Target\r\nI tried different locations on my computer. `~/Desktop`, `~/Downloads`, etc. They all had correct file permissions. Could not figure out any pattern.\r\n\r\n### Source\r\nI had troubles reproducing this bug, sometimes BlipShot worked as expected and sometimes it failed with drag'n'drop to filesystem.\r\n\r\nSuccess on i.e. http://origami.design/ \r\nFailure on i.e. https://www.flinto.com/\r\n\r\nI tried more systematically. And then it occurred to me: It's the protocol which decides whether it works or not!\r\n\r\n## Affected versions\r\n* Blipshot 1.1.1 (currently up to date)\r\n* Chrome 54.0.2840.98 (currently up to date)\r\n* OS: Both on OS X 10.9 Mavericks as well as on macOS 10.12 Sierra\r\n\r\n# Workaround\r\n\r\nRight click the troublemaking file, then select \"Save image as…\"\r\nThis works, but you get an ugly filename like `3c428027-8d8e-43c0-a02d-441a5700664d.png` and loose the more usable file naming scheme.\r\n\r\ndrop action Chrome reveals the status bar, and shows the file like other file downloads. But in its second row the troubled BlipShot file states \"Failed — Blocked\".\r\n\r\n\r\n## Reproducability\r\n\r\n### My conclusion\r\n\r\nVery likely this is the bug condition:\r\nIf the protocol of a webpage is HTTPS then BlipShot fails, if it's HTTP then BlipShot works.\r\n\r\nThe permission issue seems to have nothing to do with the target (filesystem) but with the source (website), more specifically the scheme (HTTPS). And also nothing with the content type of the side, or a web browser plugin / extension conflict. The protocol raises the bug condition!\r\n\r\n### Target\r\nI tried different locations on my computer. `~/Desktop`, `~/Downloads`, etc. They all had correct file permissions. Could not figure out any pattern.\r\n\r\n### Source\r\nI had troubles reproducing this bug, sometimes BlipShot worked as expected and sometimes it failed with drag'n'drop to filesystem.\r\n\r\nSuccess on i.e. http://origami.design/ \r\nFailure on i.e. https://www.flinto.com/\r\n\r\nI tried more systematically. And then it occurred to me: It's the protocol which decides whether it works or not!\r\n\r\n## Affected versions\r\n* Blipshot 1.1.1 (currently up to date)\r\n* Chrome 54.0.2840.98 (currently up to date)\r\n* OS: Both on OS X 10.9 Mavericks as well as on macOS 10.12 Sierra\r\n\r\n# Workaround\r\n\r\nRight click the troublemaking file, then select \"Save image as…\"\r\nThis works, but you get an ugly filename like `3c428027-8d8e-43c0-a02d-441a5700664d.png` and loose the more usable file naming scheme.\r\n\r\ns second row the troubled BlipShot file states \"Failed — Blocked\".\r\n\r\n\r\n## Reproducability\r\n\r\n### My conclusion\r\n\r\nVery likely this is the bug condition:\r\nIf the protocol of a webpage is HTTPS then BlipShot fails, if its HTTP then BlipShot works.\r\n\r\nThe permission issue seems to have nothing to do with the target (filesystem) but with the source (website), more specifically the scheme (HTTPS). And also nothing with the content type of the side, or a web browser plugin / extension conflict. The protocol raises the bug condition!\r\n\r\n### Target\r\nI tried different locations on my computer. `~/Desktop`, `~/Downloads`, etc. They all had correct file permissions. Could not figure out any pattern.\r\n\r\n### Source\r\nI had troubles reproducing this bug, sometimes BlipShot worked as expected and sometimes it failed with drag'n'drop to filesystem.\r\n\r\nSuccess on i.e. http://origami.design/ \r\nFailure on i.e. https://www.flinto.com/\r\n\r\nI tried more systematically. And then it occurred to me: It's the protocol which decides whether it works or not!\r\n\r\n## Affected versions\r\n* Blipshot 1.1.1 (currently up to date)\r\n* Chrome 54.0.2840.98 (currently up to date)\r\n* OS: Both on OS X 10.9 Mavericks as well as on macOS 10.12 Sierra\r\n\r\n# Workaround\r\n\r\nRight click the troublemaking file, then select \"Save image as…\"\r\nThis works, but you get an ugly filename like `3c428027-8d8e-43c0-a02d-441a5700664d.png` and loose the more usable file naming scheme.\r\n\r\ns HTTP then BlipShot works.\r\n\r\nThe permission issue seems to have nothing to do with the target (filesystem) but with the source (website), more specifically the scheme (HTTPS). And also nothing with the content type of the side, or a web browser plugin / extension conflict. The protocol raises the bug condition!\r\n\r\n### Target\r\nI tried different locations on my computer. `~/Desktop`, `~/Downloads`, etc. They all had correct file permissions. Could not figure out any pattern.\r\n\r\n### Source\r\nI had troubles reproducing this bug, sometimes BlipShot worked as expected and sometimes it failed with dragn'drop to filesystem.\r\n\r\nSuccess on i.e. http://origami.design/ \r\nFailure on i.e. https://www.flinto.com/\r\n\r\nI tried more systematically. And then it occurred to me: It's the protocol which decides whether it works or not!\r\n\r\n## Affected versions\r\n* Blipshot 1.1.1 (currently up to date)\r\n* Chrome 54.0.2840.98 (currently up to date)\r\n* OS: Both on OS X 10.9 Mavericks as well as on macOS 10.12 Sierra\r\n\r\n# Workaround\r\n\r\nRight click the troublemaking file, then select \"Save image as…\"\r\nThis works, but you get an ugly filename like `3c428027-8d8e-43c0-a02d-441a5700664d.png` and loose the more usable file naming scheme.\r\n\r\nndrop to filesystem.\r\n\r\nSuccess on i.e. http://origami.design/ \r\nFailure on i.e. https://www.flinto.com/\r\n\r\nI tried more systematically. And then it occurred to me: It's the protocol which decides whether it works or not!\r\n\r\n## Affected versions\r\n* Blipshot 1.1.1 (currently up to date)\r\n* Chrome 54.0.2840.98 (currently up to date)\r\n* OS: Both on OS X 10.9 Mavericks as well as on macOS 10.12 Sierra\r\n\r\n# Workaround\r\n\r\nRight click the troublemaking file, then select \"Save image as…\"\r\nThis works, but you get an ugly filename like `3c428027-8d8e-43c0-a02d-441a5700664d.png` and loose the more usable file naming scheme.\r\n\r\ndrop to filesystem.\r\n\r\nSuccess on i.e. http://origami.design/ \r\nFailure on i.e. https://www.flinto.com/\r\n\r\nI tried more systematically. And then it occurred to me: Its the protocol which decides whether it works or not!\r\n\r\n## Affected versions\r\n* Blipshot 1.1.1 (currently up to date)\r\n* Chrome 54.0.2840.98 (currently up to date)\r\n* OS: Both on OS X 10.9 Mavericks as well as on macOS 10.12 Sierra\r\n\r\n# Workaround\r\n\r\nRight click the troublemaking file, then select \"Save image as…\"\r\nThis works, but you get an ugly filename like `3c428027-8d8e-43c0-a02d-441a5700664d.png` and loose the more usable file naming scheme.\r\n\r\ns the protocol which decides whether it works or not!\r\n\r\n## Affected versions\r\n* Blipshot 1.1.1 (currently up to date)\r\n* Chrome 54.0.2840.98 (currently up to date)\r\n* OS: Both on OS X 10.9 Mavericks as well as on macOS 10.12 Sierra\r\n\r\n# Workaround\r\n\r\nRight click the troublemaking file, then select \"Save image as…\"\r\nThis works, but you get an ugly filename like `3c428027-8d8e-43c0-a02d-441a5700664d.png` and loose the more usable file naming scheme.\r\n\r\n",
	"comments": 13,
	"comments_content": [
	{
		"user": "folletto",
		"body": "Thank you! This is an amazing report, and I agree... there seem to be an issue there, sadly. :(\r\n\r\nI wonder if Chrome changed something recently... I need to look into that.\r\n\r\nThanks!"
	},
	{
		"user": "porg",
		"body": "You are providing this wonderful freeware which has helped me often enough already, so now it was my time to give back by thoroughly studying and reporting the bug.\r\n\r\nThanks for your appreciating response, all the best for fixing the bug!"
	},
	{
		"user": "lippytak",
		"body": "+1 came here to mention the same thing.\r\n\r\nFew things worth noting:\r\n- It doesnt happen on all HTTPS sites (works on Github, for example)\r\n- It happens even if you disable javascript before the drag (but after taking the screenshot)\r\n- You can still DnD other images from the same site\r\n\r\nOdd. Thanks for the workaround!t happen on all HTTPS sites (works on Github, for example)\r\n- It happens even if you disable javascript before the drag (but after taking the screenshot)\r\n- You can still DnD other images from the same site\r\n\r\nOdd. Thanks for the workaround!"
	},
	{
		"user": "porg",
		"body": "@lippytak Nice to see that my workaround helps you out in the meantime. And good to see further debugging observations.\r\n@folletto Do our observations enable you to fix the bug? Or still in the dark?"
	},
	{
		"user": "folletto",
		"body": "These observations are very useful, unfortunately I havent found yet a workaround, sorry ^^'t found yet a workaround, sorry ^^"
	},
	{
		"user": "porg",
		"body": "Any news?"
	},
	{
		"user": "folletto",
		"body": "Sorry I couldnt find time yet. I'm aware it has been a few months, I'm sorry :( t find time yet. Im aware it has been a few months, I'm sorry :( m aware it has been a few months, Im sorry :( m sorry :( "
	},
	{
		"user": "porg",
		"body": "@lippytak HTTPS://github.com > Blipshot fails for me."
	},
	{
		"user": "porg",
		"body": "@folletto FYI: Extension Settings at chrome://extensions > Blipshot > `Allow access to file URLs` is `TRUE`. But nevertheless the bug behavior is unchanged."
	},
	{
		"user": "folletto",
		"body": "I thought initially it was a matter of [Content Security Policy](https://developer.chrome.com/apps/contentSecurityPolicy) but either I wasnt able to find the right setting in `manifest.json`, or it's not the right solution.\r\n\r\nHowever I noticed that if I disable the \"nice name\" javascript handler in `actionDrag`:\r\n\r\n```\r\ne.dataTransfer.setData(\"DownloadURL\", \"image/png:\" + filename + \".png:\" + blobURL);\r\n```\r\n\r\nThe image *can* be dragged and appears correctly. Just, has the ugly name. :(\r\n\r\nHere the change: https://github.com/folletto/Blipshot/commit/c97e19500216b3b5d2e3bcd14674797025e7346e\r\n\r\nI also managed to find a way to instantly download the image on click, which seems working on all sites. It's not drag'n'drop, but at least with one click it downloads.\r\n\r\nI'll keep this issue open still, as the issue isn't really solved.\r\n\r\n---\r\n\r\nI haven't pushed any update to the Chrome Web Store yet. Still playing around it a bit.t able to find the right setting in `manifest.json`, or its not the right solution.\r\n\r\nHowever I noticed that if I disable the \"nice name\" javascript handler in `actionDrag`:\r\n\r\n```\r\ne.dataTransfer.setData(\"DownloadURL\", \"image/png:\" + filename + \".png:\" + blobURL);\r\n```\r\n\r\nThe image *can* be dragged and appears correctly. Just, has the ugly name. :(\r\n\r\nHere the change: https://github.com/folletto/Blipshot/commit/c97e19500216b3b5d2e3bcd14674797025e7346e\r\n\r\nI also managed to find a way to instantly download the image on click, which seems working on all sites. It's not drag'n'drop, but at least with one click it downloads.\r\n\r\nI'll keep this issue open still, as the issue isn't really solved.\r\n\r\n---\r\n\r\nI haven't pushed any update to the Chrome Web Store yet. Still playing around it a bit.s not the right solution.\r\n\r\nHowever I noticed that if I disable the \"nice name\" javascript handler in `actionDrag`:\r\n\r\n```\r\ne.dataTransfer.setData(\"DownloadURL\", \"image/png:\" + filename + \".png:\" + blobURL);\r\n```\r\n\r\nThe image *can* be dragged and appears correctly. Just, has the ugly name. :(\r\n\r\nHere the change: https://github.com/folletto/Blipshot/commit/c97e19500216b3b5d2e3bcd14674797025e7346e\r\n\r\nI also managed to find a way to instantly download the image on click, which seems working on all sites. Its not drag'n'drop, but at least with one click it downloads.\r\n\r\nI'll keep this issue open still, as the issue isn't really solved.\r\n\r\n---\r\n\r\nI haven't pushed any update to the Chrome Web Store yet. Still playing around it a bit.s not dragn'drop, but at least with one click it downloads.\r\n\r\nI'll keep this issue open still, as the issue isn't really solved.\r\n\r\n---\r\n\r\nI haven't pushed any update to the Chrome Web Store yet. Still playing around it a bit.ndrop, but at least with one click it downloads.\r\n\r\nI'll keep this issue open still, as the issue isn't really solved.\r\n\r\n---\r\n\r\nI haven't pushed any update to the Chrome Web Store yet. Still playing around it a bit.drop, but at least with one click it downloads.\r\n\r\nIll keep this issue open still, as the issue isn't really solved.\r\n\r\n---\r\n\r\nI haven't pushed any update to the Chrome Web Store yet. Still playing around it a bit.ll keep this issue open still, as the issue isnt really solved.\r\n\r\n---\r\n\r\nI haven't pushed any update to the Chrome Web Store yet. Still playing around it a bit.t really solved.\r\n\r\n---\r\n\r\nI havent pushed any update to the Chrome Web Store yet. Still playing around it a bit.t pushed any update to the Chrome Web Store yet. Still playing around it a bit."
	},
	{
		"user": "folletto",
		"body": "Ok [version 1.2 published](https://chrome.google.com/webstore/detail/blipshot-one-click-full-p/mdaboflcmhejfihjcbmdiebgfchigjcf) on the store. As mentioned above doesnt \"solve\" the issue, but at least it's not stuck anymore:\r\n\r\n* On `http` works as usual\r\n* On `https` works, but the filename is weird\r\n* On both `http` and `https` clicking on the image saves it in the default location, with the right name\r\n\r\n---\r\n\r\nI'm keeping this issue open as I want to try again to solve the `https` drag issue properly.t \"solve\" the issue, but at least its not stuck anymore:\r\n\r\n* On `http` works as usual\r\n* On `https` works, but the filename is weird\r\n* On both `http` and `https` clicking on the image saves it in the default location, with the right name\r\n\r\n---\r\n\r\nI'm keeping this issue open as I want to try again to solve the `https` drag issue properly.s not stuck anymore:\r\n\r\n* On `http` works as usual\r\n* On `https` works, but the filename is weird\r\n* On both `http` and `https` clicking on the image saves it in the default location, with the right name\r\n\r\n---\r\n\r\nIm keeping this issue open as I want to try again to solve the `https` drag issue properly.m keeping this issue open as I want to try again to solve the `https` drag issue properly."
	},
	{
		"user": "porg",
		"body": "I tested it, and it works as in your description. Would be glad if dragn'drop with a meaningful name would work again, as this was a very time-saving feature of Blipshot!ndrop with a meaningful name would work again, as this was a very time-saving feature of Blipshot!drop with a meaningful name would work again, as this was a very time-saving feature of Blipshot!"
	},
	{
		"user": "folletto",
		"body": "I agree, I will try again to see if theres a workaround.s a workaround."
	}
	]
}