{
	"url": "https://api.github.com/repos/nvaccess/nvda/issues/423",
	"html_url": "https://github.com/nvaccess/nvda/issues/423",
	"title": "NVDA does not silence images embeded inside links even with alt="" present",
	"user": "nvaccessAuto",
	"labels": [
		{
			"name": "Browse mode"
		},
		{
			"name": "bug"
		}
	],
	"body": "**Reported by vtsaran on 2009-09-22 05:20**\nThis behavior is confirmed in both Firefox and IE.\n\nWith the following code:\n\n<a href=\"http://www.yahoo.com\">Check out the new Yahoo!<img src=\"some_image.png\" alt=\"\"></a>\n\nNVDA will read out as follows:\n\nLink Check out the new Yahoo! graphic www.yahoo.com\n\nIt seems that NVDA should\n1. Ignore the graphic altogether because of an empty alt attribute; and\n2. Not read out the URL because the link text is present.\n",
	"comments": 12,
	"comments_content": [
	{
		"user": "nvaccessAuto",
		"body": "Comment 1 by vtsaran on 2009-10-01 05:57\nA live example of this behavior would be the Yahoo! Search results page at http://ysearch.com in the \"search refiners\" section. Here is an example link using the search term of \"origami\":\nhttp://search.yahoo.com/search;_ylt=A0geu.ABRMRK0AUBUbKl87UF?p=origami&fr=sfp&fr2=&iscqry=\nYou will notice that under the section \"Search refiners NVDA reads out a lot of graphics which are embeded or are simply beacon attributes.\n"
	},
	{
		"user": "nvaccessAuto",
		"body": "Comment 2 by vtsaran on 2009-11-13 04:16\nIs there a hope for this to be fixed before the final release of NVDA? I think, it would be great to sort out ALT attributes issue considering that NVDA is used as a testing tool by many.\n"
	},
	{
		"user": "nvaccessAuto",
		"body": "Comment 3 by jteh on 2009-11-13 04:19\nIm afraid this won't make it into 2009.1. However, we should definitely try to get it into the next release, which hopefully won't be anywhere near as long in coming as this one. :)\nChanges:\nMilestone changed from None to 2009.2\nm afraid this wont make it into 2009.1. However, we should definitely try to get it into the next release, which hopefully won't be anywhere near as long in coming as this one. :)\nChanges:\nMilestone changed from None to 2009.2\nt make it into 2009.1. However, we should definitely try to get it into the next release, which hopefully wont be anywhere near as long in coming as this one. :)\nChanges:\nMilestone changed from None to 2009.2\nt be anywhere near as long in coming as this one. :)\nChanges:\nMilestone changed from None to 2009.2\n"
	},
	{
		"user": "nvaccessAuto",
		"body": "Comment 6 by jteh on 2010-01-20 22:00\nCommitted in r3468. Wow, that was quite tricky!\nChanges:\nState: closed\n"
	},
	{
		"user": "nvaccessAuto",
		"body": "Comment 7 by vtsaran on 2010-02-11 21:24\nHas this really been fixed? I just wwent to Yahoo! Search results page and looked under the \"search refiners\" section. The extraneous information is still spoken on graphics.\nCan you please elaborate on what exactly was fixed?\n"
	},
	{
		"user": "nvaccessAuto",
		"body": "Comment 8 by jteh on 2010-02-11 22:35\nDamn it. :) NVDA was fixed so that it doesnt read the graphic URL if there is content inside the link other than the graphic. We still want to render it if there is no content because otherwise, it'd be impossible to activate links that have only a graphic with alt=\"\" (bad authoring).\n\nUnfortunately, it looks like this is exactly what Yahoo! Search does. There is no content inside the link other than the graphic. Unfortunately, the graphic is also inside a \"paragraph\" node, which means that our code for detecting this case doesn't pick it up (it looks for a graphic which is an immediate child of the link). I'm guessing the link is using aria-label or some such. We don't tend to rely on just the accName because this wouldn't allow us to use the URL for graphics which have no labels.\n\nI have no idea how to fix this for Yahoo! Search.\nt read the graphic URL if there is content inside the link other than the graphic. We still want to render it if there is no content because otherwise, itd be impossible to activate links that have only a graphic with alt=\"\" (bad authoring).\n\nUnfortunately, it looks like this is exactly what Yahoo! Search does. There is no content inside the link other than the graphic. Unfortunately, the graphic is also inside a \"paragraph\" node, which means that our code for detecting this case doesn't pick it up (it looks for a graphic which is an immediate child of the link). I'm guessing the link is using aria-label or some such. We don't tend to rely on just the accName because this wouldn't allow us to use the URL for graphics which have no labels.\n\nI have no idea how to fix this for Yahoo! Search.\nd be impossible to activate links that have only a graphic with alt=\"\" (bad authoring).\n\nUnfortunately, it looks like this is exactly what Yahoo! Search does. There is no content inside the link other than the graphic. Unfortunately, the graphic is also inside a \"paragraph\" node, which means that our code for detecting this case doesnt pick it up (it looks for a graphic which is an immediate child of the link). I'm guessing the link is using aria-label or some such. We don't tend to rely on just the accName because this wouldn't allow us to use the URL for graphics which have no labels.\n\nI have no idea how to fix this for Yahoo! Search.\nt pick it up (it looks for a graphic which is an immediate child of the link). Im guessing the link is using aria-label or some such. We don't tend to rely on just the accName because this wouldn't allow us to use the URL for graphics which have no labels.\n\nI have no idea how to fix this for Yahoo! Search.\nm guessing the link is using aria-label or some such. We dont tend to rely on just the accName because this wouldn't allow us to use the URL for graphics which have no labels.\n\nI have no idea how to fix this for Yahoo! Search.\nt tend to rely on just the accName because this wouldnt allow us to use the URL for graphics which have no labels.\n\nI have no idea how to fix this for Yahoo! Search.\nt allow us to use the URL for graphics which have no labels.\n\nI have no idea how to fix this for Yahoo! Search.\n"
	},
	{
		"user": "nvaccessAuto",
		"body": "Comment 9 by jteh (in reply to comment 8) on 2010-02-11 23:21\nReplying to [jteh](comment:8):\n\n> Unfortunately, it looks like this is exactly what Yahoo! Search does. There is no content inside the link other than the graphic.\n\nWrong. I appear to be braindead. There is text content; that is how the label of the link is being derived. I think the problem is the paragraph node containing the graphic. Our code queries whether the link has a name; it doesnt account for graphics being grandchildren of the link.\nt account for graphics being grandchildren of the link.\n"
	},
	{
		"user": "nvaccessAuto",
		"body": "Comment 10 by jteh on 2010-02-22 02:31\nBtw, Vic, to clarify, the test case you provided in the ticket description has been fixed. As noted, Yahoo! does something a bit different (the graphic is a grandchild of the link instead of a child) which is not covered by this fix.\n"
	},
	{
		"user": "nvaccessAuto",
		"body": "Comment 11 by vtsaran on 2010-02-24 20:47\nOK, let me see if we can solve this on our side. But you are right, as far as my original example goes, this has been fixed. Thanks!\n"
	},
	{
		"user": "nvaccessAuto",
		"body": "Comment 12 by jteh on 2010-02-24 21:17\nNote that Im working on a fix for NVDA. I already have it working for IE, but getting it working for Gecko is going to be a bit harder due to it being older code. I can't promise it'll be in 2010.1.\nm working on a fix for NVDA. I already have it working for IE, but getting it working for Gecko is going to be a bit harder due to it being older code. I cant promise it'll be in 2010.1.\nt promise itll be in 2010.1.\nll be in 2010.1.\n"
	},
	{
		"user": "nvaccessAuto",
		"body": "Comment 13 by vtsaran on 2010-09-04 18:30\nJamie, do we need to reopen this bug or keep it closed?\n"
	},
	{
		"user": "nvaccessAuto",
		"body": "Comment 14 by jteh on 2010-09-05 22:18\nThe issue originally described by this ticket has been fixed and the fix is in a previous release. We should open another ticket for the remaining issue.\n"
	}
	]
}