{
	"url": "https://api.github.com/repos/23maverick23/sublime-jekyll/issues/15",
	"html_url": "https://github.com/23maverick23/sublime-jekyll/issues/15",
	"title": "Creation of posts fails",
	"user": "svendroid",
	"labels": [
		{
			"name": "bug"
		}
	],
	"body": "When i create a new jekyll post only the file is created in the posts folder, but the file is blank and following error is thrown in the console:\n\n<pre>Traceback (most recent call last):\n  File \"./jekyll.py\", line 177, in title_input\n  File \"./jekyll.py\", line 316, in create_and_open_file\nBoost.Python.ArgumentError: Python argument types in\n    View.run_command(View, str)\ndid not match C++ signature:\n    run_command(SP<TextBufferView>, std::basic_string<wchar_t, std::char_traits<wchar_t>, std::allocator<wchar_t> >, boost::python::api::object)\n    run_command(SP<TextBufferView>, std::basic_string<wchar_t, std::char_traits<wchar_t>, std::allocator<wchar_t> >)`</pre>\n\n\nAny clues why this is happening? Could it be a problem with my configuration?\n\nST2 2.0.2 - 2221\npython 2.7.5\n",
	"comments": 9,
	"comments_content": [
	{
		"user": "23maverick23",
		"body": "Thanks for logging this. Did you happen to provide a file name (if yes, what was it)?\n\nCan you enable debug mode in your settings, restart ST2, and provide the full error stack from the console? Also - what OS are you running?\n"
	},
	{
		"user": "svendroid",
		"body": "How can I enable the debug mode? I did a quick google search but couldnt find an instruction. I also tried to set, \"debug\": true in user settings, didn't print out any more information.\n\nIt does not seem that the file name is the cause of the problem, i tried various names and it never worked. e.g. `test123` or `test123.md`\n\nOS: Max OS X 10.9.5\nt find an instruction. I also tried to set, \"debug\": true in user settings, didnt print out any more information.\n\nIt does not seem that the file name is the cause of the problem, i tried various names and it never worked. e.g. `test123` or `test123.md`\n\nOS: Max OS X 10.9.5\nt print out any more information.\n\nIt does not seem that the file name is the cause of the problem, i tried various names and it never worked. e.g. `test123` or `test123.md`\n\nOS: Max OS X 10.9.5\n"
	},
	{
		"user": "23maverick23",
		"body": "Thanks @svendroid.\n\nYou can enable debug in your settings file as described [here](https://sublime.wbond.net/docs/settings). If you can try that and dump the full log output here, it may help.\n"
	},
	{
		"user": "svendroid",
		"body": "thanks for your support @23maverick23 . I enabled the debug of \"Package Control\", as described in the link, but the log output does not get more detailed. Is it really enabling debug mode for all packages? or only for the Package Control itself? e.g. the Package Control actions are logged in more detail.\n"
	},
	{
		"user": "23maverick23",
		"body": "The debug mode is specific to Package Control, and is just helpful in seeing if another package might be conflicting.\n\nI havent seen this error before, and my initial research on C++ errors in Python are vague. I'll see what more I can drum up on the interwebs.\nt seen this error before, and my initial research on C++ errors in Python are vague. Ill see what more I can drum up on the interwebs.\nll see what more I can drum up on the interwebs.\n"
	},
	{
		"user": "23maverick23",
		"body": "I found a (similar error)[https://github.com/SublimeText/Origami/issues/49] reported in a package I actually contribute to, so Im going to see if a similar patch will fix your ST2 issue.\n\nI'll install ST2 and test this before updating the package.\nm going to see if a similar patch will fix your ST2 issue.\n\nIll install ST2 and test this before updating the package.\nll install ST2 and test this before updating the package.\n"
	},
	{
		"user": "svendroid",
		"body": "thanks, if you want me to test anything just let me know.\n"
	},
	{
		"user": "23maverick23",
		"body": "Apologies for the ridiculous commit history ;-)\n\nWas having issues with my git client and the new 2FA I enabled. I tested this release on ST2 and it should resolve the post creation issues you reported. Thanks again.\n"
	},
	{
		"user": "svendroid",
		"body": "Thanks for your quick fix. I just tried it out and it works fine.\n"
	}
	]
}