{
	"url": "https://api.github.com/repos/jeremyrcoyle/origami/issues/16",
	"html_url": "https://github.com/jeremyrcoyle/origami/issues/16",
	"title": "Error when passing optional arguments to `cross_validate`",
	"user": "osofr",
	"labels": [
		{
			"name": "bug"
		}
	],
	"body": "\r\nMinimal example below, taken from vignette. The function `cross_validate` currently errors out whenever I try to pass any optional arguments to `cv_fun `. The error appears to be downstream with `future` package. This is crucial to my functionality, I have to pass optional arguments to `cv_fun`. Any advice on work-arounds?\r\n\r\n```R\r\nlibrary(origami)\r\ncvlm <- function(fold, mydata) {\r\n    train_data <- training(mydata)\r\n    valid_data <- validation(mydata)\r\n\r\n    mod <- lm(mpg ~ ., data = train_data)\r\n    preds <- predict(mod, newdata = valid_data)\r\n    list(coef = data.frame(t(coef(mod))), SE = ((preds - valid_data$mpg)^2))\r\n}\r\n\r\n# cross-validated estimate\r\nfolds <- make_folds(mtcars)\r\nresults <- cross_validate(cvlm, folds, mtcars)\r\nresults <- cross_validate(cvlm, folds, mydata = mtcars)\r\n```\r\n\r\nIn general, I think it might not be the best practice to provide an example with a function `cvlm` that depends on some object (`mtcars`) that was defined in the calling environment of this function. This creates quite a bit of confusion and makes it hard to read the code. Thats just my opinion though.\r\ns just my opinion though.\r\n",
	"comments": 8,
	"comments_content": [
	{
		"user": "ck37",
		"body": "Yep I ran into that exact same issue myself, and reported it here (see workarounds): https://github.com/HenrikBengtsson/future/issues/156"
	},
	{
		"user": "nhejazi",
		"body": "Thanks for reporting this error, Oleg. And, thanks for having already reported this error in `future` to Henrik, Chris.\r\n\r\nIm honestly not sure of a quick fix off of the top of my head, but can do a bit of digging and report anything back here. Based on the conversation in the [issue reported to `future`](https://github.com/HenrikBengtsson/future/issues/156), it looks like Henrik has plans to fix this soon.\r\n\r\nAlso, thanks for pointing out that slip up in the definition of the `cvlm` function. I definitely agree that having the function defined in that way is bad practice and will update that example (and any others like it) to reflect this.m honestly not sure of a quick fix off of the top of my head, but can do a bit of digging and report anything back here. Based on the conversation in the [issue reported to `future`](https://github.com/HenrikBengtsson/future/issues/156), it looks like Henrik has plans to fix this soon.\r\n\r\nAlso, thanks for pointing out that slip up in the definition of the `cvlm` function. I definitely agree that having the function defined in that way is bad practice and will update that example (and any others like it) to reflect this."
	},
	{
		"user": "jeremyrcoyle",
		"body": "`future.globals=FALSE` should work fine for `plan(sequential)` and `plan(multicore)`, but for `plan(multisession)` youll need to specify the globals and packages needed by the different sessions manually. You can see an example of that here: https://github.com/jeremyrcoyle/SuperLearner/blob/integrate_origami/tests/testthat/test-origami_SuperLearner.R#L39\r\n\r\nThis seems like something of a regression from when we were using `foreach`. Depending on how long the underlying issue takes to get fixed, we might want to consider going back to `foreach` or having an option to use either `foreach` or `future`. Thoughts?ll need to specify the globals and packages needed by the different sessions manually. You can see an example of that here: https://github.com/jeremyrcoyle/SuperLearner/blob/integrate_origami/tests/testthat/test-origami_SuperLearner.R#L39\r\n\r\nThis seems like something of a regression from when we were using `foreach`. Depending on how long the underlying issue takes to get fixed, we might want to consider going back to `foreach` or having an option to use either `foreach` or `future`. Thoughts?"
	},
	{
		"user": "nhejazi",
		"body": "Ok -- good to know that you encountered this problem in the origami-SL integration as well.\r\n\r\nGiven that its unclear when the error might be resolved on the `foreach` side, the most sensible thing seems to be to restore the `foreach` implementation, having either an option for users to specify use of `foreach` v. `future` (as you suggested), or simply having `foreach` be a failsafe for any problems that might arise from use of `future` (the latter assumes that the `foreach` implementation was fairly robust and suggests something in the style of try-catch)."
	},
	{
		"user": "ck37",
		"body": "This wasnt encountered in the original SL implementation, it was added today: https://github.com/jeremyrcoyle/SuperLearner/commit/b0b3201befb7c262a8a4220ce45e403903056c14\r\n\r\nWith examples (and/or tests) of the parallelization options in origami it would have been identified though.t encountered in the original SL implementation, it was added today: https://github.com/jeremyrcoyle/SuperLearner/commit/b0b3201befb7c262a8a4220ce45e403903056c14\r\n\r\nWith examples (and/or tests) of the parallelization options in origami it would have been identified though."
	},
	{
		"user": "jeremyrcoyle",
		"body": "@ck37 Ive been aware of the issue for a while now (see https://app.asana.com/0/270379281729322/369465305300769/f), but haven't had time to look into it in more detail (I'm currently on vacation). There's a commented out test here: https://github.com/jeremyrcoyle/origami/blob/master/tests/testthat/test_future_plan.R#L42 that is disabled because it was failing in some environments, and it didn't seem to make sense to delay our package's release due to an upstream issue we don't yet fully understand/have to wait for Henrik to fix.ve been aware of the issue for a while now (see https://app.asana.com/0/270379281729322/369465305300769/f), but havent had time to look into it in more detail (I'm currently on vacation). There's a commented out test here: https://github.com/jeremyrcoyle/origami/blob/master/tests/testthat/test_future_plan.R#L42 that is disabled because it was failing in some environments, and it didn't seem to make sense to delay our package's release due to an upstream issue we don't yet fully understand/have to wait for Henrik to fix.t had time to look into it in more detail (Im currently on vacation). There's a commented out test here: https://github.com/jeremyrcoyle/origami/blob/master/tests/testthat/test_future_plan.R#L42 that is disabled because it was failing in some environments, and it didn't seem to make sense to delay our package's release due to an upstream issue we don't yet fully understand/have to wait for Henrik to fix.m currently on vacation). Theres a commented out test here: https://github.com/jeremyrcoyle/origami/blob/master/tests/testthat/test_future_plan.R#L42 that is disabled because it was failing in some environments, and it didn't seem to make sense to delay our package's release due to an upstream issue we don't yet fully understand/have to wait for Henrik to fix.s a commented out test here: https://github.com/jeremyrcoyle/origami/blob/master/tests/testthat/test_future_plan.R#L42 that is disabled because it was failing in some environments, and it didnt seem to make sense to delay our package's release due to an upstream issue we don't yet fully understand/have to wait for Henrik to fix.t seem to make sense to delay our packages release due to an upstream issue we don't yet fully understand/have to wait for Henrik to fix.s release due to an upstream issue we dont yet fully understand/have to wait for Henrik to fix.t yet fully understand/have to wait for Henrik to fix."
	},
	{
		"user": "ck37",
		"body": "Henrik has fixed the bug: https://github.com/HenrikBengtsson/future/issues/156"
	},
	{
		"user": "nhejazi",
		"body": "Looks like we can move to close this issue once we confirm that the change in `globals` resolved our problem (after installing `globals` via `remotes::install_github(\"HenrikBengtsson/globals@develop\")` as per Henriks recommendation).\r\n\r\nIt sounds like he's planning a new CRAN release, so we should be ok without having to mess with how dependencies are currently specified for `origami`.s recommendation).\r\n\r\nIt sounds like hes planning a new CRAN release, so we should be ok without having to mess with how dependencies are currently specified for `origami`.s planning a new CRAN release, so we should be ok without having to mess with how dependencies are currently specified for `origami`."
	}
	]
}