{
	"url": "https://api.github.com/repos/SublimeText-Markdown/MarkdownEditing/issues/334",
	"html_url": "https://github.com/SublimeText-Markdown/MarkdownEditing/issues/334",
	"title": "New comands for footnotes not working…",
	"user": "openmedi",
	"labels": [
		{
			"name": "bug"
		}
	],
	"body": "After the recent update I cant use the `alt+shift+6` comand anymore as I was used to. I have to admit that I don't understand why this would be the case, but that's besides the point. My issue: I can insert a footnote with `alt+shift+6`, but it doesn't update my screen to the position of the inserted footnote, meaning I have to start writing or scrolling to get to my footnote, which seems wrong. Secondly the jumping is not working properly it seems like. If I try to use the jump reference command, it simply does nothing. It also doesn't give an error or warning message. I press `cmd+ctrl+shift+l`, the command get executed, which I can see when I'm activating `sublime.log_commands(True)` in the console, but nothing else happens.\n\nP.S.: I'm on OSX 10.11.3 and using the ST3 Build 3103.\nt use the `alt+shift+6` comand anymore as I was used to. I have to admit that I dont understand why this would be the case, but that's besides the point. My issue: I can insert a footnote with `alt+shift+6`, but it doesn't update my screen to the position of the inserted footnote, meaning I have to start writing or scrolling to get to my footnote, which seems wrong. Secondly the jumping is not working properly it seems like. If I try to use the jump reference command, it simply does nothing. It also doesn't give an error or warning message. I press `cmd+ctrl+shift+l`, the command get executed, which I can see when I'm activating `sublime.log_commands(True)` in the console, but nothing else happens.\n\nP.S.: I'm on OSX 10.11.3 and using the ST3 Build 3103.\nt understand why this would be the case, but thats besides the point. My issue: I can insert a footnote with `alt+shift+6`, but it doesn't update my screen to the position of the inserted footnote, meaning I have to start writing or scrolling to get to my footnote, which seems wrong. Secondly the jumping is not working properly it seems like. If I try to use the jump reference command, it simply does nothing. It also doesn't give an error or warning message. I press `cmd+ctrl+shift+l`, the command get executed, which I can see when I'm activating `sublime.log_commands(True)` in the console, but nothing else happens.\n\nP.S.: I'm on OSX 10.11.3 and using the ST3 Build 3103.\ns besides the point. My issue: I can insert a footnote with `alt+shift+6`, but it doesnt update my screen to the position of the inserted footnote, meaning I have to start writing or scrolling to get to my footnote, which seems wrong. Secondly the jumping is not working properly it seems like. If I try to use the jump reference command, it simply does nothing. It also doesn't give an error or warning message. I press `cmd+ctrl+shift+l`, the command get executed, which I can see when I'm activating `sublime.log_commands(True)` in the console, but nothing else happens.\n\nP.S.: I'm on OSX 10.11.3 and using the ST3 Build 3103.\nt update my screen to the position of the inserted footnote, meaning I have to start writing or scrolling to get to my footnote, which seems wrong. Secondly the jumping is not working properly it seems like. If I try to use the jump reference command, it simply does nothing. It also doesnt give an error or warning message. I press `cmd+ctrl+shift+l`, the command get executed, which I can see when I'm activating `sublime.log_commands(True)` in the console, but nothing else happens.\n\nP.S.: I'm on OSX 10.11.3 and using the ST3 Build 3103.\nt give an error or warning message. I press `cmd+ctrl+shift+l`, the command get executed, which I can see when Im activating `sublime.log_commands(True)` in the console, but nothing else happens.\n\nP.S.: I'm on OSX 10.11.3 and using the ST3 Build 3103.\nm activating `sublime.log_commands(True)` in the console, but nothing else happens.\n\nP.S.: Im on OSX 10.11.3 and using the ST3 Build 3103.\nm on OSX 10.11.3 and using the ST3 Build 3103.\n",
	"comments": 7,
	"comments_content": [
	{
		"user": "openmedi",
		"body": "After working a little bit more with the new commands, I could identify some more details:\n1. as already described, jumping to and from a reference doesnt update the view, which is at best confusing\n2. If one does use footnotes to refer to pandoc-style citations, e.g. `[^20]: @hennion_latour2003, S. 2`, the next footnote will not be inserted correctly if `alt+shift+6` is used to create it. However this is inconsistent and only sometimes not working.\n3. If one does use footnotes to refer to pandoc-style citations, e.g. `[^20]: @hennion_latour2003, S. 2`, jumping back to the position in the text is broken (`cmd+ctrl+shift+l` doesn't work)\n4. Jumping works only if a) the footnotes are given their own paragraph and b) they are a citation of the form `@$index` **any additional text leads to a broken footnote** (see 3. and 4.)\n5. the display of footnotes is incosistent: <img width=\"218\" alt=\"screen shot 2016-03-21 at 14 36 14\" src=\"https://cloud.githubusercontent.com/assets/423471/13920249/50904cde-ef72-11e5-8e00-be28d9da7939.png\">\n6. Jumping back and forth between footnotes is inconvenient, because the cursor (which you can't see; see 1.) is moved inside the brackets of the footnote index, it should be: behind the brackets (in the text) and at the end of the footnote (in the footnote).\n\nI would say that these are major regressions and would like to see some kind of comment. I am willing and interested to help.\nt update the view, which is at best confusing\n2. If one does use footnotes to refer to pandoc-style citations, e.g. `[^20]: @hennion_latour2003, S. 2`, the next footnote will not be inserted correctly if `alt+shift+6` is used to create it. However this is inconsistent and only sometimes not working.\n3. If one does use footnotes to refer to pandoc-style citations, e.g. `[^20]: @hennion_latour2003, S. 2`, jumping back to the position in the text is broken (`cmd+ctrl+shift+l` doesnt work)\n4. Jumping works only if a) the footnotes are given their own paragraph and b) they are a citation of the form `@$index` **any additional text leads to a broken footnote** (see 3. and 4.)\n5. the display of footnotes is incosistent: <img width=\"218\" alt=\"screen shot 2016-03-21 at 14 36 14\" src=\"https://cloud.githubusercontent.com/assets/423471/13920249/50904cde-ef72-11e5-8e00-be28d9da7939.png\">\n6. Jumping back and forth between footnotes is inconvenient, because the cursor (which you can't see; see 1.) is moved inside the brackets of the footnote index, it should be: behind the brackets (in the text) and at the end of the footnote (in the footnote).\n\nI would say that these are major regressions and would like to see some kind of comment. I am willing and interested to help.\nt work)\n4. Jumping works only if a) the footnotes are given their own paragraph and b) they are a citation of the form `@$index` **any additional text leads to a broken footnote** (see 3. and 4.)\n5. the display of footnotes is incosistent: <img width=\"218\" alt=\"screen shot 2016-03-21 at 14 36 14\" src=\"https://cloud.githubusercontent.com/assets/423471/13920249/50904cde-ef72-11e5-8e00-be28d9da7939.png\">\n6. Jumping back and forth between footnotes is inconvenient, because the cursor (which you cant see; see 1.) is moved inside the brackets of the footnote index, it should be: behind the brackets (in the text) and at the end of the footnote (in the footnote).\n\nI would say that these are major regressions and would like to see some kind of comment. I am willing and interested to help.\nt see; see 1.) is moved inside the brackets of the footnote index, it should be: behind the brackets (in the text) and at the end of the footnote (in the footnote).\n\nI would say that these are major regressions and would like to see some kind of comment. I am willing and interested to help.\n"
	},
	{
		"user": "openmedi",
		"body": "Heres a gif of what I'm refering to (with `sublime.log_commands(True)`): \n![footnotes](https://cloud.githubusercontent.com/assets/423471/13920698/b4b0ec4e-ef74-11e5-984c-91c4194281dd.gif)\ns a gif of what Im refering to (with `sublime.log_commands(True)`): \n![footnotes](https://cloud.githubusercontent.com/assets/423471/13920698/b4b0ec4e-ef74-11e5-984c-91c4194281dd.gif)\nm refering to (with `sublime.log_commands(True)`): \n![footnotes](https://cloud.githubusercontent.com/assets/423471/13920698/b4b0ec4e-ef74-11e5-984c-91c4194281dd.gif)\n"
	},
	{
		"user": "felixhao28",
		"body": "Footnotes, references, inline links were pretty messed up and out of maintenance for quite some time. I completely overhauled these features during last patch into what we have today. I am sorry for regressions you are experiencing and I would like you to know I read your post and am working on it.\n\nSo here are the issues you are addressing:\n1. `alt+shift+6` does not scroll the view into the editing position. (will fix)\n2. Jumping does not work on footnotes. (will fix)\n3. Jumping does not scroll the view properly. (will fix)\n4. The display of footnotes is inconsistent (the reason is that sublime took the previous one as URL, will fix).\n\n> If one does use footnotes to refer to pandoc-style citations, e.g. [^20]: @hennion_latour2003, S. 2, the next footnote will not be inserted correctly if alt+shift+6 is used to create it.\n\nI dont understand what this means.\nt understand what this means.\n"
	},
	{
		"user": "openmedi",
		"body": "Thank you for your comment, its greatly appreciated! As regards to the part you don't unterstand:\n\n> If one does use footnotes to refer to pandoc-style citations, e.g. [^20]: @hennion_latour2003, S. 2, the next footnote will not be inserted correctly if alt+shift+6 is used to create it.\n\nI observed that creating footnotes through the afformentioned shortcut stops working depending on the content of the created footnote. It seemed to me that inserting and using the footnote functionality soped properly workign when I had a pandoc style citation in the footnote, but this was not reproduceable easily. I assume it's a parsing problem, but I'm not sure.\ns greatly appreciated! As regards to the part you dont unterstand:\n\n> If one does use footnotes to refer to pandoc-style citations, e.g. [^20]: @hennion_latour2003, S. 2, the next footnote will not be inserted correctly if alt+shift+6 is used to create it.\n\nI observed that creating footnotes through the afformentioned shortcut stops working depending on the content of the created footnote. It seemed to me that inserting and using the footnote functionality soped properly workign when I had a pandoc style citation in the footnote, but this was not reproduceable easily. I assume it's a parsing problem, but I'm not sure.\nt unterstand:\n\n> If one does use footnotes to refer to pandoc-style citations, e.g. [^20]: @hennion_latour2003, S. 2, the next footnote will not be inserted correctly if alt+shift+6 is used to create it.\n\nI observed that creating footnotes through the afformentioned shortcut stops working depending on the content of the created footnote. It seemed to me that inserting and using the footnote functionality soped properly workign when I had a pandoc style citation in the footnote, but this was not reproduceable easily. I assume its a parsing problem, but I'm not sure.\ns a parsing problem, but Im not sure.\nm not sure.\n"
	},
	{
		"user": "felixhao28",
		"body": "Yes, there was a parser problem on footnotes.I will release a new patch soon and lets see if the problem persists.\ns see if the problem persists.\n"
	},
	{
		"user": "felixhao28",
		"body": "It is already fixed in v2.1.6. Are you still reproing these issues?\n\nOn Thu, May 19, 2016 at 9:59 PM, Martin Hähnel notifications@github.com\nwrote:\n\n> Are you really not going to hotfix the bug with the footnotes?\n> \n> —\n> You are receiving this because you modified the open/close state.\n> Reply to this email directly or view it on GitHub\n> https://github.com/SublimeText-Markdown/MarkdownEditing/issues/334#issuecomment-220332580\n"
	},
	{
		"user": "openmedi",
		"body": "I removed the comment. It was written on a particularly hot headed day. It seemed that MDE didnt update the view when jumping between footnotes and text, but this might've been because of my origami layout or some other reason. I appologize for the harsh tone. Please ignore and carry on.\nt update the view when jumping between footnotes and text, but this mightve been because of my origami layout or some other reason. I appologize for the harsh tone. Please ignore and carry on.\nve been because of my origami layout or some other reason. I appologize for the harsh tone. Please ignore and carry on.\n"
	}
	]
}