{
	"url": "https://api.github.com/repos/tweepy/tweepy/issues/13",
	"html_url": "https://github.com/tweepy/tweepy/issues/13",
	"title": "Problem with time and locale",
	"user": "joshthecoder",
	"labels": [
		{
			"name": "Bug"
		}
	],
	"body": "Reported by vensign on mailing list:\n\nWhen I try to run my app with the LANG=es_VE.UTF8 I get the following\nerror:\n\n File \"/home/wako/Documentos/twclient/origami.py\", line 37, in\ncheckuser\n   if not self.api.verify_credentials():\n File \"build/bdist.linux-x86_64/egg/tweepy/api.py\", line 259, in\nverify_credentials\n File \"build/bdist.linux-x86_64/egg/tweepy/binder.py\", line 185, in\n_call\n File \"build/bdist.linux-x86_64/egg/tweepy/binder.py\", line 171, in\nexecute\n File \"build/bdist.linux-x86_64/egg/tweepy/parsers.py\", line 73, in\nparse\n File \"build/bdist.linux-x86_64/egg/tweepy/models.py\", line 85, in\nparse\n File \"build/bdist.linux-x86_64/egg/tweepy/models.py\", line 50, in\nparse\n File \"build/bdist.linux-x86_64/egg/tweepy/utils.py\", line 14, in\nparse_datetime\n File \"/usr/lib/python2.6/_strptime.py\", line 454, in _strptime_time\n   return _strptime(data_string, format)[0]\n File \"/usr/lib/python2.6/_strptime.py\", line 325, in _strptime\n   (data_string, format))\nValueError: time data Mon Feb 01 18:45:13 +0000 2010' does not match\nformat '%a %b %d %H:%M:%S +0000 %Y'\n\nAfter some tests I discover that the problem is the locale settings,\ni.e. in my language %a = Mon will be %a=Lun.\n\nIf I set LANG=en_US.UTF-8 the problem go away.\n\nSo for now I put this line in my app code:\nlocale.setlocale(locale.LC_ALL, 'C')\n\nAnd that fix the problem.\n\nIs there anyway to fix this in the tweepy library?\n\nSimilar issue reported for python-twitter: http://code.google.com/p/python-twitter/issues/detail?id=10\nMon Feb 01 18:45:13 +0000 2010 does not match\nformat '%a %b %d %H:%M:%S +0000 %Y'\n\nAfter some tests I discover that the problem is the locale settings,\ni.e. in my language %a = Mon will be %a=Lun.\n\nIf I set LANG=en_US.UTF-8 the problem go away.\n\nSo for now I put this line in my app code:\nlocale.setlocale(locale.LC_ALL, 'C')\n\nAnd that fix the problem.\n\nIs there anyway to fix this in the tweepy library?\n\nSimilar issue reported for python-twitter: http://code.google.com/p/python-twitter/issues/detail?id=10\n does not match\nformat %a %b %d %H:%M:%S +0000 %Y'\n\nAfter some tests I discover that the problem is the locale settings,\ni.e. in my language %a = Mon will be %a=Lun.\n\nIf I set LANG=en_US.UTF-8 the problem go away.\n\nSo for now I put this line in my app code:\nlocale.setlocale(locale.LC_ALL, 'C')\n\nAnd that fix the problem.\n\nIs there anyway to fix this in the tweepy library?\n\nSimilar issue reported for python-twitter: http://code.google.com/p/python-twitter/issues/detail?id=10\n%a %b %d %H:%M:%S +0000 %Y\n\nAfter some tests I discover that the problem is the locale settings,\ni.e. in my language %a = Mon will be %a=Lun.\n\nIf I set LANG=en_US.UTF-8 the problem go away.\n\nSo for now I put this line in my app code:\nlocale.setlocale(locale.LC_ALL, 'C')\n\nAnd that fix the problem.\n\nIs there anyway to fix this in the tweepy library?\n\nSimilar issue reported for python-twitter: http://code.google.com/p/python-twitter/issues/detail?id=10\n\n\nAfter some tests I discover that the problem is the locale settings,\ni.e. in my language %a = Mon will be %a=Lun.\n\nIf I set LANG=en_US.UTF-8 the problem go away.\n\nSo for now I put this line in my app code:\nlocale.setlocale(locale.LC_ALL, C')\n\nAnd that fix the problem.\n\nIs there anyway to fix this in the tweepy library?\n\nSimilar issue reported for python-twitter: http://code.google.com/p/python-twitter/issues/detail?id=10\nC)\n\nAnd that fix the problem.\n\nIs there anyway to fix this in the tweepy library?\n\nSimilar issue reported for python-twitter: http://code.google.com/p/python-twitter/issues/detail?id=10\n)\n\nAnd that fix the problem.\n\nIs there anyway to fix this in the tweepy library?\n\nSimilar issue reported for python-twitter: http://code.google.com/p/python-twitter/issues/detail?id=10\n",
	"comments": 7,
	"comments_content": [
	{
		"user": "BonsaiDen",
		"body": "Actually I fixed it with a rather nasty hack, but it works.\n\nRewrite parse_datetime in utils.py to this and it works:\ndef parse_datetime(string):\n\n```\n# Fix locale bugs, just convert the month to a number\n# so we dont need to deal with locale dependant strings\ndate = string.split(\" \")[1:]\ndate[0] = str([\"\", \"Jan\", \"Feb\", \"Mar\", \"Apr\", \"May\", \"Jun\", \"Jul\", \"Aug\", \"Sep\", \"Oct\", \"Nov\", \"Dec\"].index(date[0]))\n\n# We must parse datetime this way to work in python 2.4\nreturn datetime(*(time.strptime(\" \".join(date), '%m %d %H:%M:%S +0000 %Y')[0:6]))\n```\n\nOh and make sure to also edit parse_search_datetime this way.\n\nTested under a German Ubuntu installation running Python2.6\nt need to deal with locale dependant strings\ndate = string.split(\" \")[1:]\ndate[0] = str([\"\", \"Jan\", \"Feb\", \"Mar\", \"Apr\", \"May\", \"Jun\", \"Jul\", \"Aug\", \"Sep\", \"Oct\", \"Nov\", \"Dec\"].index(date[0]))\n\n# We must parse datetime this way to work in python 2.4\nreturn datetime(*(time.strptime(\" \".join(date), %m %d %H:%M:%S +0000 %Y')[0:6]))\n```\n\nOh and make sure to also edit parse_search_datetime this way.\n\nTested under a German Ubuntu installation running Python2.6\n%m %d %H:%M:%S +0000 %Y)[0:6]))\n```\n\nOh and make sure to also edit parse_search_datetime this way.\n\nTested under a German Ubuntu installation running Python2.6\n)[0:6]))\n```\n\nOh and make sure to also edit parse_search_datetime this way.\n\nTested under a German Ubuntu installation running Python2.6\n"
	},
	{
		"user": "BonsaiDen",
		"body": "Just wanted to point out that this is actually fixed in my Fork, so as soon as it gets merged back this bug will vanish.\n"
	},
	{
		"user": "joshthecoder",
		"body": "Thanks will merge in ASAP to close this issue.\n"
	},
	{
		"user": "BonsaiDen",
		"body": "Just deployed a new version of the fix that doesnt use the hack anymore, instead it switches the locale settings before parsing and reverts them after.\n\nhttp://github.com/BonsaiDen/tweepy/commit/c3c7c9d36ca0392f9b3563cff63e1b6b8e48e09e\nt use the hack anymore, instead it switches the locale settings before parsing and reverts them after.\n\nhttp://github.com/BonsaiDen/tweepy/commit/c3c7c9d36ca0392f9b3563cff63e1b6b8e48e09e\n"
	},
	{
		"user": "joshthecoder",
		"body": "Applied fix for this issue: master @ f7b96f3ffe7240e4f9935a2c6e6ef1cba0c77665\n"
	},
	{
		"user": "jayliew",
		"body": "Looks like Im still seeing this problem with tweepy 1.6\n\nLinux hostname 2.6.24-24-xen #1 SMP Tue Aug 18 18:15:39 UTC 2009 x86_64 GNU/Linux\nDISTRIB_ID=Ubuntu\nDISTRIB_RELEASE=9.04\nDISTRIB_CODENAME=jaunty\nDISTRIB_DESCRIPTION=\"Ubuntu 9.04\"\nLANG=en_US.UTF-8\n\nhttp://python.pastebin.com/YgCxpRjV\n\nPython 2.6.2 (release26-maint, Apr 19 2009, 01:58:18) \n[GCC 4.3.3] on linux2\nType \"help\", \"copyright\", \"credits\" or \"license\" for more information.\n\n> > > import tweepy\n> > > tweepy.**file**\n> > > '/usr/local/lib/python2.6/dist-packages/tweepy/**init**.pyc'\n> > > tweepy.**version**\n> > > '1.6'\n> > > tweepy.api.public_timeline()\n> > > Traceback (most recent call last):\n> > >   File \"<stdin>\", line 1, in <module>\n> > >   File \"/usr/local/lib/python2.6/dist-packages/tweepy/binder.py\", line 178, in _call\n> > >     return method.execute()\n> > >   File \"/usr/local/lib/python2.6/dist-packages/tweepy/binder.py\", line 164, in execute\n> > >     result = self.api.parser.parse(self, resp.read())\n> > >   File \"/usr/local/lib/python2.6/dist-packages/tweepy/parsers.py\", line 72, in parse\n> > >     result = model.parse_list(method.api, json)\n> > >   File \"/usr/local/lib/python2.6/dist-packages/tweepy/models.py\", line 35, in parse_list\n> > >     results.append(cls.parse(api, obj))\n> > >   File \"/usr/local/lib/python2.6/dist-packages/tweepy/models.py\", line 50, in parse\n> > >     setattr(status, k, parse_datetime(v))\n> > >   File \"/usr/local/lib/python2.6/dist-packages/tweepy/utils.py\", line 20, in parse_datetime\n> > >     locale.setlocale(locale.LC_TIME, '')\n> > >   File \"/usr/lib/python2.6/locale.py\", line 513, in setlocale\n> > >     return _setlocale(category, locale)\n> > > locale.Error: unsupported locale setting\nm still seeing this problem with tweepy 1.6\n\nLinux hostname 2.6.24-24-xen #1 SMP Tue Aug 18 18:15:39 UTC 2009 x86_64 GNU/Linux\nDISTRIB_ID=Ubuntu\nDISTRIB_RELEASE=9.04\nDISTRIB_CODENAME=jaunty\nDISTRIB_DESCRIPTION=\"Ubuntu 9.04\"\nLANG=en_US.UTF-8\n\nhttp://python.pastebin.com/YgCxpRjV\n\nPython 2.6.2 (release26-maint, Apr 19 2009, 01:58:18) \n[GCC 4.3.3] on linux2\nType \"help\", \"copyright\", \"credits\" or \"license\" for more information.\n\n> > > import tweepy\n> > > tweepy.**file**\n> > > /usr/local/lib/python2.6/dist-packages/tweepy/**init**.pyc'\n> > > tweepy.**version**\n> > > '1.6'\n> > > tweepy.api.public_timeline()\n> > > Traceback (most recent call last):\n> > >   File \"<stdin>\", line 1, in <module>\n> > >   File \"/usr/local/lib/python2.6/dist-packages/tweepy/binder.py\", line 178, in _call\n> > >     return method.execute()\n> > >   File \"/usr/local/lib/python2.6/dist-packages/tweepy/binder.py\", line 164, in execute\n> > >     result = self.api.parser.parse(self, resp.read())\n> > >   File \"/usr/local/lib/python2.6/dist-packages/tweepy/parsers.py\", line 72, in parse\n> > >     result = model.parse_list(method.api, json)\n> > >   File \"/usr/local/lib/python2.6/dist-packages/tweepy/models.py\", line 35, in parse_list\n> > >     results.append(cls.parse(api, obj))\n> > >   File \"/usr/local/lib/python2.6/dist-packages/tweepy/models.py\", line 50, in parse\n> > >     setattr(status, k, parse_datetime(v))\n> > >   File \"/usr/local/lib/python2.6/dist-packages/tweepy/utils.py\", line 20, in parse_datetime\n> > >     locale.setlocale(locale.LC_TIME, '')\n> > >   File \"/usr/lib/python2.6/locale.py\", line 513, in setlocale\n> > >     return _setlocale(category, locale)\n> > > locale.Error: unsupported locale setting\n/usr/local/lib/python2.6/dist-packages/tweepy/**init**.pyc\n> > > tweepy.**version**\n> > > '1.6'\n> > > tweepy.api.public_timeline()\n> > > Traceback (most recent call last):\n> > >   File \"<stdin>\", line 1, in <module>\n> > >   File \"/usr/local/lib/python2.6/dist-packages/tweepy/binder.py\", line 178, in _call\n> > >     return method.execute()\n> > >   File \"/usr/local/lib/python2.6/dist-packages/tweepy/binder.py\", line 164, in execute\n> > >     result = self.api.parser.parse(self, resp.read())\n> > >   File \"/usr/local/lib/python2.6/dist-packages/tweepy/parsers.py\", line 72, in parse\n> > >     result = model.parse_list(method.api, json)\n> > >   File \"/usr/local/lib/python2.6/dist-packages/tweepy/models.py\", line 35, in parse_list\n> > >     results.append(cls.parse(api, obj))\n> > >   File \"/usr/local/lib/python2.6/dist-packages/tweepy/models.py\", line 50, in parse\n> > >     setattr(status, k, parse_datetime(v))\n> > >   File \"/usr/local/lib/python2.6/dist-packages/tweepy/utils.py\", line 20, in parse_datetime\n> > >     locale.setlocale(locale.LC_TIME, '')\n> > >   File \"/usr/lib/python2.6/locale.py\", line 513, in setlocale\n> > >     return _setlocale(category, locale)\n> > > locale.Error: unsupported locale setting\n\n> > > tweepy.**version**\n> > > 1.6'\n> > > tweepy.api.public_timeline()\n> > > Traceback (most recent call last):\n> > >   File \"<stdin>\", line 1, in <module>\n> > >   File \"/usr/local/lib/python2.6/dist-packages/tweepy/binder.py\", line 178, in _call\n> > >     return method.execute()\n> > >   File \"/usr/local/lib/python2.6/dist-packages/tweepy/binder.py\", line 164, in execute\n> > >     result = self.api.parser.parse(self, resp.read())\n> > >   File \"/usr/local/lib/python2.6/dist-packages/tweepy/parsers.py\", line 72, in parse\n> > >     result = model.parse_list(method.api, json)\n> > >   File \"/usr/local/lib/python2.6/dist-packages/tweepy/models.py\", line 35, in parse_list\n> > >     results.append(cls.parse(api, obj))\n> > >   File \"/usr/local/lib/python2.6/dist-packages/tweepy/models.py\", line 50, in parse\n> > >     setattr(status, k, parse_datetime(v))\n> > >   File \"/usr/local/lib/python2.6/dist-packages/tweepy/utils.py\", line 20, in parse_datetime\n> > >     locale.setlocale(locale.LC_TIME, '')\n> > >   File \"/usr/lib/python2.6/locale.py\", line 513, in setlocale\n> > >     return _setlocale(category, locale)\n> > > locale.Error: unsupported locale setting\n1.6\n> > > tweepy.api.public_timeline()\n> > > Traceback (most recent call last):\n> > >   File \"<stdin>\", line 1, in <module>\n> > >   File \"/usr/local/lib/python2.6/dist-packages/tweepy/binder.py\", line 178, in _call\n> > >     return method.execute()\n> > >   File \"/usr/local/lib/python2.6/dist-packages/tweepy/binder.py\", line 164, in execute\n> > >     result = self.api.parser.parse(self, resp.read())\n> > >   File \"/usr/local/lib/python2.6/dist-packages/tweepy/parsers.py\", line 72, in parse\n> > >     result = model.parse_list(method.api, json)\n> > >   File \"/usr/local/lib/python2.6/dist-packages/tweepy/models.py\", line 35, in parse_list\n> > >     results.append(cls.parse(api, obj))\n> > >   File \"/usr/local/lib/python2.6/dist-packages/tweepy/models.py\", line 50, in parse\n> > >     setattr(status, k, parse_datetime(v))\n> > >   File \"/usr/local/lib/python2.6/dist-packages/tweepy/utils.py\", line 20, in parse_datetime\n> > >     locale.setlocale(locale.LC_TIME, '')\n> > >   File \"/usr/lib/python2.6/locale.py\", line 513, in setlocale\n> > >     return _setlocale(category, locale)\n> > > locale.Error: unsupported locale setting\n\n> > > tweepy.api.public_timeline()\n> > > Traceback (most recent call last):\n> > >   File \"<stdin>\", line 1, in <module>\n> > >   File \"/usr/local/lib/python2.6/dist-packages/tweepy/binder.py\", line 178, in _call\n> > >     return method.execute()\n> > >   File \"/usr/local/lib/python2.6/dist-packages/tweepy/binder.py\", line 164, in execute\n> > >     result = self.api.parser.parse(self, resp.read())\n> > >   File \"/usr/local/lib/python2.6/dist-packages/tweepy/parsers.py\", line 72, in parse\n> > >     result = model.parse_list(method.api, json)\n> > >   File \"/usr/local/lib/python2.6/dist-packages/tweepy/models.py\", line 35, in parse_list\n> > >     results.append(cls.parse(api, obj))\n> > >   File \"/usr/local/lib/python2.6/dist-packages/tweepy/models.py\", line 50, in parse\n> > >     setattr(status, k, parse_datetime(v))\n> > >   File \"/usr/local/lib/python2.6/dist-packages/tweepy/utils.py\", line 20, in parse_datetime\n> > >     locale.setlocale(locale.LC_TIME, ')\n> > >   File \"/usr/lib/python2.6/locale.py\", line 513, in setlocale\n> > >     return _setlocale(category, locale)\n> > > locale.Error: unsupported locale setting\n)\n> > >   File \"/usr/lib/python2.6/locale.py\", line 513, in setlocale\n> > >     return _setlocale(category, locale)\n> > > locale.Error: unsupported locale setting\n)\n> > >   File \"/usr/lib/python2.6/locale.py\", line 513, in setlocale\n> > >     return _setlocale(category, locale)\n> > > locale.Error: unsupported locale setting\n"
	},
	{
		"user": "jayliew",
		"body": "Ok, perhaps not an issue with tweepy after all. I couldnt set and unset the locale on Ubuntu - until I did this: aptitude install language-pack-en\n\nwhich after I did, I no longer got the unsupported locale setting error from tweepy.\n\ncredit: http://ubuntuforums.org/showthread.php?t=972867\nt set and unset the locale on Ubuntu - until I did this: aptitude install language-pack-en\n\nwhich after I did, I no longer got the unsupported locale setting error from tweepy.\n\ncredit: http://ubuntuforums.org/showthread.php?t=972867\n"
	}
	]
}