{
	"url": "https://api.github.com/repos/bower/bower/issues/2135",
	"html_url": "https://github.com/bower/bower/issues/2135",
	"title": "Inconsistent paths when installing dependency with a different name",
	"user": "quarterto",
	"labels": [
		{
			"name": "bug"
		},
		{
			"name": "help wanted"
		}
	],
	"body": "When explicitly installing a package that is registered under multiple names, the package is always placed in `bower_components` under the canonical name from the packages bower.json. For example, `bower install quartertobowertest-a` and `bower install quartertobowertest-b` both install to `bower_components/quartertobowertest-a`.\n\nHowever, if another package has it in `dependencies`, it is installed to the name listed in dependencies no matter what. For example, `bower install quartertobowertest-dep`, which has:\n\n``` json\n\"dependencies\": {\n  \"quartertobowertest-b\": \"*\"\n}\n```\n\ninstalls the package to `bower_components/quartertobowertest-b`. This can cause duplicate installs when multiple packages depend on the package under different names, or the root package depends on the package and its dependent.\n\nThis was initially reported as ftlabs/ftdomdelegate#77, which is registered as `dom-delegate` in the main registry and `ftdomdelegate` in the [Origami registry](http://registry.origami.ft.com/components).\ns bower.json. For example, `bower install quartertobowertest-a` and `bower install quartertobowertest-b` both install to `bower_components/quartertobowertest-a`.\n\nHowever, if another package has it in `dependencies`, it is installed to the name listed in dependencies no matter what. For example, `bower install quartertobowertest-dep`, which has:\n\n``` json\n\"dependencies\": {\n  \"quartertobowertest-b\": \"*\"\n}\n```\n\ninstalls the package to `bower_components/quartertobowertest-b`. This can cause duplicate installs when multiple packages depend on the package under different names, or the root package depends on the package and its dependent.\n\nThis was initially reported as ftlabs/ftdomdelegate#77, which is registered as `dom-delegate` in the main registry and `ftdomdelegate` in the [Origami registry](http://registry.origami.ft.com/components).\n",
	"comments": 6,
	"comments_content": [
	{
		"user": "sheerun",
		"body": "Its interesting. Maybe you can write a failing test in `test/commands/install.js` ?\ns interesting. Maybe you can write a failing test in `test/commands/install.js` ?\n"
	},
	{
		"user": "benmann",
		"body": "Im not so sure this is something we can fix soon. I'll summarize the situation: \n\nBecause the bower.json is set to `name: dom-delegate` and there is only one (the same) repo for both packages the following happens: \n\nBower registry > `dom-delegate` > resolves to: `dom-delegate`\nOrigami registry > `ftdomdelegate` > resolves to: `dom-delegate` \nWhich is by design, as the packages are literally pointing to the same repo only named differently and the bower.json is the single point of truth here. Not surprising — agree? \n\n> Quick solution to fix this confusion: rename in Bower registry & bower.json ==> both packages now resolve to the same repo and have the same name. All good, you solved all problems. Then again you now have the same packages twice.. get rid of one!\n\nWhen installing as a dependency you specify the name, which means Bower does (so it seems) not check the bower.json, but assumes you entered the right name and fetches exactly that package, installing it as specified in the depency-section (it does not resolve the name from the bower.json). This is the real problem and it only occurs because you have two packages which in reality are one. Even pointing to the same repo. The easy solution: again.. don't have two packages that really are one! That way you will not have duplicate installs from different depencies.    \n\nThe problem behind the scenes: If more than one registry is in use (or actually always), we need to resolve dependency-names from the bower.json.  \n Using just one registry, we also need to make sure we do not allow to add a package that points to a repo which is already registered under a different name! I suspect right now this can also happen, as `bower lookup jquery` and `bower lookup jQuery` might point to the same repo. As dependencies then, they are different packages (not tested).  \nOne can prevent this by making the DB fields for `name` and `url` unique in our registry, however it might be too late — will need to find examples here.\n\nJust out of curiosity: what's the reason to have the same package in both registries?\nm not so sure this is something we can fix soon. Ill summarize the situation: \n\nBecause the bower.json is set to `name: dom-delegate` and there is only one (the same) repo for both packages the following happens: \n\nBower registry > `dom-delegate` > resolves to: `dom-delegate`\nOrigami registry > `ftdomdelegate` > resolves to: `dom-delegate` \nWhich is by design, as the packages are literally pointing to the same repo only named differently and the bower.json is the single point of truth here. Not surprising — agree? \n\n> Quick solution to fix this confusion: rename in Bower registry & bower.json ==> both packages now resolve to the same repo and have the same name. All good, you solved all problems. Then again you now have the same packages twice.. get rid of one!\n\nWhen installing as a dependency you specify the name, which means Bower does (so it seems) not check the bower.json, but assumes you entered the right name and fetches exactly that package, installing it as specified in the depency-section (it does not resolve the name from the bower.json). This is the real problem and it only occurs because you have two packages which in reality are one. Even pointing to the same repo. The easy solution: again.. don't have two packages that really are one! That way you will not have duplicate installs from different depencies.    \n\nThe problem behind the scenes: If more than one registry is in use (or actually always), we need to resolve dependency-names from the bower.json.  \n Using just one registry, we also need to make sure we do not allow to add a package that points to a repo which is already registered under a different name! I suspect right now this can also happen, as `bower lookup jquery` and `bower lookup jQuery` might point to the same repo. As dependencies then, they are different packages (not tested).  \nOne can prevent this by making the DB fields for `name` and `url` unique in our registry, however it might be too late — will need to find examples here.\n\nJust out of curiosity: what's the reason to have the same package in both registries?\nll summarize the situation: \n\nBecause the bower.json is set to `name: dom-delegate` and there is only one (the same) repo for both packages the following happens: \n\nBower registry > `dom-delegate` > resolves to: `dom-delegate`\nOrigami registry > `ftdomdelegate` > resolves to: `dom-delegate` \nWhich is by design, as the packages are literally pointing to the same repo only named differently and the bower.json is the single point of truth here. Not surprising — agree? \n\n> Quick solution to fix this confusion: rename in Bower registry & bower.json ==> both packages now resolve to the same repo and have the same name. All good, you solved all problems. Then again you now have the same packages twice.. get rid of one!\n\nWhen installing as a dependency you specify the name, which means Bower does (so it seems) not check the bower.json, but assumes you entered the right name and fetches exactly that package, installing it as specified in the depency-section (it does not resolve the name from the bower.json). This is the real problem and it only occurs because you have two packages which in reality are one. Even pointing to the same repo. The easy solution: again.. dont have two packages that really are one! That way you will not have duplicate installs from different depencies.    \n\nThe problem behind the scenes: If more than one registry is in use (or actually always), we need to resolve dependency-names from the bower.json.  \n Using just one registry, we also need to make sure we do not allow to add a package that points to a repo which is already registered under a different name! I suspect right now this can also happen, as `bower lookup jquery` and `bower lookup jQuery` might point to the same repo. As dependencies then, they are different packages (not tested).  \nOne can prevent this by making the DB fields for `name` and `url` unique in our registry, however it might be too late — will need to find examples here.\n\nJust out of curiosity: what's the reason to have the same package in both registries?\nt have two packages that really are one! That way you will not have duplicate installs from different depencies.    \n\nThe problem behind the scenes: If more than one registry is in use (or actually always), we need to resolve dependency-names from the bower.json.  \n Using just one registry, we also need to make sure we do not allow to add a package that points to a repo which is already registered under a different name! I suspect right now this can also happen, as `bower lookup jquery` and `bower lookup jQuery` might point to the same repo. As dependencies then, they are different packages (not tested).  \nOne can prevent this by making the DB fields for `name` and `url` unique in our registry, however it might be too late — will need to find examples here.\n\nJust out of curiosity: whats the reason to have the same package in both registries?\ns the reason to have the same package in both registries?\n"
	},
	{
		"user": "rajzshkr",
		"body": "@BenMann I saw plugins like jquery also registered many times, This may happen if the user trying to check bower register is happening or not?  So we have to make both **name** and **URL** unique, because we should not allow same package with different name and different package with same also. If you confirm I will crack the code of registry this week end. \n"
	},
	{
		"user": "benmann",
		"body": "TLDR: If you have a better solution than described in :two:, Im all for it!\n\nWe should not touch the registry for the actual issue described, as it wouldn't fix that problem. There can already be cases like this and it is now a little delicate which ever way we go, because we don't want to break current builds. Let's divide this into two before going into detail..\n\n## \n\nHere's an easy testcase (that actually works):\nWe have three packages. Two point to the same repo: `bowernametesta` and `bowernametestb`. They are effectivley the same package (same repo), registered under two names. --> :one:\nA third package which is called `bowernametestreq` requires this dependency:\n\n```\n\"dependencies\": {\n    \"bowernametestb\": \"bowernametestb#*\"   \n  }\n```\n\nNow if you install those two packages:\n`bower install bowernametesta` and then\n `bower install bowernametestreq`\nyou installed the same package under different names because the dependency is listed under a different name in `bowernametestreq`. --> :two:\n\n## \n\nI'll start with :two: : Dependencies are always installed to `/bower_components/<name in \"dependencies\">`, even though the `bower.json` of that package shows a different name. That's the actual problem. A possible solution is to check the `bower.json` of every dependency that will be installed and install it to `/bower_components/<name in dependencies' bower.json>`. This however might break current builds if we change it (cc: @sheerun riiight)? Without having looked at the code, such a fix is probably somewhere between `install` and resolvers.\n\n:one: is a different beast that I would totally postpone to a new registry version. What really needs to be checked is, whether a `url` is already present in the database and if this is the case, throw an error and inform the user that the package is already registered under name xyz. Easy for one DB but ideally this would magically work between different registries :smile:.\nm all for it!\n\nWe should not touch the registry for the actual issue described, as it wouldnt fix that problem. There can already be cases like this and it is now a little delicate which ever way we go, because we don't want to break current builds. Let's divide this into two before going into detail..\n\n## \n\nHere's an easy testcase (that actually works):\nWe have three packages. Two point to the same repo: `bowernametesta` and `bowernametestb`. They are effectivley the same package (same repo), registered under two names. --> :one:\nA third package which is called `bowernametestreq` requires this dependency:\n\n```\n\"dependencies\": {\n    \"bowernametestb\": \"bowernametestb#*\"   \n  }\n```\n\nNow if you install those two packages:\n`bower install bowernametesta` and then\n `bower install bowernametestreq`\nyou installed the same package under different names because the dependency is listed under a different name in `bowernametestreq`. --> :two:\n\n## \n\nI'll start with :two: : Dependencies are always installed to `/bower_components/<name in \"dependencies\">`, even though the `bower.json` of that package shows a different name. That's the actual problem. A possible solution is to check the `bower.json` of every dependency that will be installed and install it to `/bower_components/<name in dependencies' bower.json>`. This however might break current builds if we change it (cc: @sheerun riiight)? Without having looked at the code, such a fix is probably somewhere between `install` and resolvers.\n\n:one: is a different beast that I would totally postpone to a new registry version. What really needs to be checked is, whether a `url` is already present in the database and if this is the case, throw an error and inform the user that the package is already registered under name xyz. Easy for one DB but ideally this would magically work between different registries :smile:.\nt fix that problem. There can already be cases like this and it is now a little delicate which ever way we go, because we dont want to break current builds. Let's divide this into two before going into detail..\n\n## \n\nHere's an easy testcase (that actually works):\nWe have three packages. Two point to the same repo: `bowernametesta` and `bowernametestb`. They are effectivley the same package (same repo), registered under two names. --> :one:\nA third package which is called `bowernametestreq` requires this dependency:\n\n```\n\"dependencies\": {\n    \"bowernametestb\": \"bowernametestb#*\"   \n  }\n```\n\nNow if you install those two packages:\n`bower install bowernametesta` and then\n `bower install bowernametestreq`\nyou installed the same package under different names because the dependency is listed under a different name in `bowernametestreq`. --> :two:\n\n## \n\nI'll start with :two: : Dependencies are always installed to `/bower_components/<name in \"dependencies\">`, even though the `bower.json` of that package shows a different name. That's the actual problem. A possible solution is to check the `bower.json` of every dependency that will be installed and install it to `/bower_components/<name in dependencies' bower.json>`. This however might break current builds if we change it (cc: @sheerun riiight)? Without having looked at the code, such a fix is probably somewhere between `install` and resolvers.\n\n:one: is a different beast that I would totally postpone to a new registry version. What really needs to be checked is, whether a `url` is already present in the database and if this is the case, throw an error and inform the user that the package is already registered under name xyz. Easy for one DB but ideally this would magically work between different registries :smile:.\nt want to break current builds. Lets divide this into two before going into detail..\n\n## \n\nHere's an easy testcase (that actually works):\nWe have three packages. Two point to the same repo: `bowernametesta` and `bowernametestb`. They are effectivley the same package (same repo), registered under two names. --> :one:\nA third package which is called `bowernametestreq` requires this dependency:\n\n```\n\"dependencies\": {\n    \"bowernametestb\": \"bowernametestb#*\"   \n  }\n```\n\nNow if you install those two packages:\n`bower install bowernametesta` and then\n `bower install bowernametestreq`\nyou installed the same package under different names because the dependency is listed under a different name in `bowernametestreq`. --> :two:\n\n## \n\nI'll start with :two: : Dependencies are always installed to `/bower_components/<name in \"dependencies\">`, even though the `bower.json` of that package shows a different name. That's the actual problem. A possible solution is to check the `bower.json` of every dependency that will be installed and install it to `/bower_components/<name in dependencies' bower.json>`. This however might break current builds if we change it (cc: @sheerun riiight)? Without having looked at the code, such a fix is probably somewhere between `install` and resolvers.\n\n:one: is a different beast that I would totally postpone to a new registry version. What really needs to be checked is, whether a `url` is already present in the database and if this is the case, throw an error and inform the user that the package is already registered under name xyz. Easy for one DB but ideally this would magically work between different registries :smile:.\ns divide this into two before going into detail..\n\n## \n\nHeres an easy testcase (that actually works):\nWe have three packages. Two point to the same repo: `bowernametesta` and `bowernametestb`. They are effectivley the same package (same repo), registered under two names. --> :one:\nA third package which is called `bowernametestreq` requires this dependency:\n\n```\n\"dependencies\": {\n    \"bowernametestb\": \"bowernametestb#*\"   \n  }\n```\n\nNow if you install those two packages:\n`bower install bowernametesta` and then\n `bower install bowernametestreq`\nyou installed the same package under different names because the dependency is listed under a different name in `bowernametestreq`. --> :two:\n\n## \n\nI'll start with :two: : Dependencies are always installed to `/bower_components/<name in \"dependencies\">`, even though the `bower.json` of that package shows a different name. That's the actual problem. A possible solution is to check the `bower.json` of every dependency that will be installed and install it to `/bower_components/<name in dependencies' bower.json>`. This however might break current builds if we change it (cc: @sheerun riiight)? Without having looked at the code, such a fix is probably somewhere between `install` and resolvers.\n\n:one: is a different beast that I would totally postpone to a new registry version. What really needs to be checked is, whether a `url` is already present in the database and if this is the case, throw an error and inform the user that the package is already registered under name xyz. Easy for one DB but ideally this would magically work between different registries :smile:.\ns an easy testcase (that actually works):\nWe have three packages. Two point to the same repo: `bowernametesta` and `bowernametestb`. They are effectivley the same package (same repo), registered under two names. --> :one:\nA third package which is called `bowernametestreq` requires this dependency:\n\n```\n\"dependencies\": {\n    \"bowernametestb\": \"bowernametestb#*\"   \n  }\n```\n\nNow if you install those two packages:\n`bower install bowernametesta` and then\n `bower install bowernametestreq`\nyou installed the same package under different names because the dependency is listed under a different name in `bowernametestreq`. --> :two:\n\n## \n\nIll start with :two: : Dependencies are always installed to `/bower_components/<name in \"dependencies\">`, even though the `bower.json` of that package shows a different name. That's the actual problem. A possible solution is to check the `bower.json` of every dependency that will be installed and install it to `/bower_components/<name in dependencies' bower.json>`. This however might break current builds if we change it (cc: @sheerun riiight)? Without having looked at the code, such a fix is probably somewhere between `install` and resolvers.\n\n:one: is a different beast that I would totally postpone to a new registry version. What really needs to be checked is, whether a `url` is already present in the database and if this is the case, throw an error and inform the user that the package is already registered under name xyz. Easy for one DB but ideally this would magically work between different registries :smile:.\nll start with :two: : Dependencies are always installed to `/bower_components/<name in \"dependencies\">`, even though the `bower.json` of that package shows a different name. Thats the actual problem. A possible solution is to check the `bower.json` of every dependency that will be installed and install it to `/bower_components/<name in dependencies' bower.json>`. This however might break current builds if we change it (cc: @sheerun riiight)? Without having looked at the code, such a fix is probably somewhere between `install` and resolvers.\n\n:one: is a different beast that I would totally postpone to a new registry version. What really needs to be checked is, whether a `url` is already present in the database and if this is the case, throw an error and inform the user that the package is already registered under name xyz. Easy for one DB but ideally this would magically work between different registries :smile:.\ns the actual problem. A possible solution is to check the `bower.json` of every dependency that will be installed and install it to `/bower_components/<name in dependencies bower.json>`. This however might break current builds if we change it (cc: @sheerun riiight)? Without having looked at the code, such a fix is probably somewhere between `install` and resolvers.\n\n:one: is a different beast that I would totally postpone to a new registry version. What really needs to be checked is, whether a `url` is already present in the database and if this is the case, throw an error and inform the user that the package is already registered under name xyz. Easy for one DB but ideally this would magically work between different registries :smile:.\n bower.json>`. This however might break current builds if we change it (cc: @sheerun riiight)? Without having looked at the code, such a fix is probably somewhere between `install` and resolvers.\n\n:one: is a different beast that I would totally postpone to a new registry version. What really needs to be checked is, whether a `url` is already present in the database and if this is the case, throw an error and inform the user that the package is already registered under name xyz. Easy for one DB but ideally this would magically work between different registries :smile:.\n"
	},
	{
		"user": "benmann",
		"body": "Im going to reference [this issue](https://github.com/bower/bower/issues/2067) here, because :one: is actually even worse, if those packages are named identically, but one is lower-case and the other camel-case.\nm going to reference [this issue](https://github.com/bower/bower/issues/2067) here, because :one: is actually even worse, if those packages are named identically, but one is lower-case and the other camel-case.\n"
	},
	{
		"user": "sheerun",
		"body": "Maybe in Bower 2.0 we can ignore registry aliases and use name from bower.json\n"
	}
	]
}