{
	"url": "https://api.github.com/repos/mtgred/netrunner/issues/2358",
	"html_url": "https://github.com/mtgred/netrunner/issues/2358",
	"title": "Brain Chip hosted on Supplier issue",
	"user": "JoelCFC25",
	"labels": [
		{
			"name": "bug"
		},
		{
			"name": "cards"
		}
	],
	"body": "Install The Supplier, host a Brain Chip on it. Brain Chip should be inactive by definition. Give yourself tags, then as Corp, trash The Supplier. Brain Chips `:leave-play` effect is firing for some reason, despite the card not being installed, and the Runner's MU and maximum hand size get reduced. \r\n\r\ns `:leave-play` effect is firing for some reason, despite the card not being installed, and the Runners MU and maximum hand size get reduced. \r\n\r\ns MU and maximum hand size get reduced. \r\n\r\n",
	"comments": 6,
	"comments_content": [
	{
		"user": "danhut",
		"body": "I just realised this issue is for hosting on the supplier not peddler. Will have to try it out but since card is not facedown it seems unlikely!"
	},
	{
		"user": "danhut",
		"body": "I take it back - the fix should work.  :facedown is set when hosted on The Supplier\r\nJust needs testing."
	},
	{
		"user": "danhut",
		"body": "Added a test case to ensure this is the same fix"
	},
	{
		"user": "JoelCFC25",
		"body": "This is still occurring."
	},
	{
		"user": "PesiTheWizard",
		"body": "It may help to know that this happens with all cards that include :leave-play, be it on The supplier or Personal Workshop. Confirmed instances follow:\r\n\r\nA trashed The Supplier hosting...(Lets call this group A)\r\n...Q-Coherence Chip : -1 memory (not anymore since the Q-C fix)\r\n...Muertos Gang Member : Corp can rez something for free\r\n...Akshara Sareen : Corp has only 2 clicks per turn henceforth\r\n...Wireless Net Pavilion : Trashing resources no longer costs any money (doing this twice does not cause the corp to gain money when trashing resources)\r\nI have no doubt that if it were possible to host Origami in some manner the same would apply.\r\n\r\nThis also removes effects from other copies of cards already installed. Confirmed are:\r\n\r\nA trashed The Supplier/Personal Workshop hosting...(Let's call this group B)\r\n...Theophilius Bagbiter : The active Theophilius Bagbiter stops doing it's thing\r\n...Clot : Existing clots stop working\r\nSuspected to be the same : Raymond Flint, Paparazzi\r\n\r\nAlthough I haven't tested it specifically, I have no reason to believe that the 'fix' that was applied to Brain Chip previously will be different from group B. It was basically moved from group A to group B.s call this group A)\r\n...Q-Coherence Chip : -1 memory (not anymore since the Q-C fix)\r\n...Muertos Gang Member : Corp can rez something for free\r\n...Akshara Sareen : Corp has only 2 clicks per turn henceforth\r\n...Wireless Net Pavilion : Trashing resources no longer costs any money (doing this twice does not cause the corp to gain money when trashing resources)\r\nI have no doubt that if it were possible to host Origami in some manner the same would apply.\r\n\r\nThis also removes effects from other copies of cards already installed. Confirmed are:\r\n\r\nA trashed The Supplier/Personal Workshop hosting...(Lets call this group B)\r\n...Theophilius Bagbiter : The active Theophilius Bagbiter stops doing it's thing\r\n...Clot : Existing clots stop working\r\nSuspected to be the same : Raymond Flint, Paparazzi\r\n\r\nAlthough I haven't tested it specifically, I have no reason to believe that the 'fix' that was applied to Brain Chip previously will be different from group B. It was basically moved from group A to group B.s call this group B)\r\n...Theophilius Bagbiter : The active Theophilius Bagbiter stops doing its thing\r\n...Clot : Existing clots stop working\r\nSuspected to be the same : Raymond Flint, Paparazzi\r\n\r\nAlthough I haven't tested it specifically, I have no reason to believe that the 'fix' that was applied to Brain Chip previously will be different from group B. It was basically moved from group A to group B.s thing\r\n...Clot : Existing clots stop working\r\nSuspected to be the same : Raymond Flint, Paparazzi\r\n\r\nAlthough I havent tested it specifically, I have no reason to believe that the 'fix' that was applied to Brain Chip previously will be different from group B. It was basically moved from group A to group B.t tested it specifically, I have no reason to believe that the fix' that was applied to Brain Chip previously will be different from group B. It was basically moved from group A to group B.fix that was applied to Brain Chip previously will be different from group B. It was basically moved from group A to group B. that was applied to Brain Chip previously will be different from group B. It was basically moved from group A to group B."
	},
	{
		"user": "JoelCFC25",
		"body": "Havent written full unit tests to ensure it, but so far all of the scenarios listed above work correctly if the following is added directly below line 22 of `installing.clj`:\r\n\r\n`(not (and (= (:side card) \"Runner\") host (not installed) (not facedown)))`t written full unit tests to ensure it, but so far all of the scenarios listed above work correctly if the following is added directly below line 22 of `installing.clj`:\r\n\r\n`(not (and (= (:side card) \"Runner\") host (not installed) (not facedown)))`"
	}
	]
}