{
	"url": "https://api.github.com/repos/GhostText/GhostText/issues/50",
	"html_url": "https://github.com/GhostText/GhostText/issues/50",
	"title": "When activating GT creates multiple tabs in all open ST windows.",
	"user": "destos",
	"labels": [
		{
			"name": "bug"
		}
	],
	"body": "Ive been experiencing this for a while and has hampered my use of GhostText.\n\nLet me know of any steps I can take to get you better debugger output.\nve been experiencing this for a while and has hampered my use of GhostText.\n\nLet me know of any steps I can take to get you better debugger output.\n",
	"comments": 6,
	"comments_content": [
	{
		"user": "Cacodaimon",
		"body": "Can you please provide more information like OS, browser, page and application versions?\n"
	},
	{
		"user": "destos",
		"body": "@Cacodaimon \n\nOSX 10.10.3 (14D136), Chrome 42.0.2311.135 (64-bit), This comment box, Latest master on both the sublime and chrome package/extension. \n\n**Some behaviors:**\n\nWhen activating GT it asks for me to select the text area on the page as there are multiple. Ive expereinced this on all the pages I've attempted to use it on github.com. Wiki page editing and in the issues.\n\nOnce I click on the text area the multiple tabs are created in sublime.\n\nAll the other tabs do not update. The message in the browser \"There are multiple text areas on this page. Click the one you want to use.\" persists after clicking a textarea. It continues to persist after closing the ST tabs.\n\n![screen shot 2015-04-30 at 10 01 37 pm](https://cloud.githubusercontent.com/assets/136456/7426148/922c1ad6-ef84-11e4-8808-eebf924e896e.png)\n.\nve expereinced this on all the pages Ive attempted to use it on github.com. Wiki page editing and in the issues.\n\nOnce I click on the text area the multiple tabs are created in sublime.\n\nAll the other tabs do not update. The message in the browser \"There are multiple text areas on this page. Click the one you want to use.\" persists after clicking a textarea. It continues to persist after closing the ST tabs.\n\n![screen shot 2015-04-30 at 10 01 37 pm](https://cloud.githubusercontent.com/assets/136456/7426148/922c1ad6-ef84-11e4-8808-eebf924e896e.png)\n.\nve attempted to use it on github.com. Wiki page editing and in the issues.\n\nOnce I click on the text area the multiple tabs are created in sublime.\n\nAll the other tabs do not update. The message in the browser \"There are multiple text areas on this page. Click the one you want to use.\" persists after clicking a textarea. It continues to persist after closing the ST tabs.\n\n![screen shot 2015-04-30 at 10 01 37 pm](https://cloud.githubusercontent.com/assets/136456/7426148/922c1ad6-ef84-11e4-8808-eebf924e896e.png)\n.\n"
	},
	{
		"user": "Cacodaimon",
		"body": "I can reproduce this behavior _from time to time_ on stackoverflow.com with ST Build 3083, I will try fix this the next days.\n\nAre there any other plugins installed in ST or Chrome?\n"
	},
	{
		"user": "destos",
		"body": "I have quite a few sublime packages and chrome extensions. Ill try to list them.\n**Activated chrome extensions:**\n1Password manager\nGoogle Docs\nGoogle Sheets\nGoogle Slides\nHTTPS Everywhere\nLiveReload\nOctotree\nReact Developer Tools\nReddit Enhancement Suite\nSave to Pocket\nSpreed\nThe Great Suspender\nuBlock Origin\n\n**For Sublime:**\n        \"Advanced CSV\",\n        \"AdvancedNewFile\",\n        \"Alignment\",\n        \"All Autocomplete\",\n        \"AngularJS\",\n        \"AngularJS (CoffeeScript)\",\n        \"Arduino-like IDE\",\n        \"AutoFileName\",\n        \"Block Cursor Everywhere\",\n        \"BracketHighlighter\",\n        \"C++11\",\n        \"Case Conversion\",\n        \"Color Highlighter\",\n        \"ColorPicker\",\n        \"CSV\",\n        \"DashDoc\",\n        \"Djaneiro\",\n        \"Django Manage Commands\",\n        \"DjangoNoseTestRunner\",\n        \"DocBlockr\",\n        \"Dockerfile Syntax Highlighting\",\n        \"EditorConfig\",\n        \"Emmet\",\n        \"FileDiffs\",\n        \"FullScreenStatus\",\n        \"G-code Syntax Highlighting\",\n        \"Git\",\n        \"Git Config\",\n        \"GitGutter\",\n        \"GitStatus\",\n        \"Handlebars\",\n        \"HexViewer\",\n        \"HTMLBeautify\",\n        \"Javascript Beautify\",\n        \"Jinja2\",\n        \"JSON Reindent\",\n        \"JSX\",\n        \"LinkOpener\",\n        \"Markdown Extended\",\n        \"Markdown Preview\",\n        \"MarkdownEditing\",\n        \"nginx\",\n        \"Nodejs\",\n        \"Open Search Result\",\n        \"Origami\",\n        \"Package Control\",\n        \"Placehold.it Image Tag Generator\",\n        \"PlainNotes\",\n        \"PostgreSQL Syntax Highlighting\",\n        \"Pretty JSON\",\n        \"Python Improved\",\n        \"Python PEP8 Autoformat\",\n        \"ReactJS\",\n        \"ReadmePlease\",\n        \"requirementstxt\",\n        \"Restructured Text (RST) Snippets\",\n        \"RestructuredText Improved\",\n        \"SaltStack-related syntax highlighting and snippets\",\n        \"Sass\",\n        \"ScopeHunter\",\n        \"SideBarEnhancements\",\n        \"StringEncode\",\n        \"Stylus\",\n        \"sublime-github\",\n        \"SublimeBlockCursor\",\n        \"SublimeGit\",\n        \"SublimeLinter\",\n        \"SublimeLinter-coffeelint\",\n        \"SublimeLinter-cpplint\",\n        \"SublimeLinter-csslint\",\n        \"SublimeLinter-flake8\",\n        \"SublimeLinter-jshint\",\n        \"SublimeLinter-jsxhint\",\n        \"SublimeLinter-pep257\",\n        \"SublimePythonIDE\",\n        \"SublimeREPL\",\n        \"SublimeXiki\",\n        \"TrailingSpaces\",\n        \"URLEncode\",\n        \"Vagrant\",\n        \"Vintage Numbers\",\n        \"Vintage-Origami\",\n        \"VintageLines\",\n        \"Web Inspector\",\n        \"WordCount\"\nll try to list them.\n**Activated chrome extensions:**\n1Password manager\nGoogle Docs\nGoogle Sheets\nGoogle Slides\nHTTPS Everywhere\nLiveReload\nOctotree\nReact Developer Tools\nReddit Enhancement Suite\nSave to Pocket\nSpreed\nThe Great Suspender\nuBlock Origin\n\n**For Sublime:**\n        \"Advanced CSV\",\n        \"AdvancedNewFile\",\n        \"Alignment\",\n        \"All Autocomplete\",\n        \"AngularJS\",\n        \"AngularJS (CoffeeScript)\",\n        \"Arduino-like IDE\",\n        \"AutoFileName\",\n        \"Block Cursor Everywhere\",\n        \"BracketHighlighter\",\n        \"C++11\",\n        \"Case Conversion\",\n        \"Color Highlighter\",\n        \"ColorPicker\",\n        \"CSV\",\n        \"DashDoc\",\n        \"Djaneiro\",\n        \"Django Manage Commands\",\n        \"DjangoNoseTestRunner\",\n        \"DocBlockr\",\n        \"Dockerfile Syntax Highlighting\",\n        \"EditorConfig\",\n        \"Emmet\",\n        \"FileDiffs\",\n        \"FullScreenStatus\",\n        \"G-code Syntax Highlighting\",\n        \"Git\",\n        \"Git Config\",\n        \"GitGutter\",\n        \"GitStatus\",\n        \"Handlebars\",\n        \"HexViewer\",\n        \"HTMLBeautify\",\n        \"Javascript Beautify\",\n        \"Jinja2\",\n        \"JSON Reindent\",\n        \"JSX\",\n        \"LinkOpener\",\n        \"Markdown Extended\",\n        \"Markdown Preview\",\n        \"MarkdownEditing\",\n        \"nginx\",\n        \"Nodejs\",\n        \"Open Search Result\",\n        \"Origami\",\n        \"Package Control\",\n        \"Placehold.it Image Tag Generator\",\n        \"PlainNotes\",\n        \"PostgreSQL Syntax Highlighting\",\n        \"Pretty JSON\",\n        \"Python Improved\",\n        \"Python PEP8 Autoformat\",\n        \"ReactJS\",\n        \"ReadmePlease\",\n        \"requirementstxt\",\n        \"Restructured Text (RST) Snippets\",\n        \"RestructuredText Improved\",\n        \"SaltStack-related syntax highlighting and snippets\",\n        \"Sass\",\n        \"ScopeHunter\",\n        \"SideBarEnhancements\",\n        \"StringEncode\",\n        \"Stylus\",\n        \"sublime-github\",\n        \"SublimeBlockCursor\",\n        \"SublimeGit\",\n        \"SublimeLinter\",\n        \"SublimeLinter-coffeelint\",\n        \"SublimeLinter-cpplint\",\n        \"SublimeLinter-csslint\",\n        \"SublimeLinter-flake8\",\n        \"SublimeLinter-jshint\",\n        \"SublimeLinter-jsxhint\",\n        \"SublimeLinter-pep257\",\n        \"SublimePythonIDE\",\n        \"SublimeREPL\",\n        \"SublimeXiki\",\n        \"TrailingSpaces\",\n        \"URLEncode\",\n        \"Vagrant\",\n        \"Vintage Numbers\",\n        \"Vintage-Origami\",\n        \"VintageLines\",\n        \"Web Inspector\",\n        \"WordCount\"\n"
	},
	{
		"user": "Cacodaimon",
		"body": "This are a lot of plugins :) .\n\nThe first question is, it this a Mac related bug or does any ST or Chrome plugin causes this behavior?\n\n@bfred-it \nCan you reproduce this behavior on your Mac?\n\n@destos \nCan you disable all plugins and check if GT works when all other are disabled? \nMaybe we can find the reason… .\n"
	},
	{
		"user": "bfred-it",
		"body": "Whats on the Chrome store and Package Manager is the latest version, right? It works fine for me on this page, regardless of window count and `new_window_on_connect` setting. \n\nTo me it sounds like the Chrome extension is loading twice and opening two separate connections.\n- What do you see in Chrome's console?\n- Can you enable GT in incognito mode and try it in there?\ns on the Chrome store and Package Manager is the latest version, right? It works fine for me on this page, regardless of window count and `new_window_on_connect` setting. \n\nTo me it sounds like the Chrome extension is loading twice and opening two separate connections.\n- What do you see in Chromes console?\n- Can you enable GT in incognito mode and try it in there?\ns console?\n- Can you enable GT in incognito mode and try it in there?\n"
	}
	]
}