{
	"url": "https://api.github.com/repos/first87/polymer-chat/issues/11",
	"html_url": "https://github.com/first87/polymer-chat/issues/11",
	"title": "Angular production build - CSS mixins in component style NOT working properly with Polymer's custom-style",
	"user": "first87",
	"labels": [
		{
			"name": "bug"
		},
		{
			"name": "help wanted"
		}
	],
	"body": "#### Reproduction\r\n - Angular 4.2.3\r\n - Polymer 2\r\n - Used [origami](https://github.com/hotforfeature/origami/blob/master/docs/custom-style.md) to parse custom CSS variables and mixins in the component style\r\n   ```ts\r\n   /* ========= app.module.ts ========= */\r\n   import {CUSTOM_ELEMENTS_SCHEMA, NgModule} from @angular/core';\r\n   import {PolymerModule} from '@codebakery/origami';\r\n   ...\r\n\r\n   @NgModule({\r\n       ...\r\n       imports: [\r\n           ...\r\n           PolymerModule.forRoot(),\r\n           ...\r\n       ],\r\n       schemas: [CUSTOM_ELEMENTS_SCHEMA],\r\n       ...\r\n   })\r\n   ...\r\n   ```\r\n - Used CSS-mixins to style `<paper-textarea>` element in an Angular component\r\n   ```html\r\n   <!-- ========= angular.component.html ========= -->\r\n   ...\r\n   <paper-textarea class=\"form-control message-input-field\" ...>\r\n   </paper-textarea>\r\n   ...\r\n   ```\r\n   ```css\r\n   /* ========= angular.component.css ========= */\r\n   .message-input-field {\r\n       --paper-input-container-input-color: var(--app-input-color); /* works fine */\r\n       --paper-input-container-underline: { /* NOT working */\r\n           display: none;\r\n       }\r\n       --paper-input-container-underline-focus: { /* NOT working */\r\n           display: none;\r\n       }\r\n       @apply --app-word-wrapping; /* works fine */\r\n   }\r\n   ```\r\n   ```css\r\n   /* ========= document-level styles ========= */\r\n   --app-word-wrapping: {\r\n     overflow-wrap: break-word;\r\n     word-wrap: break-word;\r\n     -ms-word-wrap: break-word;\r\n     word-break: break-word;\r\n     -ms-word-break: break-word;\r\n   }\r\n   ```\r\n\r\n#### Current output (on the browser's inspector)\r\n```css\r\n--paper-input-container-input-color: var(--app-input-color);\r\n--paper-input-container-underline: {display:none}--paper-input-container-underline-focus:{display:none}overflow-wrap: var(--app-word-wrapping_-_overflow-wrap);\r\nword-wrap: var(--app-word-wrapping_-_word-wrap);\r\n-ms-word-wrap: var(--app-word-wrapping_-_-ms-word-wrap);\r\nword-break: var(--app-word-wrapping_-_word-break);\r\n-ms-word-break: var(--app-word-wrapping_-_-ms-word-break);\r\n```\r\n\r\n#### Expected output on the inspector\r\n```css\r\n--paper-input-container-input-color: var(--app-input-color);\r\n--paper-input-container-underline_-_display: none;\r\n--paper-input-container-underline-focus_-_display: none;\r\noverflow-wrap: var(--app-word-wrapping_-_overflow-wrap);\r\nword-wrap: var(--app-word-wrapping_-_word-wrap);\r\n-ms-word-wrap: var(--app-word-wrapping_-_-ms-word-wrap);\r\nword-break: var(--app-word-wrapping_-_word-break);\r\n-ms-word-break: var(--app-word-wrapping_-_-ms-word-break);\r\n```\r\n\r\nThis does happen only in the production build and everything works fine in the development mode. The production build is configured based on [origami's production build guide](https://github.com/hotforfeature/origami/blob/master/docs/production-build.md) and `enableProdMode()` is invoked in the production mode. (See also https://github.com/hotforfeature/origami/tree/master/demo for more detail of my production build configuration)\r\n\r\nNot sure if this problem comes from Angular production mode itself or anything else.@angular/core;\r\n   import {PolymerModule} from '@codebakery/origami';\r\n   ...\r\n\r\n   @NgModule({\r\n       ...\r\n       imports: [\r\n           ...\r\n           PolymerModule.forRoot(),\r\n           ...\r\n       ],\r\n       schemas: [CUSTOM_ELEMENTS_SCHEMA],\r\n       ...\r\n   })\r\n   ...\r\n   ```\r\n - Used CSS-mixins to style `<paper-textarea>` element in an Angular component\r\n   ```html\r\n   <!-- ========= angular.component.html ========= -->\r\n   ...\r\n   <paper-textarea class=\"form-control message-input-field\" ...>\r\n   </paper-textarea>\r\n   ...\r\n   ```\r\n   ```css\r\n   /* ========= angular.component.css ========= */\r\n   .message-input-field {\r\n       --paper-input-container-input-color: var(--app-input-color); /* works fine */\r\n       --paper-input-container-underline: { /* NOT working */\r\n           display: none;\r\n       }\r\n       --paper-input-container-underline-focus: { /* NOT working */\r\n           display: none;\r\n       }\r\n       @apply --app-word-wrapping; /* works fine */\r\n   }\r\n   ```\r\n   ```css\r\n   /* ========= document-level styles ========= */\r\n   --app-word-wrapping: {\r\n     overflow-wrap: break-word;\r\n     word-wrap: break-word;\r\n     -ms-word-wrap: break-word;\r\n     word-break: break-word;\r\n     -ms-word-break: break-word;\r\n   }\r\n   ```\r\n\r\n#### Current output (on the browser's inspector)\r\n```css\r\n--paper-input-container-input-color: var(--app-input-color);\r\n--paper-input-container-underline: {display:none}--paper-input-container-underline-focus:{display:none}overflow-wrap: var(--app-word-wrapping_-_overflow-wrap);\r\nword-wrap: var(--app-word-wrapping_-_word-wrap);\r\n-ms-word-wrap: var(--app-word-wrapping_-_-ms-word-wrap);\r\nword-break: var(--app-word-wrapping_-_word-break);\r\n-ms-word-break: var(--app-word-wrapping_-_-ms-word-break);\r\n```\r\n\r\n#### Expected output on the inspector\r\n```css\r\n--paper-input-container-input-color: var(--app-input-color);\r\n--paper-input-container-underline_-_display: none;\r\n--paper-input-container-underline-focus_-_display: none;\r\noverflow-wrap: var(--app-word-wrapping_-_overflow-wrap);\r\nword-wrap: var(--app-word-wrapping_-_word-wrap);\r\n-ms-word-wrap: var(--app-word-wrapping_-_-ms-word-wrap);\r\nword-break: var(--app-word-wrapping_-_word-break);\r\n-ms-word-break: var(--app-word-wrapping_-_-ms-word-break);\r\n```\r\n\r\nThis does happen only in the production build and everything works fine in the development mode. The production build is configured based on [origami's production build guide](https://github.com/hotforfeature/origami/blob/master/docs/production-build.md) and `enableProdMode()` is invoked in the production mode. (See also https://github.com/hotforfeature/origami/tree/master/demo for more detail of my production build configuration)\r\n\r\nNot sure if this problem comes from Angular production mode itself or anything else.;\r\n   import {PolymerModule} from @codebakery/origami';\r\n   ...\r\n\r\n   @NgModule({\r\n       ...\r\n       imports: [\r\n           ...\r\n           PolymerModule.forRoot(),\r\n           ...\r\n       ],\r\n       schemas: [CUSTOM_ELEMENTS_SCHEMA],\r\n       ...\r\n   })\r\n   ...\r\n   ```\r\n - Used CSS-mixins to style `<paper-textarea>` element in an Angular component\r\n   ```html\r\n   <!-- ========= angular.component.html ========= -->\r\n   ...\r\n   <paper-textarea class=\"form-control message-input-field\" ...>\r\n   </paper-textarea>\r\n   ...\r\n   ```\r\n   ```css\r\n   /* ========= angular.component.css ========= */\r\n   .message-input-field {\r\n       --paper-input-container-input-color: var(--app-input-color); /* works fine */\r\n       --paper-input-container-underline: { /* NOT working */\r\n           display: none;\r\n       }\r\n       --paper-input-container-underline-focus: { /* NOT working */\r\n           display: none;\r\n       }\r\n       @apply --app-word-wrapping; /* works fine */\r\n   }\r\n   ```\r\n   ```css\r\n   /* ========= document-level styles ========= */\r\n   --app-word-wrapping: {\r\n     overflow-wrap: break-word;\r\n     word-wrap: break-word;\r\n     -ms-word-wrap: break-word;\r\n     word-break: break-word;\r\n     -ms-word-break: break-word;\r\n   }\r\n   ```\r\n\r\n#### Current output (on the browser's inspector)\r\n```css\r\n--paper-input-container-input-color: var(--app-input-color);\r\n--paper-input-container-underline: {display:none}--paper-input-container-underline-focus:{display:none}overflow-wrap: var(--app-word-wrapping_-_overflow-wrap);\r\nword-wrap: var(--app-word-wrapping_-_word-wrap);\r\n-ms-word-wrap: var(--app-word-wrapping_-_-ms-word-wrap);\r\nword-break: var(--app-word-wrapping_-_word-break);\r\n-ms-word-break: var(--app-word-wrapping_-_-ms-word-break);\r\n```\r\n\r\n#### Expected output on the inspector\r\n```css\r\n--paper-input-container-input-color: var(--app-input-color);\r\n--paper-input-container-underline_-_display: none;\r\n--paper-input-container-underline-focus_-_display: none;\r\noverflow-wrap: var(--app-word-wrapping_-_overflow-wrap);\r\nword-wrap: var(--app-word-wrapping_-_word-wrap);\r\n-ms-word-wrap: var(--app-word-wrapping_-_-ms-word-wrap);\r\nword-break: var(--app-word-wrapping_-_word-break);\r\n-ms-word-break: var(--app-word-wrapping_-_-ms-word-break);\r\n```\r\n\r\nThis does happen only in the production build and everything works fine in the development mode. The production build is configured based on [origami's production build guide](https://github.com/hotforfeature/origami/blob/master/docs/production-build.md) and `enableProdMode()` is invoked in the production mode. (See also https://github.com/hotforfeature/origami/tree/master/demo for more detail of my production build configuration)\r\n\r\nNot sure if this problem comes from Angular production mode itself or anything else.@codebakery/origami;\r\n   ...\r\n\r\n   @NgModule({\r\n       ...\r\n       imports: [\r\n           ...\r\n           PolymerModule.forRoot(),\r\n           ...\r\n       ],\r\n       schemas: [CUSTOM_ELEMENTS_SCHEMA],\r\n       ...\r\n   })\r\n   ...\r\n   ```\r\n - Used CSS-mixins to style `<paper-textarea>` element in an Angular component\r\n   ```html\r\n   <!-- ========= angular.component.html ========= -->\r\n   ...\r\n   <paper-textarea class=\"form-control message-input-field\" ...>\r\n   </paper-textarea>\r\n   ...\r\n   ```\r\n   ```css\r\n   /* ========= angular.component.css ========= */\r\n   .message-input-field {\r\n       --paper-input-container-input-color: var(--app-input-color); /* works fine */\r\n       --paper-input-container-underline: { /* NOT working */\r\n           display: none;\r\n       }\r\n       --paper-input-container-underline-focus: { /* NOT working */\r\n           display: none;\r\n       }\r\n       @apply --app-word-wrapping; /* works fine */\r\n   }\r\n   ```\r\n   ```css\r\n   /* ========= document-level styles ========= */\r\n   --app-word-wrapping: {\r\n     overflow-wrap: break-word;\r\n     word-wrap: break-word;\r\n     -ms-word-wrap: break-word;\r\n     word-break: break-word;\r\n     -ms-word-break: break-word;\r\n   }\r\n   ```\r\n\r\n#### Current output (on the browser's inspector)\r\n```css\r\n--paper-input-container-input-color: var(--app-input-color);\r\n--paper-input-container-underline: {display:none}--paper-input-container-underline-focus:{display:none}overflow-wrap: var(--app-word-wrapping_-_overflow-wrap);\r\nword-wrap: var(--app-word-wrapping_-_word-wrap);\r\n-ms-word-wrap: var(--app-word-wrapping_-_-ms-word-wrap);\r\nword-break: var(--app-word-wrapping_-_word-break);\r\n-ms-word-break: var(--app-word-wrapping_-_-ms-word-break);\r\n```\r\n\r\n#### Expected output on the inspector\r\n```css\r\n--paper-input-container-input-color: var(--app-input-color);\r\n--paper-input-container-underline_-_display: none;\r\n--paper-input-container-underline-focus_-_display: none;\r\noverflow-wrap: var(--app-word-wrapping_-_overflow-wrap);\r\nword-wrap: var(--app-word-wrapping_-_word-wrap);\r\n-ms-word-wrap: var(--app-word-wrapping_-_-ms-word-wrap);\r\nword-break: var(--app-word-wrapping_-_word-break);\r\n-ms-word-break: var(--app-word-wrapping_-_-ms-word-break);\r\n```\r\n\r\nThis does happen only in the production build and everything works fine in the development mode. The production build is configured based on [origami's production build guide](https://github.com/hotforfeature/origami/blob/master/docs/production-build.md) and `enableProdMode()` is invoked in the production mode. (See also https://github.com/hotforfeature/origami/tree/master/demo for more detail of my production build configuration)\r\n\r\nNot sure if this problem comes from Angular production mode itself or anything else.;\r\n   ...\r\n\r\n   @NgModule({\r\n       ...\r\n       imports: [\r\n           ...\r\n           PolymerModule.forRoot(),\r\n           ...\r\n       ],\r\n       schemas: [CUSTOM_ELEMENTS_SCHEMA],\r\n       ...\r\n   })\r\n   ...\r\n   ```\r\n - Used CSS-mixins to style `<paper-textarea>` element in an Angular component\r\n   ```html\r\n   <!-- ========= angular.component.html ========= -->\r\n   ...\r\n   <paper-textarea class=\"form-control message-input-field\" ...>\r\n   </paper-textarea>\r\n   ...\r\n   ```\r\n   ```css\r\n   /* ========= angular.component.css ========= */\r\n   .message-input-field {\r\n       --paper-input-container-input-color: var(--app-input-color); /* works fine */\r\n       --paper-input-container-underline: { /* NOT working */\r\n           display: none;\r\n       }\r\n       --paper-input-container-underline-focus: { /* NOT working */\r\n           display: none;\r\n       }\r\n       @apply --app-word-wrapping; /* works fine */\r\n   }\r\n   ```\r\n   ```css\r\n   /* ========= document-level styles ========= */\r\n   --app-word-wrapping: {\r\n     overflow-wrap: break-word;\r\n     word-wrap: break-word;\r\n     -ms-word-wrap: break-word;\r\n     word-break: break-word;\r\n     -ms-word-break: break-word;\r\n   }\r\n   ```\r\n\r\n#### Current output (on the browsers inspector)\r\n```css\r\n--paper-input-container-input-color: var(--app-input-color);\r\n--paper-input-container-underline: {display:none}--paper-input-container-underline-focus:{display:none}overflow-wrap: var(--app-word-wrapping_-_overflow-wrap);\r\nword-wrap: var(--app-word-wrapping_-_word-wrap);\r\n-ms-word-wrap: var(--app-word-wrapping_-_-ms-word-wrap);\r\nword-break: var(--app-word-wrapping_-_word-break);\r\n-ms-word-break: var(--app-word-wrapping_-_-ms-word-break);\r\n```\r\n\r\n#### Expected output on the inspector\r\n```css\r\n--paper-input-container-input-color: var(--app-input-color);\r\n--paper-input-container-underline_-_display: none;\r\n--paper-input-container-underline-focus_-_display: none;\r\noverflow-wrap: var(--app-word-wrapping_-_overflow-wrap);\r\nword-wrap: var(--app-word-wrapping_-_word-wrap);\r\n-ms-word-wrap: var(--app-word-wrapping_-_-ms-word-wrap);\r\nword-break: var(--app-word-wrapping_-_word-break);\r\n-ms-word-break: var(--app-word-wrapping_-_-ms-word-break);\r\n```\r\n\r\nThis does happen only in the production build and everything works fine in the development mode. The production build is configured based on [origami's production build guide](https://github.com/hotforfeature/origami/blob/master/docs/production-build.md) and `enableProdMode()` is invoked in the production mode. (See also https://github.com/hotforfeature/origami/tree/master/demo for more detail of my production build configuration)\r\n\r\nNot sure if this problem comes from Angular production mode itself or anything else.s inspector)\r\n```css\r\n--paper-input-container-input-color: var(--app-input-color);\r\n--paper-input-container-underline: {display:none}--paper-input-container-underline-focus:{display:none}overflow-wrap: var(--app-word-wrapping_-_overflow-wrap);\r\nword-wrap: var(--app-word-wrapping_-_word-wrap);\r\n-ms-word-wrap: var(--app-word-wrapping_-_-ms-word-wrap);\r\nword-break: var(--app-word-wrapping_-_word-break);\r\n-ms-word-break: var(--app-word-wrapping_-_-ms-word-break);\r\n```\r\n\r\n#### Expected output on the inspector\r\n```css\r\n--paper-input-container-input-color: var(--app-input-color);\r\n--paper-input-container-underline_-_display: none;\r\n--paper-input-container-underline-focus_-_display: none;\r\noverflow-wrap: var(--app-word-wrapping_-_overflow-wrap);\r\nword-wrap: var(--app-word-wrapping_-_word-wrap);\r\n-ms-word-wrap: var(--app-word-wrapping_-_-ms-word-wrap);\r\nword-break: var(--app-word-wrapping_-_word-break);\r\n-ms-word-break: var(--app-word-wrapping_-_-ms-word-break);\r\n```\r\n\r\nThis does happen only in the production build and everything works fine in the development mode. The production build is configured based on [origamis production build guide](https://github.com/hotforfeature/origami/blob/master/docs/production-build.md) and `enableProdMode()` is invoked in the production mode. (See also https://github.com/hotforfeature/origami/tree/master/demo for more detail of my production build configuration)\r\n\r\nNot sure if this problem comes from Angular production mode itself or anything else.s production build guide](https://github.com/hotforfeature/origami/blob/master/docs/production-build.md) and `enableProdMode()` is invoked in the production mode. (See also https://github.com/hotforfeature/origami/tree/master/demo for more detail of my production build configuration)\r\n\r\nNot sure if this problem comes from Angular production mode itself or anything else.",
	"comments": 5,
	"comments_content": [
	{
		"user": "hotforfeature",
		"body": "This is one of those issues developers hate: the dreaded missing semicolon. The \"correct\" way to write a CSS mixin is with a semicolon at the end:\r\n\r\n```css\r\nhtml {\r\n  --my-mixin: { display: none }; <--\r\n  --might-still-work-but-not-correct: { display: none }\r\n}\r\n```\r\n\r\nAngulars production build is minifying the CSS, which ShadyCSS parses at runtime. Unminified with a line break (dev mode), ShadyCSS can parse it. Minified without a line break (prod mode), it needs the semicolon.\r\n\r\nThe following CSS from your example works for me when I cloned the repo:\r\n\r\napp.component.css\r\n```css\r\nhtml {\r\n  --app-word-wrapping: {\r\n    overflow-wrap: break-word;\r\n    word-wrap: break-word;\r\n    -ms-word-wrap: break-word;\r\n    word-break: break-word;\r\n    -ms-word-break: break-word;\r\n  }; <-- Note this worked without a semicolon because there are no rules following the \"improper\" mixin\r\n}\r\n\r\n.message-input-field {\r\n  --paper-input-container-input-color: var(--app-input-color);\r\n  --paper-input-container-underline: {\r\n    display: none;\r\n  };\r\n  --paper-input-container-underline-focus: {\r\n    display: none;\r\n  };\r\n  @apply --app-word-wrapping;\r\n}\r\n```s production build is minifying the CSS, which ShadyCSS parses at runtime. Unminified with a line break (dev mode), ShadyCSS can parse it. Minified without a line break (prod mode), it needs the semicolon.\r\n\r\nThe following CSS from your example works for me when I cloned the repo:\r\n\r\napp.component.css\r\n```css\r\nhtml {\r\n  --app-word-wrapping: {\r\n    overflow-wrap: break-word;\r\n    word-wrap: break-word;\r\n    -ms-word-wrap: break-word;\r\n    word-break: break-word;\r\n    -ms-word-break: break-word;\r\n  }; <-- Note this worked without a semicolon because there are no rules following the \"improper\" mixin\r\n}\r\n\r\n.message-input-field {\r\n  --paper-input-container-input-color: var(--app-input-color);\r\n  --paper-input-container-underline: {\r\n    display: none;\r\n  };\r\n  --paper-input-container-underline-focus: {\r\n    display: none;\r\n  };\r\n  @apply --app-word-wrapping;\r\n}\r\n```"
	},
	{
		"user": "first87",
		"body": "To keep tracking the discussion of the issue:\r\n - -> https://github.com/first87/polymer-chat/issues/20#issue-239260108 (or https://github.com/hotforfeature/origami/issues/37#issuecomment-311184104)\r\n - <- https://github.com/hotforfeature/origami/issues/37#issuecomment-311530360"
	},
	{
		"user": "first87",
		"body": "@hotforfeature Thanks for the update. Your last comment worked fine on my side. I mean the problem seemed fixed by simply replacing `.message-input-field` selector with `paper-textarea`.\r\nHowever, this time I am curious to know how it could be fixed. Is it kind of a ShadyCSS bug, or anything else I need to concern?\r\n"
	},
	{
		"user": "hotforfeature",
		"body": "Glad the workaround fixed the problem. Im not sure where the bug is, though my suspicion is to start looking at ShadyCSS because:\r\n\r\n- The problem only exists on Edge/IE\r\n- The problem exists in both dev and prod mode\r\n\r\nThis is still on my radar, though I've got one other issue on Origami that I'm working through first since this has an easy workaround. I'll update this discussion if I find out more.m not sure where the bug is, though my suspicion is to start looking at ShadyCSS because:\r\n\r\n- The problem only exists on Edge/IE\r\n- The problem exists in both dev and prod mode\r\n\r\nThis is still on my radar, though Ive got one other issue on Origami that I'm working through first since this has an easy workaround. I'll update this discussion if I find out more.ve got one other issue on Origami that Im working through first since this has an easy workaround. I'll update this discussion if I find out more.m working through first since this has an easy workaround. Ill update this discussion if I find out more.ll update this discussion if I find out more."
	},
	{
		"user": "first87",
		"body": "@hotforfeature Thanks for quick response. Will expect the next update with the background of the issue."
	}
	]
}