{
	"url": "https://api.github.com/repos/wbond/package_control/issues/1197",
	"html_url": "https://github.com/wbond/package_control/issues/1197",
	"title": "The dependency "numpy" is either not available on this platform or for this version of Sublime Text",
	"user": "evandrocoan",
	"labels": [
		{
			"name": "bug"
		}
	],
	"body": "### The dependency \"numpy\" is either not available on this platform or for this version of Sublime Text\r\n\r\nThe problem about this is, the message box popping every time you restart Sublime Text:\r\n\r\n![image](https://cloud.githubusercontent.com/assets/5332158/20645115/e13541b8-b439-11e6-8205-562d81d31d05.png)\r\n\r\nEvery time you open Sublime Text, this is showed on the console:\r\n```\r\nPackage Control: Using cached content for https://api.github.com/repos/math2001/FileManager/commits?sha=master&per_page=1 from D:\User\Dropbox\Applications\SoftwareVersioning\SublimeText\Data\Packages\User\Package Control.cache\1baed789e70a709c4915efe4ace1fb8f\r\nPackage Control: The dependency \"numpy\" is either not available on this platform or for this version of Sublime Text\r\nPackage Control: Installed missing dependency numpy\r\nPackage Control: Skipping automatic upgrade, last run at 2016-11-26 23:31:46, next run at 2016-11-27 00:31:46 or after\r\nerror: Package Control\r\n\r\n1 missing dependency was just installed. Sublime Text should be restarted, otherwise one or more of the installed packages may not function properly.\r\n```\r\n\r\nAnd the message box just above keeps popping up.\r\n\r\n### Expected behavior\r\n\r\nIf some package is unavailable, do not keep up popping a notice box every time you open Sublime Text, saying the dependency was installed, while actually the dependency is not installed, neither available.\r\n\r\n### How to reproduce the Issue\r\n\r\n1. To install the package https://packagecontrol.io/packages/Advanced%20CSV\r\n1. Restart you Sublime Text.\r\n\r\n____\r\n\r\n## \"debug\": true,\r\n\r\nSublime Text Build 3126 x86\r\nWindows 10 x64\r\nPackage Control Version 3.2.1\r\n\r\n```\r\nDPI scale: 1\r\nstartup, version: 3126 windows x32 channel: stable\r\nexecutable: /D/User/Dropbox/Applications/SoftwareVersioning/SublimeText/sublime_text.exe\r\nworking dir: /C/ProgramData/Microsoft/Windows/Start Menu/Atalhos\r\npackages path: /D/User/Dropbox/Applications/SoftwareVersioning/SublimeText/Data/Packages\r\nstate path: /D/User/Dropbox/Applications/SoftwareVersioning/SublimeText/Data/Local\r\nzip path: /D/User/Dropbox/Applications/SoftwareVersioning/SublimeText/Packages\r\nzip path: /D/User/Dropbox/Applications/SoftwareVersioning/SublimeText/Data/Installed Packages\r\nignored_packages: [\"Anaconda\", \"ApplySyntax\", \"ColorHelper\", \"DictionaryAutoComplete\", \"FileManager\", \"Git\", \"SublimeCodeIntel\", \"Vintage\", \"WordHighlight\"]\r\npre session restore time: 2.1638\r\nloading dictionary Packages/MultiLingual Dictionary/EN_PT.dic\r\nstartup time: 4.0718\r\nfirst paint time: 4.0778\r\nfirst paint time: 4.0788\r\nreloading plugin Default.auto_indent_tag\r\nreloading plugin Default.block\r\nreloading plugin Default.comment\r\nreloading plugin Default.convert_syntax\r\nreloading plugin Default.copy_path\r\nreloading plugin Default.delete_word\r\nreloading plugin Default.detect_indentation\r\nreloading plugin Default.duplicate_line\r\nreloading plugin Default.echo\r\nreloading plugin Default.exec\r\nreloading plugin Default.fold\r\nreloading plugin Default.font\r\nreloading plugin Default.goto_line\r\nreloading plugin Default.history_list\r\nreloading plugin Default.indentation\r\nreloading plugin Default.install_package_control\r\nreloading plugin Default.kill_ring\r\nreloading plugin Default.mark\r\nreloading plugin Default.new_templates\r\nreloading plugin Default.open_context_url\r\nreloading plugin Default.open_in_browser\r\nreloading plugin Default.pane\r\nreloading plugin Default.paragraph\r\nreloading plugin Default.paste_from_history\r\nreloading plugin Default.profile\r\nreloading plugin Default.quick_panel\r\nreloading plugin Default.run_syntax_tests\r\nreloading plugin Default.save_on_focus_lost\r\nreloading plugin Default.scroll\r\nreloading plugin Default.set_unsaved_view_name\r\nreloading plugin Default.settings\r\nreloading plugin Default.show_scope_name\r\nreloading plugin Default.side_bar\r\nreloading plugin Default.sort\r\nreloading plugin Default.swap_line\r\nreloading plugin Default.switch_file\r\nreloading plugin Default.symbol\r\nreloading plugin Default.transform\r\nreloading plugin Default.transpose\r\nreloading plugin Default.trim_trailing_white_space\r\nreloading plugin CSS.css_completions\r\nreloading plugin Diff.diff\r\nreloading plugin HTML.encode_html_entities\r\nreloading plugin HTML.html_completions\r\nreloading plugin 0_package_control_loader.00-package_control\r\nreloading plugin 0_package_control_loader.01-pygments\r\nreloading plugin 0_package_control_loader.50-backrefs\r\nreloading plugin 0_package_control_loader.50-markupsafe\r\nreloading plugin 0_package_control_loader.50-python-markdown\r\nreloading plugin 0_package_control_loader.50-pyyaml\r\nreloading plugin 0_package_control_loader.51-python-jinja2\r\nreloading plugin 0_package_control_loader.55-mdpopups\r\nreloading plugin Add Folder To Project.AddFolderToProject\r\nreloading plugin Advanced CSV.csvplugin\r\n=== NumPy disabled, using TinyNumPy instead ===\r\nTo enable cell evaluation using the full NumPy, download NumPy from:\r\n    https://pypi.python.org/pypi/numpy\r\nand install it into Sublime Texts Packages directory.\r\nFor information on the features and limitations of TinyNumPy, visit:\r\n    https://github.com/wadetb/tinynumpy\r\n======================\r\nreloading plugin AdvancedNewFile.AdvancedNewFile\r\nreloading plugin Alignment.Alignment\r\nreloading plugin AlignTab.aligner\r\nreloading plugin AlignTab.aligntab\r\nreloading plugin AlignTab.hist\r\nreloading plugin AlignTab.parser\r\nreloading plugin AlignTab.table\r\nreloading plugin AlignTab.wclen\r\nreloading plugin All Autocomplete.all_views_completions\r\nreloading plugin Auto Refresh.AutoRefresh\r\nreloading plugin AutoFileName.autofilename\r\nreloading plugin AutoFileName.getimageinfo\r\nreloading plugin Better CoffeeScript.CoffeeScript\r\nreloading plugin BracketHighlighter.bh_core\r\nreloading plugin BracketHighlighter.bh_logging\r\nreloading plugin BracketHighlighter.bh_plugin\r\nreloading plugin BracketHighlighter.bh_popup\r\nreloading plugin BracketHighlighter.bh_regions\r\nreloading plugin BracketHighlighter.bh_remove\r\nreloading plugin BracketHighlighter.bh_rules\r\nreloading plugin BracketHighlighter.bh_search\r\nreloading plugin BracketHighlighter.bh_swapping\r\nreloading plugin BracketHighlighter.bh_wrapping\r\nreloading plugin BracketHighlighter.support\r\nreloading plugin Case Conversion.case_conversion\r\nreloading plugin Case Conversion.case_parse\r\nreloading plugin Clickable URLs.clickable_urls\r\nreloading plugin Color Highlighter.ColorHighlighter\r\nreloading plugin Color Highlighter.colors\r\nreloading plugin ColorSchemeEditor.ColorSchemeEditor-ST2\r\nreloading plugin Column Select.column_select\r\nreloading plugin Compare Side-By-Side.sbs_compare\r\nreloading plugin Copy Filepath With Line Numbers.CopyFilepathWithLineNumbers\r\nreloading plugin CopyWithLineNumbersReloaded.copy_with_line_numbers\r\nreloading plugin Delete Current File.DeleteCurrentFile\r\nreloading plugin DistractionFreeWindow.distraction_free_window\r\nreloading plugin DocBlockr.jsdocs\r\nreloading plugin DuplicateSelections.duplicate_selections\r\nreloading plugin Edit Preferences.__init__\r\nreloading plugin Edit Preferences.commands_base\r\nreloading plugin Edit Preferences.edit_package_files\r\nreloading plugin Edit Preferences.extract_snippets\r\nreloading plugin Edit Preferences.helper_commands\r\nreloading plugin Edit Preferences.helpers\r\nreloading plugin Edit Preferences.insert_binding_repr\r\nreloading plugin Edit Preferences.jsonix\r\nreloading plugin Edit Preferences.list_commands\r\nreloading plugin Edit Preferences.list_menu_bindings\r\nreloading plugin Edit Preferences.list_settings\r\nreloading plugin Edit Preferences.list_shortcut_keys\r\nreloading plugin Edit Preferences.list_theme_selectors\r\nreloading plugin Edit Preferences.package_resources\r\nreloading plugin Edit Preferences.quick_panel_cols\r\nreloading plugin Edit Preferences.scheduler\r\nreloading plugin Emmet.emmet-plugin\r\nreloading plugin ExportHtml.changes\r\nreloading plugin ExportHtml.ExportBbcode\r\nreloading plugin ExportHtml.ExportHtml\r\nreloading plugin ExportHtml.HtmlAnnotations\r\nreloading plugin ExportHtml.support\r\nreloading plugin ExtendedTabSwitcher.ExtendedSwitcher\r\nreloading plugin Extract Text to File.extract_to_file\r\nreloading plugin File History.file_history\r\nreloading plugin File Rename.file_rename\r\nreloading plugin FileDiffs.file_diffs\r\nreloading plugin Find++.DirectoryPanel\r\nreloading plugin Find++.FindPlusPlus\r\nreloading plugin FindKeyConflicts.find_key_conflicts\r\nreloading plugin FuzzyFileNav.fuzzy_file_nav\r\nreloading plugin FuzzyFileNav.multiconf\r\nreloading plugin FuzzyFileNav.notify\r\nreloading plugin Gist.gist\r\nreloading plugin Gist.helpers\r\nreloading plugin Gist.request\r\nreloading plugin Gist.settings\r\nreloading plugin GitGutter.git_gutter\r\nreloading plugin GitGutter.git_gutter_compare\r\nreloading plugin GitGutter.git_gutter_events\r\nreloading plugin GitGutter.git_gutter_handler\r\nreloading plugin GitGutter.git_gutter_jump_to_changes\r\nreloading plugin GitGutter.git_gutter_popup\r\nreloading plugin GitGutter.git_gutter_settings\r\nreloading plugin GitGutter.git_gutter_show_diff\r\nreloading plugin GitGutter.git_helper\r\nreloading plugin GitGutter.promise\r\nreloading plugin Google Spell Check.google-spell-check\r\nreloading plugin GotoLastEditEnhanced.commands\r\nreloading plugin Highlight Build Errors.HighlightBuildErrors\r\nreloading plugin HighlightWords.HighlightWords\r\nreloading plugin Hungry Backspace.hungry_backspace\r\nreloading plugin Increment Selection.IncrementSelection\r\nreloading plugin Incrementor.Incrementor\r\nreloading plugin Invert Selection.invertselection\r\nreloading plugin LESS.less_completions\r\nreloading plugin Line Endings Unify.LineEndingsUnify\r\nreloading plugin Local History.LocalHistory\r\nreloading plugin Markdown Preview.helper\r\nreloading plugin Markdown Preview.markdown_settings\r\nreloading plugin Markdown Preview.markdown_wrapper\r\nreloading plugin Markdown Preview.MarkdownPreview\r\nreloading plugin MatlabFilenameAutoComplete.MatlabAutoComplete\r\nreloading plugin MaxPane.layouts_doc\r\nreloading plugin MaxPane.max_pane\r\nreloading plugin Non Text Files.NonTextFiles\r\nreloading plugin Number King.king\r\nreloading plugin Origami.origami\r\nreloading plugin PackageDev.build_sys_dev\r\nreloading plugin PackageDev.commands_file_dev\r\nreloading plugin PackageDev.completions_dev\r\nreloading plugin PackageDev.file_conversion\r\nreloading plugin PackageDev.settings_dev\r\nreloading plugin PackageDev.snippet_dev\r\nreloading plugin PackageDev.syntax_def_dev\r\nreloading plugin PackageResourceViewer.package_resource_viewer\r\nreloading plugin PackageResourceViewer.package_resources\r\nreloading plugin Path Translator.PathTranslator\r\nreloading plugin Project Specific Syntax Settings.project_syntax\r\nreloading plugin RecentActiveFiles.RecentActiveFiles\r\nreloading plugin ScopeAlways.ScopeAlways\r\nreloading plugin ScopeHunter.changes\r\nreloading plugin ScopeHunter.scope_hunter\r\nreloading plugin ScopeHunter.scope_hunter_notify\r\nreloading plugin ScopeHunter.support\r\nreloading plugin SQLExec.SQLExec\r\nreloading plugin StickySearch.StickySearch\r\nreloading plugin sublime-text-2-buildview.commands\r\nreloading plugin sublime-text-2-buildview.pipe_views\r\nreloading plugin sublime-text-2-buildview.settings\r\nreloading plugin Sync View Scroll.syncscroll\r\nreloading plugin SyntaxManager.syntaxmgr\r\nreloading plugin TabsExtra.support\r\nreloading plugin TabsExtra.tab_menu\r\nreloading plugin TabsExtra.tab_sort_helper\r\nreloading plugin TabsExtra.tabs_extra\r\nreloading plugin Text Pastry.text_pastry\r\nreloading plugin Text Pastry.text_pastry_addons\r\nreloading plugin Text Pastry.text_pastry_clipboard\r\nreloading plugin Text Pastry.text_pastry_selection\r\nreloading plugin Trimmer.Trimmer\r\nreloading plugin Whitespace.Whitespace\r\nreloading plugin Default.SyncedSideBarCommand\r\nreloading plugin amxmodx.AMXXEditor\r\nreloading plugin ANSIescape.ansi\r\nreloading plugin BetterFindBuffer.find_results\r\nreloading plugin Boxy Theme.BT\r\nreloading plugin BufferScroll.BufferScroll\r\nreloading plugin Clear Cursors-Carets.clear_cursors_carets\r\nreloading plugin Clipboard Scope Copy.clipboard_scope_copy\r\nreloading plugin ConvertToUTF8.ConvertToUTF8\r\nreloading plugin Default Syntax.default_syntax\r\nreloading plugin Fix Project Switch-Restart Bug.fix_project_switch_restart_bug\r\nreloading plugin Fixed Selections Clear.fixed_clear_selections\r\nreloading plugin Force Rewrite Sublime Settings.force_rewrite_sublime_settings\r\nreloading plugin Markdown to BB Code Converter.MarkdownToBBCode\r\nreloading plugin Package Control.1_reloader\r\nreloading plugin Package Control.2_bootstrap\r\nreloading plugin Package Control.Package Control\r\nreloading plugin Preferences Editor.Preferences Editor\r\nreloading plugin Random Everything.__init__\r\nreloading plugin Random Everything.random\r\nreloading plugin Side-by-Side Settings.sxs_settings\r\nreloading plugin SideBarEnhancements.SideBar\r\nreloading plugin SideBarEnhancements.SideBarAPI\r\nreloading plugin SideBarEnhancements.SideBarDefaultDisable\r\nreloading plugin SQL Keyword Uppercase.sql_keyword_uppercase\r\nreloading plugin SQLTools.SQLTools\r\nreloading plugin Sublime Tutor.sublime_tutor\r\nreloading plugin SublimeREPL.__init__\r\nreloading plugin SublimeREPL.completions\r\nreloading plugin SublimeREPL.lang_integration\r\nreloading plugin SublimeREPL.run_existing_command\r\nreloading plugin SublimeREPL.sublimerepl\r\nreloading plugin SublimeREPL.sublimerepl_build_system_hack\r\nreloading plugin SublimeREPL.text_transfer\r\nreloading plugin SyncedSideBar.SyncedSideBar\r\nreloading plugin Terminal.Terminal\r\nreloading plugin View Settings Freely.view_settings_freely\r\nreloading plugin zz File Icons.File Icons\r\nplugins loaded\r\nsyncScroll starting\r\nEmmet: No need to update PyV8\r\nPackage Control: Installing 1 missing dependency\r\nPackage Control: Fetching list of available packages and dependencies\r\n  Platform: windows-x32\r\n  Sublime Text Version: 3126\r\n  Package Control Version: 3.2.1\r\nPackage Control: Download Debug\r\n  URL: https://packagecontrol.io/channel_v3.json\r\n  Timeout: 30\r\n  Resolved IP: 50.116.33.29\r\n  Resolved IPv6: 2600:3c02::f03c:91ff:fedf:6883\r\nPackage Control: WinINet Debug Proxy\r\n  proxy: \r\n  proxy bypass: \r\n  proxy username: \r\n  proxy password: \r\nPackage Control: WinINet HTTPS Debug General\r\n  Server SSL Certificate:\r\n    subject: US, Massachusetts, Private Organization, 471714639, US, Massachusetts, Newbury, Codex Non Sufficit LC, codexns.io\r\n    issuer: US, GeoTrust Inc., GeoTrust EV SSL CA - G4\r\n    common name: codexns.io\r\n    issue date: Sun, 27 Mar 2016 21:00:00 GMT\r\n    expire date: Sun, 27 Nov 2016 21:59:59 GMT\r\nPackage Control: WinINet HTTPS Debug Write\r\n  GET /channel_v3.json HTTP/1.1\r\n  User-Agent: Package Control v3.2.1\r\n  Host: packagecontrol.io\r\n  Connection: Keep-Alive\r\n  Cache-Control: no-cache\r\n  Accept-Encoding: bzip2,gzip,deflate\r\n  If-Modified-Since: Sun, 27 Nov 2016 01:50:04 GMT\r\n  If-None-Match: \"583a3bcc-430bd\"\r\nPackage Control: WinINet HTTPS Debug Read\r\n  HTTP/1.1 200 OK\r\n  Server: nginx\r\n  Date: Sun, 27 Nov 2016 02:29:41 GMT\r\n  Content-Type: application/json\r\n  Content-Length: 276500\r\n  Last-Modified: Sun, 27 Nov 2016 02:20:05 GMT\r\n  Connection: keep-alive\r\n  ETag: \"583a42d5-43814\"\r\n  Content-Encoding: bzip2\r\n  Vary: Accept-Encoding\r\n  Strict-Transport-Security: max-age=15552000\r\n  Accept-Ranges: bytes\r\nPackage Control: Caching https://packagecontrol.io/channel_v3.json in D:\User\Dropbox\Applications\SoftwareVersioning\SublimeText\Data\Packages\User\Package Control.cache\01524fae79697630d0454ba3fabd9414\r\nPackage Control: Download Debug\r\n  URL: https://api.github.com/repos/math2001/FileManager\r\n  Timeout: 30\r\n  Resolved IP: 192.30.253.117\r\nPackage Control: WinINet Debug Proxy\r\n  proxy: \r\n  proxy bypass: \r\n  proxy username: \r\n  proxy password: \r\nPackage Control: WinINet HTTPS Debug General\r\n  Server SSL Certificate:\r\n    subject: US, California, San Francisco, \"GitHub, Inc.\", *.github.com\r\n    issuer: US, DigiCert Inc, www.digicert.com, DigiCert SHA2 High Assurance Server CA\r\n    common name: *.github.com\r\n    issue date: Mon, 07 Apr 2014 21:00:00 GMT\r\n    expire date: Wed, 12 Apr 2017 09:00:00 GMT\r\nPackage Control: WinINet HTTPS Debug Write\r\n  GET /repos/math2001/FileManager HTTP/1.1\r\n  User-Agent: Package Control v3.2.1\r\n  Host: api.github.com\r\n  Connection: Keep-Alive\r\n  Cache-Control: no-cache\r\n  Accept-Encoding: bzip2,gzip,deflate\r\n  If-Modified-Since: Mon, 21 Nov 2016 12:01:46 GMT\r\n  If-None-Match: W/\"01d0bf4f404f76ea5f58925ff6472e15\"\r\nPackage Control: WinINet HTTPS Debug Read\r\n  HTTP/1.1 304 Not Modified\r\n  Server: GitHub.com\r\n  Date: Sun, 27 Nov 2016 02:29:47 GMT\r\n  Status: 304 Not Modified\r\n  X-RateLimit-Limit: 60\r\n  X-RateLimit-Remaining: 58\r\n  X-RateLimit-Reset: 1480213915\r\n  Cache-Control: public, max-age=60, s-maxage=60\r\n  Vary: Accept\r\n  ETag: \"01d0bf4f404f76ea5f58925ff6472e15\"\r\n  Last-Modified: Mon, 21 Nov 2016 12:01:46 GMT\r\n  Access-Control-Expose-Headers: ETag, Link, X-GitHub-OTP, X-RateLimit-Limit, X-RateLimit-Remaining, X-RateLimit-Reset, X-OAuth-Scopes, X-Accepted-OAuth-Scopes, X-Poll-Interval\r\n  Access-Control-Allow-Origin: *\r\n  Content-Security-Policy: default-src 'none'\r\n  Strict-Transport-Security: max-age=31536000; includeSubdomains; preload\r\n  X-Content-Type-Options: nosniff\r\n  X-Frame-Options: deny\r\n  X-XSS-Protection: 1; mode=block\r\n  Vary: Accept-Encoding\r\n  X-Served-By: d021ed23fc00327f4c0f77bc363ef16f\r\n  X-GitHub-Request-Id: B16020EC:0833:140B03E2:583A451A\r\nPackage Control: Using cached content for https://api.github.com/repos/math2001/FileManager from D:\User\Dropbox\Applications\SoftwareVersioning\SublimeText\Data\Packages\User\Package Control.cache\1e003f15473e4cc9db3654bc384207d1\r\nPackage Control: Download Debug\r\n  URL: https://api.github.com/repos/math2001/FileManager/readme?ref=master\r\n  Timeout: 30\r\n  Resolved IP: 192.30.253.117\r\nPackage Control: WinINet HTTPS Debug General\r\n  Re-using connection to api.github.com on port 443 for request #1\r\nPackage Control: WinINet Debug Proxy\r\n  proxy: \r\n  proxy bypass: \r\n  proxy username: \r\n  proxy password: \r\nPackage Control: WinINet HTTPS Debug Write\r\n  GET /repos/math2001/FileManager/readme?ref=master HTTP/1.1\r\n  User-Agent: Package Control v3.2.1\r\n  Host: api.github.com\r\n  Connection: Keep-Alive\r\n  Cache-Control: no-cache\r\n  Accept-Encoding: bzip2,gzip,deflate\r\n  If-Modified-Since: Tue, 22 Nov 2016 07:41:22 GMT\r\n  If-None-Match: W/\"2d4da3ba3eb0a0acd59919f306483d71\"\r\nPackage Control: WinINet HTTPS Debug Read\r\n  HTTP/1.1 304 Not Modified\r\n  Server: GitHub.com\r\n  Date: Sun, 27 Nov 2016 02:29:47 GMT\r\n  Status: 304 Not Modified\r\n  X-RateLimit-Limit: 60\r\n  X-RateLimit-Remaining: 58\r\n  X-RateLimit-Reset: 1480213915\r\n  Cache-Control: public, max-age=60, s-maxage=60\r\n  Vary: Accept\r\n  ETag: \"2d4da3ba3eb0a0acd59919f306483d71\"\r\n  Last-Modified: Sat, 26 Nov 2016 04:14:06 GMT\r\n  Access-Control-Expose-Headers: ETag, Link, X-GitHub-OTP, X-RateLimit-Limit, X-RateLimit-Remaining, X-RateLimit-Reset, X-OAuth-Scopes, X-Accepted-OAuth-Scopes, X-Poll-Interval\r\n  Access-Control-Allow-Origin: *\r\n  Content-Security-Policy: default-src 'none'\r\n  Strict-Transport-Security: max-age=31536000; includeSubdomains; preload\r\n  X-Content-Type-Options: nosniff\r\n  X-Frame-Options: deny\r\n  X-XSS-Protection: 1; mode=block\r\n  Vary: Accept-Encoding\r\n  X-Served-By: 3e3b9690823fb031da84658eb58aa83b\r\n  X-GitHub-Request-Id: B16020EC:0833:140B03F4:583A451B\r\nPackage Control: Using cached content for https://api.github.com/repos/math2001/FileManager/readme?ref=master from D:\User\Dropbox\Applications\SoftwareVersioning\SublimeText\Data\Packages\User\Package Control.cache\8c6e0447b88b7bcf6c2eeef8243ae75d\r\nPackage Control: Download Debug\r\n  URL: https://api.github.com/repos/math2001/FileManager/commits?sha=master&per_page=1\r\n  Timeout: 30\r\n  Resolved IP: 192.30.253.117\r\nPackage Control: WinINet HTTPS Debug General\r\n  Re-using connection to api.github.com on port 443 for request #2\r\nPackage Control: WinINet Debug Proxy\r\n  proxy: \r\n  proxy bypass: \r\n  proxy username: \r\n  proxy password: \r\nPackage Control: WinINet HTTPS Debug Write\r\n  GET /repos/math2001/FileManager/commits?sha=master&per_page=1 HTTP/1.1\r\n  User-Agent: Package Control v3.2.1\r\n  Host: api.github.com\r\n  Connection: Keep-Alive\r\n  Cache-Control: no-cache\r\n  Accept-Encoding: bzip2,gzip,deflate\r\n  If-Modified-Since: Thu, 01 Jan 1970 00:00:00 GMT\r\n  If-None-Match: W/\"74c2afc157732caae52f1dc60841df70\"\r\nPackage Control: WinINet HTTPS Debug Read\r\n  HTTP/1.1 304 Not Modified\r\n  Server: GitHub.com\r\n  Date: Sun, 27 Nov 2016 02:29:47 GMT\r\n  Status: 304 Not Modified\r\n  X-RateLimit-Limit: 60\r\n  X-RateLimit-Remaining: 58\r\n  X-RateLimit-Reset: 1480213915\r\n  Cache-Control: public, max-age=60, s-maxage=60\r\n  Vary: Accept\r\n  ETag: \"74c2afc157732caae52f1dc60841df70\"\r\n  Last-Modified: Thu, 01 Jan 1970 00:00:00 GMT\r\n  Access-Control-Expose-Headers: ETag, Link, X-GitHub-OTP, X-RateLimit-Limit, X-RateLimit-Remaining, X-RateLimit-Reset, X-OAuth-Scopes, X-Accepted-OAuth-Scopes, X-Poll-Interval\r\n  Access-Control-Allow-Origin: *\r\n  Content-Security-Policy: default-src 'none'\r\n  Strict-Transport-Security: max-age=31536000; includeSubdomains; preload\r\n  X-Content-Type-Options: nosniff\r\n  X-Frame-Options: deny\r\n  X-XSS-Protection: 1; mode=block\r\n  Vary: Accept-Encoding\r\n  X-Served-By: b0ef53392caa42315c6206737946d931\r\n  X-GitHub-Request-Id: B16020EC:0833:140B040A:583A451B\r\nPackage Control: Using cached content for https://api.github.com/repos/math2001/FileManager/commits?sha=master&per_page=1 from D:\User\Dropbox\Applications\SoftwareVersioning\SublimeText\Data\Packages\User\Package Control.cache\1baed789e70a709c4915efe4ace1fb8f\r\nPackage Control: The dependency \"numpy\" is either not available on this platform or for this version of Sublime Text\r\nPackage Control: Installed missing dependency numpy\r\nPackage Control: Skipping automatic upgrade, last run at 2016-11-26 23:31:46, next run at 2016-11-27 00:31:46 or after\r\nerror: Package Control\r\n\r\n1 missing dependency was just installed. Sublime Text should be restarted, otherwise one or more of the installed packages may not function properly.\r\nPackage Control: WinINet HTTPS Debug General\r\n  Closing connection to api.github.com on port 443 after 3 requests\r\nPackage Control: WinINet HTTPS Debug General\r\n  Closing connection to packagecontrol.io on port 443 after 1 request\r\n```s Packages directory.\r\nFor information on the features and limitations of TinyNumPy, visit:\r\n    https://github.com/wadetb/tinynumpy\r\n======================\r\nreloading plugin AdvancedNewFile.AdvancedNewFile\r\nreloading plugin Alignment.Alignment\r\nreloading plugin AlignTab.aligner\r\nreloading plugin AlignTab.aligntab\r\nreloading plugin AlignTab.hist\r\nreloading plugin AlignTab.parser\r\nreloading plugin AlignTab.table\r\nreloading plugin AlignTab.wclen\r\nreloading plugin All Autocomplete.all_views_completions\r\nreloading plugin Auto Refresh.AutoRefresh\r\nreloading plugin AutoFileName.autofilename\r\nreloading plugin AutoFileName.getimageinfo\r\nreloading plugin Better CoffeeScript.CoffeeScript\r\nreloading plugin BracketHighlighter.bh_core\r\nreloading plugin BracketHighlighter.bh_logging\r\nreloading plugin BracketHighlighter.bh_plugin\r\nreloading plugin BracketHighlighter.bh_popup\r\nreloading plugin BracketHighlighter.bh_regions\r\nreloading plugin BracketHighlighter.bh_remove\r\nreloading plugin BracketHighlighter.bh_rules\r\nreloading plugin BracketHighlighter.bh_search\r\nreloading plugin BracketHighlighter.bh_swapping\r\nreloading plugin BracketHighlighter.bh_wrapping\r\nreloading plugin BracketHighlighter.support\r\nreloading plugin Case Conversion.case_conversion\r\nreloading plugin Case Conversion.case_parse\r\nreloading plugin Clickable URLs.clickable_urls\r\nreloading plugin Color Highlighter.ColorHighlighter\r\nreloading plugin Color Highlighter.colors\r\nreloading plugin ColorSchemeEditor.ColorSchemeEditor-ST2\r\nreloading plugin Column Select.column_select\r\nreloading plugin Compare Side-By-Side.sbs_compare\r\nreloading plugin Copy Filepath With Line Numbers.CopyFilepathWithLineNumbers\r\nreloading plugin CopyWithLineNumbersReloaded.copy_with_line_numbers\r\nreloading plugin Delete Current File.DeleteCurrentFile\r\nreloading plugin DistractionFreeWindow.distraction_free_window\r\nreloading plugin DocBlockr.jsdocs\r\nreloading plugin DuplicateSelections.duplicate_selections\r\nreloading plugin Edit Preferences.__init__\r\nreloading plugin Edit Preferences.commands_base\r\nreloading plugin Edit Preferences.edit_package_files\r\nreloading plugin Edit Preferences.extract_snippets\r\nreloading plugin Edit Preferences.helper_commands\r\nreloading plugin Edit Preferences.helpers\r\nreloading plugin Edit Preferences.insert_binding_repr\r\nreloading plugin Edit Preferences.jsonix\r\nreloading plugin Edit Preferences.list_commands\r\nreloading plugin Edit Preferences.list_menu_bindings\r\nreloading plugin Edit Preferences.list_settings\r\nreloading plugin Edit Preferences.list_shortcut_keys\r\nreloading plugin Edit Preferences.list_theme_selectors\r\nreloading plugin Edit Preferences.package_resources\r\nreloading plugin Edit Preferences.quick_panel_cols\r\nreloading plugin Edit Preferences.scheduler\r\nreloading plugin Emmet.emmet-plugin\r\nreloading plugin ExportHtml.changes\r\nreloading plugin ExportHtml.ExportBbcode\r\nreloading plugin ExportHtml.ExportHtml\r\nreloading plugin ExportHtml.HtmlAnnotations\r\nreloading plugin ExportHtml.support\r\nreloading plugin ExtendedTabSwitcher.ExtendedSwitcher\r\nreloading plugin Extract Text to File.extract_to_file\r\nreloading plugin File History.file_history\r\nreloading plugin File Rename.file_rename\r\nreloading plugin FileDiffs.file_diffs\r\nreloading plugin Find++.DirectoryPanel\r\nreloading plugin Find++.FindPlusPlus\r\nreloading plugin FindKeyConflicts.find_key_conflicts\r\nreloading plugin FuzzyFileNav.fuzzy_file_nav\r\nreloading plugin FuzzyFileNav.multiconf\r\nreloading plugin FuzzyFileNav.notify\r\nreloading plugin Gist.gist\r\nreloading plugin Gist.helpers\r\nreloading plugin Gist.request\r\nreloading plugin Gist.settings\r\nreloading plugin GitGutter.git_gutter\r\nreloading plugin GitGutter.git_gutter_compare\r\nreloading plugin GitGutter.git_gutter_events\r\nreloading plugin GitGutter.git_gutter_handler\r\nreloading plugin GitGutter.git_gutter_jump_to_changes\r\nreloading plugin GitGutter.git_gutter_popup\r\nreloading plugin GitGutter.git_gutter_settings\r\nreloading plugin GitGutter.git_gutter_show_diff\r\nreloading plugin GitGutter.git_helper\r\nreloading plugin GitGutter.promise\r\nreloading plugin Google Spell Check.google-spell-check\r\nreloading plugin GotoLastEditEnhanced.commands\r\nreloading plugin Highlight Build Errors.HighlightBuildErrors\r\nreloading plugin HighlightWords.HighlightWords\r\nreloading plugin Hungry Backspace.hungry_backspace\r\nreloading plugin Increment Selection.IncrementSelection\r\nreloading plugin Incrementor.Incrementor\r\nreloading plugin Invert Selection.invertselection\r\nreloading plugin LESS.less_completions\r\nreloading plugin Line Endings Unify.LineEndingsUnify\r\nreloading plugin Local History.LocalHistory\r\nreloading plugin Markdown Preview.helper\r\nreloading plugin Markdown Preview.markdown_settings\r\nreloading plugin Markdown Preview.markdown_wrapper\r\nreloading plugin Markdown Preview.MarkdownPreview\r\nreloading plugin MatlabFilenameAutoComplete.MatlabAutoComplete\r\nreloading plugin MaxPane.layouts_doc\r\nreloading plugin MaxPane.max_pane\r\nreloading plugin Non Text Files.NonTextFiles\r\nreloading plugin Number King.king\r\nreloading plugin Origami.origami\r\nreloading plugin PackageDev.build_sys_dev\r\nreloading plugin PackageDev.commands_file_dev\r\nreloading plugin PackageDev.completions_dev\r\nreloading plugin PackageDev.file_conversion\r\nreloading plugin PackageDev.settings_dev\r\nreloading plugin PackageDev.snippet_dev\r\nreloading plugin PackageDev.syntax_def_dev\r\nreloading plugin PackageResourceViewer.package_resource_viewer\r\nreloading plugin PackageResourceViewer.package_resources\r\nreloading plugin Path Translator.PathTranslator\r\nreloading plugin Project Specific Syntax Settings.project_syntax\r\nreloading plugin RecentActiveFiles.RecentActiveFiles\r\nreloading plugin ScopeAlways.ScopeAlways\r\nreloading plugin ScopeHunter.changes\r\nreloading plugin ScopeHunter.scope_hunter\r\nreloading plugin ScopeHunter.scope_hunter_notify\r\nreloading plugin ScopeHunter.support\r\nreloading plugin SQLExec.SQLExec\r\nreloading plugin StickySearch.StickySearch\r\nreloading plugin sublime-text-2-buildview.commands\r\nreloading plugin sublime-text-2-buildview.pipe_views\r\nreloading plugin sublime-text-2-buildview.settings\r\nreloading plugin Sync View Scroll.syncscroll\r\nreloading plugin SyntaxManager.syntaxmgr\r\nreloading plugin TabsExtra.support\r\nreloading plugin TabsExtra.tab_menu\r\nreloading plugin TabsExtra.tab_sort_helper\r\nreloading plugin TabsExtra.tabs_extra\r\nreloading plugin Text Pastry.text_pastry\r\nreloading plugin Text Pastry.text_pastry_addons\r\nreloading plugin Text Pastry.text_pastry_clipboard\r\nreloading plugin Text Pastry.text_pastry_selection\r\nreloading plugin Trimmer.Trimmer\r\nreloading plugin Whitespace.Whitespace\r\nreloading plugin Default.SyncedSideBarCommand\r\nreloading plugin amxmodx.AMXXEditor\r\nreloading plugin ANSIescape.ansi\r\nreloading plugin BetterFindBuffer.find_results\r\nreloading plugin Boxy Theme.BT\r\nreloading plugin BufferScroll.BufferScroll\r\nreloading plugin Clear Cursors-Carets.clear_cursors_carets\r\nreloading plugin Clipboard Scope Copy.clipboard_scope_copy\r\nreloading plugin ConvertToUTF8.ConvertToUTF8\r\nreloading plugin Default Syntax.default_syntax\r\nreloading plugin Fix Project Switch-Restart Bug.fix_project_switch_restart_bug\r\nreloading plugin Fixed Selections Clear.fixed_clear_selections\r\nreloading plugin Force Rewrite Sublime Settings.force_rewrite_sublime_settings\r\nreloading plugin Markdown to BB Code Converter.MarkdownToBBCode\r\nreloading plugin Package Control.1_reloader\r\nreloading plugin Package Control.2_bootstrap\r\nreloading plugin Package Control.Package Control\r\nreloading plugin Preferences Editor.Preferences Editor\r\nreloading plugin Random Everything.__init__\r\nreloading plugin Random Everything.random\r\nreloading plugin Side-by-Side Settings.sxs_settings\r\nreloading plugin SideBarEnhancements.SideBar\r\nreloading plugin SideBarEnhancements.SideBarAPI\r\nreloading plugin SideBarEnhancements.SideBarDefaultDisable\r\nreloading plugin SQL Keyword Uppercase.sql_keyword_uppercase\r\nreloading plugin SQLTools.SQLTools\r\nreloading plugin Sublime Tutor.sublime_tutor\r\nreloading plugin SublimeREPL.__init__\r\nreloading plugin SublimeREPL.completions\r\nreloading plugin SublimeREPL.lang_integration\r\nreloading plugin SublimeREPL.run_existing_command\r\nreloading plugin SublimeREPL.sublimerepl\r\nreloading plugin SublimeREPL.sublimerepl_build_system_hack\r\nreloading plugin SublimeREPL.text_transfer\r\nreloading plugin SyncedSideBar.SyncedSideBar\r\nreloading plugin Terminal.Terminal\r\nreloading plugin View Settings Freely.view_settings_freely\r\nreloading plugin zz File Icons.File Icons\r\nplugins loaded\r\nsyncScroll starting\r\nEmmet: No need to update PyV8\r\nPackage Control: Installing 1 missing dependency\r\nPackage Control: Fetching list of available packages and dependencies\r\n  Platform: windows-x32\r\n  Sublime Text Version: 3126\r\n  Package Control Version: 3.2.1\r\nPackage Control: Download Debug\r\n  URL: https://packagecontrol.io/channel_v3.json\r\n  Timeout: 30\r\n  Resolved IP: 50.116.33.29\r\n  Resolved IPv6: 2600:3c02::f03c:91ff:fedf:6883\r\nPackage Control: WinINet Debug Proxy\r\n  proxy: \r\n  proxy bypass: \r\n  proxy username: \r\n  proxy password: \r\nPackage Control: WinINet HTTPS Debug General\r\n  Server SSL Certificate:\r\n    subject: US, Massachusetts, Private Organization, 471714639, US, Massachusetts, Newbury, Codex Non Sufficit LC, codexns.io\r\n    issuer: US, GeoTrust Inc., GeoTrust EV SSL CA - G4\r\n    common name: codexns.io\r\n    issue date: Sun, 27 Mar 2016 21:00:00 GMT\r\n    expire date: Sun, 27 Nov 2016 21:59:59 GMT\r\nPackage Control: WinINet HTTPS Debug Write\r\n  GET /channel_v3.json HTTP/1.1\r\n  User-Agent: Package Control v3.2.1\r\n  Host: packagecontrol.io\r\n  Connection: Keep-Alive\r\n  Cache-Control: no-cache\r\n  Accept-Encoding: bzip2,gzip,deflate\r\n  If-Modified-Since: Sun, 27 Nov 2016 01:50:04 GMT\r\n  If-None-Match: \"583a3bcc-430bd\"\r\nPackage Control: WinINet HTTPS Debug Read\r\n  HTTP/1.1 200 OK\r\n  Server: nginx\r\n  Date: Sun, 27 Nov 2016 02:29:41 GMT\r\n  Content-Type: application/json\r\n  Content-Length: 276500\r\n  Last-Modified: Sun, 27 Nov 2016 02:20:05 GMT\r\n  Connection: keep-alive\r\n  ETag: \"583a42d5-43814\"\r\n  Content-Encoding: bzip2\r\n  Vary: Accept-Encoding\r\n  Strict-Transport-Security: max-age=15552000\r\n  Accept-Ranges: bytes\r\nPackage Control: Caching https://packagecontrol.io/channel_v3.json in D:\User\Dropbox\Applications\SoftwareVersioning\SublimeText\Data\Packages\User\Package Control.cache\01524fae79697630d0454ba3fabd9414\r\nPackage Control: Download Debug\r\n  URL: https://api.github.com/repos/math2001/FileManager\r\n  Timeout: 30\r\n  Resolved IP: 192.30.253.117\r\nPackage Control: WinINet Debug Proxy\r\n  proxy: \r\n  proxy bypass: \r\n  proxy username: \r\n  proxy password: \r\nPackage Control: WinINet HTTPS Debug General\r\n  Server SSL Certificate:\r\n    subject: US, California, San Francisco, \"GitHub, Inc.\", *.github.com\r\n    issuer: US, DigiCert Inc, www.digicert.com, DigiCert SHA2 High Assurance Server CA\r\n    common name: *.github.com\r\n    issue date: Mon, 07 Apr 2014 21:00:00 GMT\r\n    expire date: Wed, 12 Apr 2017 09:00:00 GMT\r\nPackage Control: WinINet HTTPS Debug Write\r\n  GET /repos/math2001/FileManager HTTP/1.1\r\n  User-Agent: Package Control v3.2.1\r\n  Host: api.github.com\r\n  Connection: Keep-Alive\r\n  Cache-Control: no-cache\r\n  Accept-Encoding: bzip2,gzip,deflate\r\n  If-Modified-Since: Mon, 21 Nov 2016 12:01:46 GMT\r\n  If-None-Match: W/\"01d0bf4f404f76ea5f58925ff6472e15\"\r\nPackage Control: WinINet HTTPS Debug Read\r\n  HTTP/1.1 304 Not Modified\r\n  Server: GitHub.com\r\n  Date: Sun, 27 Nov 2016 02:29:47 GMT\r\n  Status: 304 Not Modified\r\n  X-RateLimit-Limit: 60\r\n  X-RateLimit-Remaining: 58\r\n  X-RateLimit-Reset: 1480213915\r\n  Cache-Control: public, max-age=60, s-maxage=60\r\n  Vary: Accept\r\n  ETag: \"01d0bf4f404f76ea5f58925ff6472e15\"\r\n  Last-Modified: Mon, 21 Nov 2016 12:01:46 GMT\r\n  Access-Control-Expose-Headers: ETag, Link, X-GitHub-OTP, X-RateLimit-Limit, X-RateLimit-Remaining, X-RateLimit-Reset, X-OAuth-Scopes, X-Accepted-OAuth-Scopes, X-Poll-Interval\r\n  Access-Control-Allow-Origin: *\r\n  Content-Security-Policy: default-src none'\r\n  Strict-Transport-Security: max-age=31536000; includeSubdomains; preload\r\n  X-Content-Type-Options: nosniff\r\n  X-Frame-Options: deny\r\n  X-XSS-Protection: 1; mode=block\r\n  Vary: Accept-Encoding\r\n  X-Served-By: d021ed23fc00327f4c0f77bc363ef16f\r\n  X-GitHub-Request-Id: B16020EC:0833:140B03E2:583A451A\r\nPackage Control: Using cached content for https://api.github.com/repos/math2001/FileManager from D:\User\Dropbox\Applications\SoftwareVersioning\SublimeText\Data\Packages\User\Package Control.cache\1e003f15473e4cc9db3654bc384207d1\r\nPackage Control: Download Debug\r\n  URL: https://api.github.com/repos/math2001/FileManager/readme?ref=master\r\n  Timeout: 30\r\n  Resolved IP: 192.30.253.117\r\nPackage Control: WinINet HTTPS Debug General\r\n  Re-using connection to api.github.com on port 443 for request #1\r\nPackage Control: WinINet Debug Proxy\r\n  proxy: \r\n  proxy bypass: \r\n  proxy username: \r\n  proxy password: \r\nPackage Control: WinINet HTTPS Debug Write\r\n  GET /repos/math2001/FileManager/readme?ref=master HTTP/1.1\r\n  User-Agent: Package Control v3.2.1\r\n  Host: api.github.com\r\n  Connection: Keep-Alive\r\n  Cache-Control: no-cache\r\n  Accept-Encoding: bzip2,gzip,deflate\r\n  If-Modified-Since: Tue, 22 Nov 2016 07:41:22 GMT\r\n  If-None-Match: W/\"2d4da3ba3eb0a0acd59919f306483d71\"\r\nPackage Control: WinINet HTTPS Debug Read\r\n  HTTP/1.1 304 Not Modified\r\n  Server: GitHub.com\r\n  Date: Sun, 27 Nov 2016 02:29:47 GMT\r\n  Status: 304 Not Modified\r\n  X-RateLimit-Limit: 60\r\n  X-RateLimit-Remaining: 58\r\n  X-RateLimit-Reset: 1480213915\r\n  Cache-Control: public, max-age=60, s-maxage=60\r\n  Vary: Accept\r\n  ETag: \"2d4da3ba3eb0a0acd59919f306483d71\"\r\n  Last-Modified: Sat, 26 Nov 2016 04:14:06 GMT\r\n  Access-Control-Expose-Headers: ETag, Link, X-GitHub-OTP, X-RateLimit-Limit, X-RateLimit-Remaining, X-RateLimit-Reset, X-OAuth-Scopes, X-Accepted-OAuth-Scopes, X-Poll-Interval\r\n  Access-Control-Allow-Origin: *\r\n  Content-Security-Policy: default-src 'none'\r\n  Strict-Transport-Security: max-age=31536000; includeSubdomains; preload\r\n  X-Content-Type-Options: nosniff\r\n  X-Frame-Options: deny\r\n  X-XSS-Protection: 1; mode=block\r\n  Vary: Accept-Encoding\r\n  X-Served-By: 3e3b9690823fb031da84658eb58aa83b\r\n  X-GitHub-Request-Id: B16020EC:0833:140B03F4:583A451B\r\nPackage Control: Using cached content for https://api.github.com/repos/math2001/FileManager/readme?ref=master from D:\User\Dropbox\Applications\SoftwareVersioning\SublimeText\Data\Packages\User\Package Control.cache\8c6e0447b88b7bcf6c2eeef8243ae75d\r\nPackage Control: Download Debug\r\n  URL: https://api.github.com/repos/math2001/FileManager/commits?sha=master&per_page=1\r\n  Timeout: 30\r\n  Resolved IP: 192.30.253.117\r\nPackage Control: WinINet HTTPS Debug General\r\n  Re-using connection to api.github.com on port 443 for request #2\r\nPackage Control: WinINet Debug Proxy\r\n  proxy: \r\n  proxy bypass: \r\n  proxy username: \r\n  proxy password: \r\nPackage Control: WinINet HTTPS Debug Write\r\n  GET /repos/math2001/FileManager/commits?sha=master&per_page=1 HTTP/1.1\r\n  User-Agent: Package Control v3.2.1\r\n  Host: api.github.com\r\n  Connection: Keep-Alive\r\n  Cache-Control: no-cache\r\n  Accept-Encoding: bzip2,gzip,deflate\r\n  If-Modified-Since: Thu, 01 Jan 1970 00:00:00 GMT\r\n  If-None-Match: W/\"74c2afc157732caae52f1dc60841df70\"\r\nPackage Control: WinINet HTTPS Debug Read\r\n  HTTP/1.1 304 Not Modified\r\n  Server: GitHub.com\r\n  Date: Sun, 27 Nov 2016 02:29:47 GMT\r\n  Status: 304 Not Modified\r\n  X-RateLimit-Limit: 60\r\n  X-RateLimit-Remaining: 58\r\n  X-RateLimit-Reset: 1480213915\r\n  Cache-Control: public, max-age=60, s-maxage=60\r\n  Vary: Accept\r\n  ETag: \"74c2afc157732caae52f1dc60841df70\"\r\n  Last-Modified: Thu, 01 Jan 1970 00:00:00 GMT\r\n  Access-Control-Expose-Headers: ETag, Link, X-GitHub-OTP, X-RateLimit-Limit, X-RateLimit-Remaining, X-RateLimit-Reset, X-OAuth-Scopes, X-Accepted-OAuth-Scopes, X-Poll-Interval\r\n  Access-Control-Allow-Origin: *\r\n  Content-Security-Policy: default-src 'none'\r\n  Strict-Transport-Security: max-age=31536000; includeSubdomains; preload\r\n  X-Content-Type-Options: nosniff\r\n  X-Frame-Options: deny\r\n  X-XSS-Protection: 1; mode=block\r\n  Vary: Accept-Encoding\r\n  X-Served-By: b0ef53392caa42315c6206737946d931\r\n  X-GitHub-Request-Id: B16020EC:0833:140B040A:583A451B\r\nPackage Control: Using cached content for https://api.github.com/repos/math2001/FileManager/commits?sha=master&per_page=1 from D:\User\Dropbox\Applications\SoftwareVersioning\SublimeText\Data\Packages\User\Package Control.cache\1baed789e70a709c4915efe4ace1fb8f\r\nPackage Control: The dependency \"numpy\" is either not available on this platform or for this version of Sublime Text\r\nPackage Control: Installed missing dependency numpy\r\nPackage Control: Skipping automatic upgrade, last run at 2016-11-26 23:31:46, next run at 2016-11-27 00:31:46 or after\r\nerror: Package Control\r\n\r\n1 missing dependency was just installed. Sublime Text should be restarted, otherwise one or more of the installed packages may not function properly.\r\nPackage Control: WinINet HTTPS Debug General\r\n  Closing connection to api.github.com on port 443 after 3 requests\r\nPackage Control: WinINet HTTPS Debug General\r\n  Closing connection to packagecontrol.io on port 443 after 1 request\r\n```none\r\n  Strict-Transport-Security: max-age=31536000; includeSubdomains; preload\r\n  X-Content-Type-Options: nosniff\r\n  X-Frame-Options: deny\r\n  X-XSS-Protection: 1; mode=block\r\n  Vary: Accept-Encoding\r\n  X-Served-By: d021ed23fc00327f4c0f77bc363ef16f\r\n  X-GitHub-Request-Id: B16020EC:0833:140B03E2:583A451A\r\nPackage Control: Using cached content for https://api.github.com/repos/math2001/FileManager from D:\User\Dropbox\Applications\SoftwareVersioning\SublimeText\Data\Packages\User\Package Control.cache\1e003f15473e4cc9db3654bc384207d1\r\nPackage Control: Download Debug\r\n  URL: https://api.github.com/repos/math2001/FileManager/readme?ref=master\r\n  Timeout: 30\r\n  Resolved IP: 192.30.253.117\r\nPackage Control: WinINet HTTPS Debug General\r\n  Re-using connection to api.github.com on port 443 for request #1\r\nPackage Control: WinINet Debug Proxy\r\n  proxy: \r\n  proxy bypass: \r\n  proxy username: \r\n  proxy password: \r\nPackage Control: WinINet HTTPS Debug Write\r\n  GET /repos/math2001/FileManager/readme?ref=master HTTP/1.1\r\n  User-Agent: Package Control v3.2.1\r\n  Host: api.github.com\r\n  Connection: Keep-Alive\r\n  Cache-Control: no-cache\r\n  Accept-Encoding: bzip2,gzip,deflate\r\n  If-Modified-Since: Tue, 22 Nov 2016 07:41:22 GMT\r\n  If-None-Match: W/\"2d4da3ba3eb0a0acd59919f306483d71\"\r\nPackage Control: WinINet HTTPS Debug Read\r\n  HTTP/1.1 304 Not Modified\r\n  Server: GitHub.com\r\n  Date: Sun, 27 Nov 2016 02:29:47 GMT\r\n  Status: 304 Not Modified\r\n  X-RateLimit-Limit: 60\r\n  X-RateLimit-Remaining: 58\r\n  X-RateLimit-Reset: 1480213915\r\n  Cache-Control: public, max-age=60, s-maxage=60\r\n  Vary: Accept\r\n  ETag: \"2d4da3ba3eb0a0acd59919f306483d71\"\r\n  Last-Modified: Sat, 26 Nov 2016 04:14:06 GMT\r\n  Access-Control-Expose-Headers: ETag, Link, X-GitHub-OTP, X-RateLimit-Limit, X-RateLimit-Remaining, X-RateLimit-Reset, X-OAuth-Scopes, X-Accepted-OAuth-Scopes, X-Poll-Interval\r\n  Access-Control-Allow-Origin: *\r\n  Content-Security-Policy: default-src 'none'\r\n  Strict-Transport-Security: max-age=31536000; includeSubdomains; preload\r\n  X-Content-Type-Options: nosniff\r\n  X-Frame-Options: deny\r\n  X-XSS-Protection: 1; mode=block\r\n  Vary: Accept-Encoding\r\n  X-Served-By: 3e3b9690823fb031da84658eb58aa83b\r\n  X-GitHub-Request-Id: B16020EC:0833:140B03F4:583A451B\r\nPackage Control: Using cached content for https://api.github.com/repos/math2001/FileManager/readme?ref=master from D:\User\Dropbox\Applications\SoftwareVersioning\SublimeText\Data\Packages\User\Package Control.cache\8c6e0447b88b7bcf6c2eeef8243ae75d\r\nPackage Control: Download Debug\r\n  URL: https://api.github.com/repos/math2001/FileManager/commits?sha=master&per_page=1\r\n  Timeout: 30\r\n  Resolved IP: 192.30.253.117\r\nPackage Control: WinINet HTTPS Debug General\r\n  Re-using connection to api.github.com on port 443 for request #2\r\nPackage Control: WinINet Debug Proxy\r\n  proxy: \r\n  proxy bypass: \r\n  proxy username: \r\n  proxy password: \r\nPackage Control: WinINet HTTPS Debug Write\r\n  GET /repos/math2001/FileManager/commits?sha=master&per_page=1 HTTP/1.1\r\n  User-Agent: Package Control v3.2.1\r\n  Host: api.github.com\r\n  Connection: Keep-Alive\r\n  Cache-Control: no-cache\r\n  Accept-Encoding: bzip2,gzip,deflate\r\n  If-Modified-Since: Thu, 01 Jan 1970 00:00:00 GMT\r\n  If-None-Match: W/\"74c2afc157732caae52f1dc60841df70\"\r\nPackage Control: WinINet HTTPS Debug Read\r\n  HTTP/1.1 304 Not Modified\r\n  Server: GitHub.com\r\n  Date: Sun, 27 Nov 2016 02:29:47 GMT\r\n  Status: 304 Not Modified\r\n  X-RateLimit-Limit: 60\r\n  X-RateLimit-Remaining: 58\r\n  X-RateLimit-Reset: 1480213915\r\n  Cache-Control: public, max-age=60, s-maxage=60\r\n  Vary: Accept\r\n  ETag: \"74c2afc157732caae52f1dc60841df70\"\r\n  Last-Modified: Thu, 01 Jan 1970 00:00:00 GMT\r\n  Access-Control-Expose-Headers: ETag, Link, X-GitHub-OTP, X-RateLimit-Limit, X-RateLimit-Remaining, X-RateLimit-Reset, X-OAuth-Scopes, X-Accepted-OAuth-Scopes, X-Poll-Interval\r\n  Access-Control-Allow-Origin: *\r\n  Content-Security-Policy: default-src 'none'\r\n  Strict-Transport-Security: max-age=31536000; includeSubdomains; preload\r\n  X-Content-Type-Options: nosniff\r\n  X-Frame-Options: deny\r\n  X-XSS-Protection: 1; mode=block\r\n  Vary: Accept-Encoding\r\n  X-Served-By: b0ef53392caa42315c6206737946d931\r\n  X-GitHub-Request-Id: B16020EC:0833:140B040A:583A451B\r\nPackage Control: Using cached content for https://api.github.com/repos/math2001/FileManager/commits?sha=master&per_page=1 from D:\User\Dropbox\Applications\SoftwareVersioning\SublimeText\Data\Packages\User\Package Control.cache\1baed789e70a709c4915efe4ace1fb8f\r\nPackage Control: The dependency \"numpy\" is either not available on this platform or for this version of Sublime Text\r\nPackage Control: Installed missing dependency numpy\r\nPackage Control: Skipping automatic upgrade, last run at 2016-11-26 23:31:46, next run at 2016-11-27 00:31:46 or after\r\nerror: Package Control\r\n\r\n1 missing dependency was just installed. Sublime Text should be restarted, otherwise one or more of the installed packages may not function properly.\r\nPackage Control: WinINet HTTPS Debug General\r\n  Closing connection to api.github.com on port 443 after 3 requests\r\nPackage Control: WinINet HTTPS Debug General\r\n  Closing connection to packagecontrol.io on port 443 after 1 request\r\n```\r\n  Strict-Transport-Security: max-age=31536000; includeSubdomains; preload\r\n  X-Content-Type-Options: nosniff\r\n  X-Frame-Options: deny\r\n  X-XSS-Protection: 1; mode=block\r\n  Vary: Accept-Encoding\r\n  X-Served-By: d021ed23fc00327f4c0f77bc363ef16f\r\n  X-GitHub-Request-Id: B16020EC:0833:140B03E2:583A451A\r\nPackage Control: Using cached content for https://api.github.com/repos/math2001/FileManager from D:\User\Dropbox\Applications\SoftwareVersioning\SublimeText\Data\Packages\User\Package Control.cache\1e003f15473e4cc9db3654bc384207d1\r\nPackage Control: Download Debug\r\n  URL: https://api.github.com/repos/math2001/FileManager/readme?ref=master\r\n  Timeout: 30\r\n  Resolved IP: 192.30.253.117\r\nPackage Control: WinINet HTTPS Debug General\r\n  Re-using connection to api.github.com on port 443 for request #1\r\nPackage Control: WinINet Debug Proxy\r\n  proxy: \r\n  proxy bypass: \r\n  proxy username: \r\n  proxy password: \r\nPackage Control: WinINet HTTPS Debug Write\r\n  GET /repos/math2001/FileManager/readme?ref=master HTTP/1.1\r\n  User-Agent: Package Control v3.2.1\r\n  Host: api.github.com\r\n  Connection: Keep-Alive\r\n  Cache-Control: no-cache\r\n  Accept-Encoding: bzip2,gzip,deflate\r\n  If-Modified-Since: Tue, 22 Nov 2016 07:41:22 GMT\r\n  If-None-Match: W/\"2d4da3ba3eb0a0acd59919f306483d71\"\r\nPackage Control: WinINet HTTPS Debug Read\r\n  HTTP/1.1 304 Not Modified\r\n  Server: GitHub.com\r\n  Date: Sun, 27 Nov 2016 02:29:47 GMT\r\n  Status: 304 Not Modified\r\n  X-RateLimit-Limit: 60\r\n  X-RateLimit-Remaining: 58\r\n  X-RateLimit-Reset: 1480213915\r\n  Cache-Control: public, max-age=60, s-maxage=60\r\n  Vary: Accept\r\n  ETag: \"2d4da3ba3eb0a0acd59919f306483d71\"\r\n  Last-Modified: Sat, 26 Nov 2016 04:14:06 GMT\r\n  Access-Control-Expose-Headers: ETag, Link, X-GitHub-OTP, X-RateLimit-Limit, X-RateLimit-Remaining, X-RateLimit-Reset, X-OAuth-Scopes, X-Accepted-OAuth-Scopes, X-Poll-Interval\r\n  Access-Control-Allow-Origin: *\r\n  Content-Security-Policy: default-src none'\r\n  Strict-Transport-Security: max-age=31536000; includeSubdomains; preload\r\n  X-Content-Type-Options: nosniff\r\n  X-Frame-Options: deny\r\n  X-XSS-Protection: 1; mode=block\r\n  Vary: Accept-Encoding\r\n  X-Served-By: 3e3b9690823fb031da84658eb58aa83b\r\n  X-GitHub-Request-Id: B16020EC:0833:140B03F4:583A451B\r\nPackage Control: Using cached content for https://api.github.com/repos/math2001/FileManager/readme?ref=master from D:\User\Dropbox\Applications\SoftwareVersioning\SublimeText\Data\Packages\User\Package Control.cache\8c6e0447b88b7bcf6c2eeef8243ae75d\r\nPackage Control: Download Debug\r\n  URL: https://api.github.com/repos/math2001/FileManager/commits?sha=master&per_page=1\r\n  Timeout: 30\r\n  Resolved IP: 192.30.253.117\r\nPackage Control: WinINet HTTPS Debug General\r\n  Re-using connection to api.github.com on port 443 for request #2\r\nPackage Control: WinINet Debug Proxy\r\n  proxy: \r\n  proxy bypass: \r\n  proxy username: \r\n  proxy password: \r\nPackage Control: WinINet HTTPS Debug Write\r\n  GET /repos/math2001/FileManager/commits?sha=master&per_page=1 HTTP/1.1\r\n  User-Agent: Package Control v3.2.1\r\n  Host: api.github.com\r\n  Connection: Keep-Alive\r\n  Cache-Control: no-cache\r\n  Accept-Encoding: bzip2,gzip,deflate\r\n  If-Modified-Since: Thu, 01 Jan 1970 00:00:00 GMT\r\n  If-None-Match: W/\"74c2afc157732caae52f1dc60841df70\"\r\nPackage Control: WinINet HTTPS Debug Read\r\n  HTTP/1.1 304 Not Modified\r\n  Server: GitHub.com\r\n  Date: Sun, 27 Nov 2016 02:29:47 GMT\r\n  Status: 304 Not Modified\r\n  X-RateLimit-Limit: 60\r\n  X-RateLimit-Remaining: 58\r\n  X-RateLimit-Reset: 1480213915\r\n  Cache-Control: public, max-age=60, s-maxage=60\r\n  Vary: Accept\r\n  ETag: \"74c2afc157732caae52f1dc60841df70\"\r\n  Last-Modified: Thu, 01 Jan 1970 00:00:00 GMT\r\n  Access-Control-Expose-Headers: ETag, Link, X-GitHub-OTP, X-RateLimit-Limit, X-RateLimit-Remaining, X-RateLimit-Reset, X-OAuth-Scopes, X-Accepted-OAuth-Scopes, X-Poll-Interval\r\n  Access-Control-Allow-Origin: *\r\n  Content-Security-Policy: default-src 'none'\r\n  Strict-Transport-Security: max-age=31536000; includeSubdomains; preload\r\n  X-Content-Type-Options: nosniff\r\n  X-Frame-Options: deny\r\n  X-XSS-Protection: 1; mode=block\r\n  Vary: Accept-Encoding\r\n  X-Served-By: b0ef53392caa42315c6206737946d931\r\n  X-GitHub-Request-Id: B16020EC:0833:140B040A:583A451B\r\nPackage Control: Using cached content for https://api.github.com/repos/math2001/FileManager/commits?sha=master&per_page=1 from D:\User\Dropbox\Applications\SoftwareVersioning\SublimeText\Data\Packages\User\Package Control.cache\1baed789e70a709c4915efe4ace1fb8f\r\nPackage Control: The dependency \"numpy\" is either not available on this platform or for this version of Sublime Text\r\nPackage Control: Installed missing dependency numpy\r\nPackage Control: Skipping automatic upgrade, last run at 2016-11-26 23:31:46, next run at 2016-11-27 00:31:46 or after\r\nerror: Package Control\r\n\r\n1 missing dependency was just installed. Sublime Text should be restarted, otherwise one or more of the installed packages may not function properly.\r\nPackage Control: WinINet HTTPS Debug General\r\n  Closing connection to api.github.com on port 443 after 3 requests\r\nPackage Control: WinINet HTTPS Debug General\r\n  Closing connection to packagecontrol.io on port 443 after 1 request\r\n```none\r\n  Strict-Transport-Security: max-age=31536000; includeSubdomains; preload\r\n  X-Content-Type-Options: nosniff\r\n  X-Frame-Options: deny\r\n  X-XSS-Protection: 1; mode=block\r\n  Vary: Accept-Encoding\r\n  X-Served-By: 3e3b9690823fb031da84658eb58aa83b\r\n  X-GitHub-Request-Id: B16020EC:0833:140B03F4:583A451B\r\nPackage Control: Using cached content for https://api.github.com/repos/math2001/FileManager/readme?ref=master from D:\User\Dropbox\Applications\SoftwareVersioning\SublimeText\Data\Packages\User\Package Control.cache\8c6e0447b88b7bcf6c2eeef8243ae75d\r\nPackage Control: Download Debug\r\n  URL: https://api.github.com/repos/math2001/FileManager/commits?sha=master&per_page=1\r\n  Timeout: 30\r\n  Resolved IP: 192.30.253.117\r\nPackage Control: WinINet HTTPS Debug General\r\n  Re-using connection to api.github.com on port 443 for request #2\r\nPackage Control: WinINet Debug Proxy\r\n  proxy: \r\n  proxy bypass: \r\n  proxy username: \r\n  proxy password: \r\nPackage Control: WinINet HTTPS Debug Write\r\n  GET /repos/math2001/FileManager/commits?sha=master&per_page=1 HTTP/1.1\r\n  User-Agent: Package Control v3.2.1\r\n  Host: api.github.com\r\n  Connection: Keep-Alive\r\n  Cache-Control: no-cache\r\n  Accept-Encoding: bzip2,gzip,deflate\r\n  If-Modified-Since: Thu, 01 Jan 1970 00:00:00 GMT\r\n  If-None-Match: W/\"74c2afc157732caae52f1dc60841df70\"\r\nPackage Control: WinINet HTTPS Debug Read\r\n  HTTP/1.1 304 Not Modified\r\n  Server: GitHub.com\r\n  Date: Sun, 27 Nov 2016 02:29:47 GMT\r\n  Status: 304 Not Modified\r\n  X-RateLimit-Limit: 60\r\n  X-RateLimit-Remaining: 58\r\n  X-RateLimit-Reset: 1480213915\r\n  Cache-Control: public, max-age=60, s-maxage=60\r\n  Vary: Accept\r\n  ETag: \"74c2afc157732caae52f1dc60841df70\"\r\n  Last-Modified: Thu, 01 Jan 1970 00:00:00 GMT\r\n  Access-Control-Expose-Headers: ETag, Link, X-GitHub-OTP, X-RateLimit-Limit, X-RateLimit-Remaining, X-RateLimit-Reset, X-OAuth-Scopes, X-Accepted-OAuth-Scopes, X-Poll-Interval\r\n  Access-Control-Allow-Origin: *\r\n  Content-Security-Policy: default-src 'none'\r\n  Strict-Transport-Security: max-age=31536000; includeSubdomains; preload\r\n  X-Content-Type-Options: nosniff\r\n  X-Frame-Options: deny\r\n  X-XSS-Protection: 1; mode=block\r\n  Vary: Accept-Encoding\r\n  X-Served-By: b0ef53392caa42315c6206737946d931\r\n  X-GitHub-Request-Id: B16020EC:0833:140B040A:583A451B\r\nPackage Control: Using cached content for https://api.github.com/repos/math2001/FileManager/commits?sha=master&per_page=1 from D:\User\Dropbox\Applications\SoftwareVersioning\SublimeText\Data\Packages\User\Package Control.cache\1baed789e70a709c4915efe4ace1fb8f\r\nPackage Control: The dependency \"numpy\" is either not available on this platform or for this version of Sublime Text\r\nPackage Control: Installed missing dependency numpy\r\nPackage Control: Skipping automatic upgrade, last run at 2016-11-26 23:31:46, next run at 2016-11-27 00:31:46 or after\r\nerror: Package Control\r\n\r\n1 missing dependency was just installed. Sublime Text should be restarted, otherwise one or more of the installed packages may not function properly.\r\nPackage Control: WinINet HTTPS Debug General\r\n  Closing connection to api.github.com on port 443 after 3 requests\r\nPackage Control: WinINet HTTPS Debug General\r\n  Closing connection to packagecontrol.io on port 443 after 1 request\r\n```\r\n  Strict-Transport-Security: max-age=31536000; includeSubdomains; preload\r\n  X-Content-Type-Options: nosniff\r\n  X-Frame-Options: deny\r\n  X-XSS-Protection: 1; mode=block\r\n  Vary: Accept-Encoding\r\n  X-Served-By: 3e3b9690823fb031da84658eb58aa83b\r\n  X-GitHub-Request-Id: B16020EC:0833:140B03F4:583A451B\r\nPackage Control: Using cached content for https://api.github.com/repos/math2001/FileManager/readme?ref=master from D:\User\Dropbox\Applications\SoftwareVersioning\SublimeText\Data\Packages\User\Package Control.cache\8c6e0447b88b7bcf6c2eeef8243ae75d\r\nPackage Control: Download Debug\r\n  URL: https://api.github.com/repos/math2001/FileManager/commits?sha=master&per_page=1\r\n  Timeout: 30\r\n  Resolved IP: 192.30.253.117\r\nPackage Control: WinINet HTTPS Debug General\r\n  Re-using connection to api.github.com on port 443 for request #2\r\nPackage Control: WinINet Debug Proxy\r\n  proxy: \r\n  proxy bypass: \r\n  proxy username: \r\n  proxy password: \r\nPackage Control: WinINet HTTPS Debug Write\r\n  GET /repos/math2001/FileManager/commits?sha=master&per_page=1 HTTP/1.1\r\n  User-Agent: Package Control v3.2.1\r\n  Host: api.github.com\r\n  Connection: Keep-Alive\r\n  Cache-Control: no-cache\r\n  Accept-Encoding: bzip2,gzip,deflate\r\n  If-Modified-Since: Thu, 01 Jan 1970 00:00:00 GMT\r\n  If-None-Match: W/\"74c2afc157732caae52f1dc60841df70\"\r\nPackage Control: WinINet HTTPS Debug Read\r\n  HTTP/1.1 304 Not Modified\r\n  Server: GitHub.com\r\n  Date: Sun, 27 Nov 2016 02:29:47 GMT\r\n  Status: 304 Not Modified\r\n  X-RateLimit-Limit: 60\r\n  X-RateLimit-Remaining: 58\r\n  X-RateLimit-Reset: 1480213915\r\n  Cache-Control: public, max-age=60, s-maxage=60\r\n  Vary: Accept\r\n  ETag: \"74c2afc157732caae52f1dc60841df70\"\r\n  Last-Modified: Thu, 01 Jan 1970 00:00:00 GMT\r\n  Access-Control-Expose-Headers: ETag, Link, X-GitHub-OTP, X-RateLimit-Limit, X-RateLimit-Remaining, X-RateLimit-Reset, X-OAuth-Scopes, X-Accepted-OAuth-Scopes, X-Poll-Interval\r\n  Access-Control-Allow-Origin: *\r\n  Content-Security-Policy: default-src none'\r\n  Strict-Transport-Security: max-age=31536000; includeSubdomains; preload\r\n  X-Content-Type-Options: nosniff\r\n  X-Frame-Options: deny\r\n  X-XSS-Protection: 1; mode=block\r\n  Vary: Accept-Encoding\r\n  X-Served-By: b0ef53392caa42315c6206737946d931\r\n  X-GitHub-Request-Id: B16020EC:0833:140B040A:583A451B\r\nPackage Control: Using cached content for https://api.github.com/repos/math2001/FileManager/commits?sha=master&per_page=1 from D:\User\Dropbox\Applications\SoftwareVersioning\SublimeText\Data\Packages\User\Package Control.cache\1baed789e70a709c4915efe4ace1fb8f\r\nPackage Control: The dependency \"numpy\" is either not available on this platform or for this version of Sublime Text\r\nPackage Control: Installed missing dependency numpy\r\nPackage Control: Skipping automatic upgrade, last run at 2016-11-26 23:31:46, next run at 2016-11-27 00:31:46 or after\r\nerror: Package Control\r\n\r\n1 missing dependency was just installed. Sublime Text should be restarted, otherwise one or more of the installed packages may not function properly.\r\nPackage Control: WinINet HTTPS Debug General\r\n  Closing connection to api.github.com on port 443 after 3 requests\r\nPackage Control: WinINet HTTPS Debug General\r\n  Closing connection to packagecontrol.io on port 443 after 1 request\r\n```none\r\n  Strict-Transport-Security: max-age=31536000; includeSubdomains; preload\r\n  X-Content-Type-Options: nosniff\r\n  X-Frame-Options: deny\r\n  X-XSS-Protection: 1; mode=block\r\n  Vary: Accept-Encoding\r\n  X-Served-By: b0ef53392caa42315c6206737946d931\r\n  X-GitHub-Request-Id: B16020EC:0833:140B040A:583A451B\r\nPackage Control: Using cached content for https://api.github.com/repos/math2001/FileManager/commits?sha=master&per_page=1 from D:\User\Dropbox\Applications\SoftwareVersioning\SublimeText\Data\Packages\User\Package Control.cache\1baed789e70a709c4915efe4ace1fb8f\r\nPackage Control: The dependency \"numpy\" is either not available on this platform or for this version of Sublime Text\r\nPackage Control: Installed missing dependency numpy\r\nPackage Control: Skipping automatic upgrade, last run at 2016-11-26 23:31:46, next run at 2016-11-27 00:31:46 or after\r\nerror: Package Control\r\n\r\n1 missing dependency was just installed. Sublime Text should be restarted, otherwise one or more of the installed packages may not function properly.\r\nPackage Control: WinINet HTTPS Debug General\r\n  Closing connection to api.github.com on port 443 after 3 requests\r\nPackage Control: WinINet HTTPS Debug General\r\n  Closing connection to packagecontrol.io on port 443 after 1 request\r\n```\r\n  Strict-Transport-Security: max-age=31536000; includeSubdomains; preload\r\n  X-Content-Type-Options: nosniff\r\n  X-Frame-Options: deny\r\n  X-XSS-Protection: 1; mode=block\r\n  Vary: Accept-Encoding\r\n  X-Served-By: b0ef53392caa42315c6206737946d931\r\n  X-GitHub-Request-Id: B16020EC:0833:140B040A:583A451B\r\nPackage Control: Using cached content for https://api.github.com/repos/math2001/FileManager/commits?sha=master&per_page=1 from D:\User\Dropbox\Applications\SoftwareVersioning\SublimeText\Data\Packages\User\Package Control.cache\1baed789e70a709c4915efe4ace1fb8f\r\nPackage Control: The dependency \"numpy\" is either not available on this platform or for this version of Sublime Text\r\nPackage Control: Installed missing dependency numpy\r\nPackage Control: Skipping automatic upgrade, last run at 2016-11-26 23:31:46, next run at 2016-11-27 00:31:46 or after\r\nerror: Package Control\r\n\r\n1 missing dependency was just installed. Sublime Text should be restarted, otherwise one or more of the installed packages may not function properly.\r\nPackage Control: WinINet HTTPS Debug General\r\n  Closing connection to api.github.com on port 443 after 3 requests\r\nPackage Control: WinINet HTTPS Debug General\r\n  Closing connection to packagecontrol.io on port 443 after 1 request\r\n```",
	"comments": 5,
	"comments_content": [
	{
		"user": "wbond",
		"body": "So there are two issues here:\r\n\r\n 1. Package Control is incorrectly saying it was installed when it wasnt\r\n 2. A package is requiring numpy on Windows when it is not available\r\n\r\nItem 1. is something that can be fixed here.\r\n\r\nItem 2. is an issue with the package. Package Control is not going to keep a \"log\" of attempts to try and resolve broken packages. Instead it is going to do what it is told and install the dependency that the package asked of it. The author can mark their package as only available for x64 to get around the issue. Then users with 32bit install won't see the package as available.t\r\n 2. A package is requiring numpy on Windows when it is not available\r\n\r\nItem 1. is something that can be fixed here.\r\n\r\nItem 2. is an issue with the package. Package Control is not going to keep a \"log\" of attempts to try and resolve broken packages. Instead it is going to do what it is told and install the dependency that the package asked of it. The author can mark their package as only available for x64 to get around the issue. Then users with 32bit install wont see the package as available.t see the package as available."
	},
	{
		"user": "FichteFoll",
		"body": "re 2.: The ability to specify an architecture-specific patform key in `dependencies.json` is not documented.\r\n\r\nref:\r\n\r\n- https://github.com/wbond/package_control/blob/master/example-dependencies.json\r\n- https://github.com/wbond/package_control/blob/2bcface6c34544eb5b0258984f2803b7a3c98ffc/package_control/package_manager.py#L378"
	},
	{
		"user": "wbond",
		"body": "Thanks for figuring that out @FichteFoll.\r\n\r\nJust to be clear, I was suggesting marking the package itself unavailable for 32bit Windows."
	},
	{
		"user": "FichteFoll",
		"body": "@wbond yeah, that would be the first step, but from reading https://github.com/wadetb/Sublime-Text-Advanced-CSV/issues/39 I found out that numpy is only an optional dependency."
	},
	{
		"user": "wadetb",
		"body": "Thanks for researching this @FichteFoll.  \r\n\r\nThe dependency is optional; when numpy is not present the extension falls back to \"tinynumpy\" which is pure Python. The numpy package is listed as a dependency because its a really convenient way to have it installed into the Sublime Text Python environment. \r\n\r\nI'll disable the numpy dependency for x86 platform variants.s a really convenient way to have it installed into the Sublime Text Python environment. \r\n\r\nIll disable the numpy dependency for x86 platform variants.ll disable the numpy dependency for x86 platform variants."
	}
	]
}