{
	"url": "https://api.github.com/repos/dreadatour/Flake8Lint/issues/52",
	"html_url": "https://github.com/dreadatour/Flake8Lint/issues/52",
	"title": "On save does not highlight, popup problems",
	"user": "gregerc",
	"labels": [
		{
			"name": "bug"
		},
		{
			"name": "can't reproduce"
		}
	],
	"body": "For me, with Sublime Text 3 on Mac, when Flake8Lint is run on save, the highlights dont show, gutter marks don't show and selecting an error or warning in the pop-up doesn't move the cursor to that line. Using the keyboard short-cut works as expected.\nt show, gutter marks dont show and selecting an error or warning in the pop-up doesn't move the cursor to that line. Using the keyboard short-cut works as expected.\nt show and selecting an error or warning in the pop-up doesnt move the cursor to that line. Using the keyboard short-cut works as expected.\nt move the cursor to that line. Using the keyboard short-cut works as expected.\n",
	"comments": 5,
	"comments_content": [
	{
		"user": "dreadatour",
		"body": "Hello!\nDoes problem still exists? Could you, please, close ST and run it again?\nIf problem repeats, could you set \"debug\" mode in plugin config and send me debug output from ST console?\n"
	},
	{
		"user": "gregerc",
		"body": "Hi! Tricky business. Im using Origami to split up my view into several editors, and it works in some, and not in others. Didn't get any debug output, do I need to restart Sublime Text for that option to take?\nm using Origami to split up my view into several editors, and it works in some, and not in others. Didnt get any debug output, do I need to restart Sublime Text for that option to take?\nt get any debug output, do I need to restart Sublime Text for that option to take?\n"
	},
	{
		"user": "dreadatour",
		"body": "Debug output will appear in ST console: <key>Ctrl+`</key> in Mac OS X by default.\nUnfortunately, I cant tell you if ST restart is needed. I will check it.\nJust in case - could you try to restart it?\n\nI will take a look at Origami - if there is any problems in Flake8Lint with it.\nt tell you if ST restart is needed. I will check it.\nJust in case - could you try to restart it?\n\nI will take a look at Origami - if there is any problems in Flake8Lint with it.\n"
	},
	{
		"user": "gregerc",
		"body": "I needed to restart Sublime, and heres the log. Ellipses mean that I removed a lot of copies of the line above.\n\n```\n[Flake8Lint DEBUG] plugin was loaded\n[Flake8Lint DEBUG] skip lint by 'on_load' hook due to plugin settings\n...\n[Flake8Lint DEBUG] skip lint by 'on_load' hook due to plugin settings\nPackage Control: Skipping automatic upgrade, last run at 2014-05-13 08:30:43, next run at 2014-05-13 09:30:43 or after\n[Flake8Lint DEBUG] skip lint by 'on_load' hook due to plugin settings\n...\n[Flake8Lint DEBUG] skip lint by 'on_load' hook due to plugin settings\n[Flake8Lint DEBUG] update statusbar\n[Flake8Lint DEBUG] skip lint by 'on_load' hook due to plugin settings\n...\n[Flake8Lint DEBUG] skip lint by 'on_load' hook due to plugin settings\n[Flake8Lint DEBUG] run lint by 'on_post_save' hook\n[Flake8Lint DEBUG] run flake8 lint\n[Flake8Lint DEBUG] ignore file patterns: []\n[Flake8Lint DEBUG] python interpreter: auto\n[Flake8Lint DEBUG] interpreter is external\n[Flake8Lint DEBUG] guess interpreter: 'python'\n[Flake8Lint DEBUG] linter file: /Users/gc/Library/Application Support/Sublime Text 3/Packages/Python Flake8 Lint/lint.py\n[Flake8Lint DEBUG] interpreter is external\n[Flake8Lint DEBUG] lint errors found: 1\n[Flake8Lint DEBUG] show flake8 lint errors\n[Flake8Lint DEBUG] 'select' setting: []\n[Flake8Lint DEBUG] 'ignore' setting: ['C0103']\n[Flake8Lint DEBUG] 'is_highlight' setting: True\n[Flake8Lint DEBUG] 'is_popup' setting: True\n[Flake8Lint DEBUG] error to show: (10, 0, \"F401 'datasource' imported but unused\")\n[Flake8Lint DEBUG] highlight errors in view (regions)\n[Flake8Lint DEBUG] show popup window with errors\n[Flake8Lint DEBUG] run lint by 'on_post_save' hook\n[Flake8Lint DEBUG] run flake8 lint\n[Flake8Lint DEBUG] ignore file patterns: []\n[Flake8Lint DEBUG] python interpreter: auto\n[Flake8Lint DEBUG] interpreter is external\n[Flake8Lint DEBUG] guess interpreter: 'python'\n[Flake8Lint DEBUG] linter file: /Users/gc/Library/Application Support/Sublime Text 3/Packages/Python Flake8 Lint/lint.py\n[Flake8Lint DEBUG] interpreter is external\n[Flake8Lint DEBUG] lint errors found: 1\n[Flake8Lint DEBUG] show flake8 lint errors\n[Flake8Lint DEBUG] 'select' setting: []\n[Flake8Lint DEBUG] 'ignore' setting: ['C0103']\n[Flake8Lint DEBUG] 'is_highlight' setting: True\n[Flake8Lint DEBUG] 'is_popup' setting: True\n[Flake8Lint DEBUG] error to show: (10, 0, \"F401 'datasource' imported but unused\")\n[Flake8Lint DEBUG] highlight errors in view (regions)\n[Flake8Lint DEBUG] show popup window with errors\nQuick panel unavailable\n[Flake8Lint DEBUG] skip lint by 'on_load' hook due to plugin settings\n...\n[Flake8Lint DEBUG] skip lint by 'on_load' hook due to plugin settings\n[Flake8Lint DEBUG] error was selected from popup window: scroll to line\n[Flake8Lint DEBUG] skip lint by 'on_load' hook due to plugin settings\n...\n[Flake8Lint DEBUG] skip lint by 'on_load' hook due to plugin settings\n[Flake8Lint DEBUG] skip lint because view is scratch\n[Flake8Lint DEBUG] skip lint by 'on_load' hook due to plugin settings\n...\n[Flake8Lint DEBUG] skip lint by 'on_load' hook due to plugin settings\n```\ns the log. Ellipses mean that I removed a lot of copies of the line above.\n\n```\n[Flake8Lint DEBUG] plugin was loaded\n[Flake8Lint DEBUG] skip lint by on_load' hook due to plugin settings\n...\n[Flake8Lint DEBUG] skip lint by 'on_load' hook due to plugin settings\nPackage Control: Skipping automatic upgrade, last run at 2014-05-13 08:30:43, next run at 2014-05-13 09:30:43 or after\n[Flake8Lint DEBUG] skip lint by 'on_load' hook due to plugin settings\n...\n[Flake8Lint DEBUG] skip lint by 'on_load' hook due to plugin settings\n[Flake8Lint DEBUG] update statusbar\n[Flake8Lint DEBUG] skip lint by 'on_load' hook due to plugin settings\n...\n[Flake8Lint DEBUG] skip lint by 'on_load' hook due to plugin settings\n[Flake8Lint DEBUG] run lint by 'on_post_save' hook\n[Flake8Lint DEBUG] run flake8 lint\n[Flake8Lint DEBUG] ignore file patterns: []\n[Flake8Lint DEBUG] python interpreter: auto\n[Flake8Lint DEBUG] interpreter is external\n[Flake8Lint DEBUG] guess interpreter: 'python'\n[Flake8Lint DEBUG] linter file: /Users/gc/Library/Application Support/Sublime Text 3/Packages/Python Flake8 Lint/lint.py\n[Flake8Lint DEBUG] interpreter is external\n[Flake8Lint DEBUG] lint errors found: 1\n[Flake8Lint DEBUG] show flake8 lint errors\n[Flake8Lint DEBUG] 'select' setting: []\n[Flake8Lint DEBUG] 'ignore' setting: ['C0103']\n[Flake8Lint DEBUG] 'is_highlight' setting: True\n[Flake8Lint DEBUG] 'is_popup' setting: True\n[Flake8Lint DEBUG] error to show: (10, 0, \"F401 'datasource' imported but unused\")\n[Flake8Lint DEBUG] highlight errors in view (regions)\n[Flake8Lint DEBUG] show popup window with errors\n[Flake8Lint DEBUG] run lint by 'on_post_save' hook\n[Flake8Lint DEBUG] run flake8 lint\n[Flake8Lint DEBUG] ignore file patterns: []\n[Flake8Lint DEBUG] python interpreter: auto\n[Flake8Lint DEBUG] interpreter is external\n[Flake8Lint DEBUG] guess interpreter: 'python'\n[Flake8Lint DEBUG] linter file: /Users/gc/Library/Application Support/Sublime Text 3/Packages/Python Flake8 Lint/lint.py\n[Flake8Lint DEBUG] interpreter is external\n[Flake8Lint DEBUG] lint errors found: 1\n[Flake8Lint DEBUG] show flake8 lint errors\n[Flake8Lint DEBUG] 'select' setting: []\n[Flake8Lint DEBUG] 'ignore' setting: ['C0103']\n[Flake8Lint DEBUG] 'is_highlight' setting: True\n[Flake8Lint DEBUG] 'is_popup' setting: True\n[Flake8Lint DEBUG] error to show: (10, 0, \"F401 'datasource' imported but unused\")\n[Flake8Lint DEBUG] highlight errors in view (regions)\n[Flake8Lint DEBUG] show popup window with errors\nQuick panel unavailable\n[Flake8Lint DEBUG] skip lint by 'on_load' hook due to plugin settings\n...\n[Flake8Lint DEBUG] skip lint by 'on_load' hook due to plugin settings\n[Flake8Lint DEBUG] error was selected from popup window: scroll to line\n[Flake8Lint DEBUG] skip lint by 'on_load' hook due to plugin settings\n...\n[Flake8Lint DEBUG] skip lint by 'on_load' hook due to plugin settings\n[Flake8Lint DEBUG] skip lint because view is scratch\n[Flake8Lint DEBUG] skip lint by 'on_load' hook due to plugin settings\n...\n[Flake8Lint DEBUG] skip lint by 'on_load' hook due to plugin settings\n```\non_load hook due to plugin settings\n...\n[Flake8Lint DEBUG] skip lint by 'on_load' hook due to plugin settings\nPackage Control: Skipping automatic upgrade, last run at 2014-05-13 08:30:43, next run at 2014-05-13 09:30:43 or after\n[Flake8Lint DEBUG] skip lint by 'on_load' hook due to plugin settings\n...\n[Flake8Lint DEBUG] skip lint by 'on_load' hook due to plugin settings\n[Flake8Lint DEBUG] update statusbar\n[Flake8Lint DEBUG] skip lint by 'on_load' hook due to plugin settings\n...\n[Flake8Lint DEBUG] skip lint by 'on_load' hook due to plugin settings\n[Flake8Lint DEBUG] run lint by 'on_post_save' hook\n[Flake8Lint DEBUG] run flake8 lint\n[Flake8Lint DEBUG] ignore file patterns: []\n[Flake8Lint DEBUG] python interpreter: auto\n[Flake8Lint DEBUG] interpreter is external\n[Flake8Lint DEBUG] guess interpreter: 'python'\n[Flake8Lint DEBUG] linter file: /Users/gc/Library/Application Support/Sublime Text 3/Packages/Python Flake8 Lint/lint.py\n[Flake8Lint DEBUG] interpreter is external\n[Flake8Lint DEBUG] lint errors found: 1\n[Flake8Lint DEBUG] show flake8 lint errors\n[Flake8Lint DEBUG] 'select' setting: []\n[Flake8Lint DEBUG] 'ignore' setting: ['C0103']\n[Flake8Lint DEBUG] 'is_highlight' setting: True\n[Flake8Lint DEBUG] 'is_popup' setting: True\n[Flake8Lint DEBUG] error to show: (10, 0, \"F401 'datasource' imported but unused\")\n[Flake8Lint DEBUG] highlight errors in view (regions)\n[Flake8Lint DEBUG] show popup window with errors\n[Flake8Lint DEBUG] run lint by 'on_post_save' hook\n[Flake8Lint DEBUG] run flake8 lint\n[Flake8Lint DEBUG] ignore file patterns: []\n[Flake8Lint DEBUG] python interpreter: auto\n[Flake8Lint DEBUG] interpreter is external\n[Flake8Lint DEBUG] guess interpreter: 'python'\n[Flake8Lint DEBUG] linter file: /Users/gc/Library/Application Support/Sublime Text 3/Packages/Python Flake8 Lint/lint.py\n[Flake8Lint DEBUG] interpreter is external\n[Flake8Lint DEBUG] lint errors found: 1\n[Flake8Lint DEBUG] show flake8 lint errors\n[Flake8Lint DEBUG] 'select' setting: []\n[Flake8Lint DEBUG] 'ignore' setting: ['C0103']\n[Flake8Lint DEBUG] 'is_highlight' setting: True\n[Flake8Lint DEBUG] 'is_popup' setting: True\n[Flake8Lint DEBUG] error to show: (10, 0, \"F401 'datasource' imported but unused\")\n[Flake8Lint DEBUG] highlight errors in view (regions)\n[Flake8Lint DEBUG] show popup window with errors\nQuick panel unavailable\n[Flake8Lint DEBUG] skip lint by 'on_load' hook due to plugin settings\n...\n[Flake8Lint DEBUG] skip lint by 'on_load' hook due to plugin settings\n[Flake8Lint DEBUG] error was selected from popup window: scroll to line\n[Flake8Lint DEBUG] skip lint by 'on_load' hook due to plugin settings\n...\n[Flake8Lint DEBUG] skip lint by 'on_load' hook due to plugin settings\n[Flake8Lint DEBUG] skip lint because view is scratch\n[Flake8Lint DEBUG] skip lint by 'on_load' hook due to plugin settings\n...\n[Flake8Lint DEBUG] skip lint by 'on_load' hook due to plugin settings\n```\n hook due to plugin settings\n...\n[Flake8Lint DEBUG] skip lint by on_load' hook due to plugin settings\nPackage Control: Skipping automatic upgrade, last run at 2014-05-13 08:30:43, next run at 2014-05-13 09:30:43 or after\n[Flake8Lint DEBUG] skip lint by 'on_load' hook due to plugin settings\n...\n[Flake8Lint DEBUG] skip lint by 'on_load' hook due to plugin settings\n[Flake8Lint DEBUG] update statusbar\n[Flake8Lint DEBUG] skip lint by 'on_load' hook due to plugin settings\n...\n[Flake8Lint DEBUG] skip lint by 'on_load' hook due to plugin settings\n[Flake8Lint DEBUG] run lint by 'on_post_save' hook\n[Flake8Lint DEBUG] run flake8 lint\n[Flake8Lint DEBUG] ignore file patterns: []\n[Flake8Lint DEBUG] python interpreter: auto\n[Flake8Lint DEBUG] interpreter is external\n[Flake8Lint DEBUG] guess interpreter: 'python'\n[Flake8Lint DEBUG] linter file: /Users/gc/Library/Application Support/Sublime Text 3/Packages/Python Flake8 Lint/lint.py\n[Flake8Lint DEBUG] interpreter is external\n[Flake8Lint DEBUG] lint errors found: 1\n[Flake8Lint DEBUG] show flake8 lint errors\n[Flake8Lint DEBUG] 'select' setting: []\n[Flake8Lint DEBUG] 'ignore' setting: ['C0103']\n[Flake8Lint DEBUG] 'is_highlight' setting: True\n[Flake8Lint DEBUG] 'is_popup' setting: True\n[Flake8Lint DEBUG] error to show: (10, 0, \"F401 'datasource' imported but unused\")\n[Flake8Lint DEBUG] highlight errors in view (regions)\n[Flake8Lint DEBUG] show popup window with errors\n[Flake8Lint DEBUG] run lint by 'on_post_save' hook\n[Flake8Lint DEBUG] run flake8 lint\n[Flake8Lint DEBUG] ignore file patterns: []\n[Flake8Lint DEBUG] python interpreter: auto\n[Flake8Lint DEBUG] interpreter is external\n[Flake8Lint DEBUG] guess interpreter: 'python'\n[Flake8Lint DEBUG] linter file: /Users/gc/Library/Application Support/Sublime Text 3/Packages/Python Flake8 Lint/lint.py\n[Flake8Lint DEBUG] interpreter is external\n[Flake8Lint DEBUG] lint errors found: 1\n[Flake8Lint DEBUG] show flake8 lint errors\n[Flake8Lint DEBUG] 'select' setting: []\n[Flake8Lint DEBUG] 'ignore' setting: ['C0103']\n[Flake8Lint DEBUG] 'is_highlight' setting: True\n[Flake8Lint DEBUG] 'is_popup' setting: True\n[Flake8Lint DEBUG] error to show: (10, 0, \"F401 'datasource' imported but unused\")\n[Flake8Lint DEBUG] highlight errors in view (regions)\n[Flake8Lint DEBUG] show popup window with errors\nQuick panel unavailable\n[Flake8Lint DEBUG] skip lint by 'on_load' hook due to plugin settings\n...\n[Flake8Lint DEBUG] skip lint by 'on_load' hook due to plugin settings\n[Flake8Lint DEBUG] error was selected from popup window: scroll to line\n[Flake8Lint DEBUG] skip lint by 'on_load' hook due to plugin settings\n...\n[Flake8Lint DEBUG] skip lint by 'on_load' hook due to plugin settings\n[Flake8Lint DEBUG] skip lint because view is scratch\n[Flake8Lint DEBUG] skip lint by 'on_load' hook due to plugin settings\n...\n[Flake8Lint DEBUG] skip lint by 'on_load' hook due to plugin settings\n```\non_load hook due to plugin settings\nPackage Control: Skipping automatic upgrade, last run at 2014-05-13 08:30:43, next run at 2014-05-13 09:30:43 or after\n[Flake8Lint DEBUG] skip lint by 'on_load' hook due to plugin settings\n...\n[Flake8Lint DEBUG] skip lint by 'on_load' hook due to plugin settings\n[Flake8Lint DEBUG] update statusbar\n[Flake8Lint DEBUG] skip lint by 'on_load' hook due to plugin settings\n...\n[Flake8Lint DEBUG] skip lint by 'on_load' hook due to plugin settings\n[Flake8Lint DEBUG] run lint by 'on_post_save' hook\n[Flake8Lint DEBUG] run flake8 lint\n[Flake8Lint DEBUG] ignore file patterns: []\n[Flake8Lint DEBUG] python interpreter: auto\n[Flake8Lint DEBUG] interpreter is external\n[Flake8Lint DEBUG] guess interpreter: 'python'\n[Flake8Lint DEBUG] linter file: /Users/gc/Library/Application Support/Sublime Text 3/Packages/Python Flake8 Lint/lint.py\n[Flake8Lint DEBUG] interpreter is external\n[Flake8Lint DEBUG] lint errors found: 1\n[Flake8Lint DEBUG] show flake8 lint errors\n[Flake8Lint DEBUG] 'select' setting: []\n[Flake8Lint DEBUG] 'ignore' setting: ['C0103']\n[Flake8Lint DEBUG] 'is_highlight' setting: True\n[Flake8Lint DEBUG] 'is_popup' setting: True\n[Flake8Lint DEBUG] error to show: (10, 0, \"F401 'datasource' imported but unused\")\n[Flake8Lint DEBUG] highlight errors in view (regions)\n[Flake8Lint DEBUG] show popup window with errors\n[Flake8Lint DEBUG] run lint by 'on_post_save' hook\n[Flake8Lint DEBUG] run flake8 lint\n[Flake8Lint DEBUG] ignore file patterns: []\n[Flake8Lint DEBUG] python interpreter: auto\n[Flake8Lint DEBUG] interpreter is external\n[Flake8Lint DEBUG] guess interpreter: 'python'\n[Flake8Lint DEBUG] linter file: /Users/gc/Library/Application Support/Sublime Text 3/Packages/Python Flake8 Lint/lint.py\n[Flake8Lint DEBUG] interpreter is external\n[Flake8Lint DEBUG] lint errors found: 1\n[Flake8Lint DEBUG] show flake8 lint errors\n[Flake8Lint DEBUG] 'select' setting: []\n[Flake8Lint DEBUG] 'ignore' setting: ['C0103']\n[Flake8Lint DEBUG] 'is_highlight' setting: True\n[Flake8Lint DEBUG] 'is_popup' setting: True\n[Flake8Lint DEBUG] error to show: (10, 0, \"F401 'datasource' imported but unused\")\n[Flake8Lint DEBUG] highlight errors in view (regions)\n[Flake8Lint DEBUG] show popup window with errors\nQuick panel unavailable\n[Flake8Lint DEBUG] skip lint by 'on_load' hook due to plugin settings\n...\n[Flake8Lint DEBUG] skip lint by 'on_load' hook due to plugin settings\n[Flake8Lint DEBUG] error was selected from popup window: scroll to line\n[Flake8Lint DEBUG] skip lint by 'on_load' hook due to plugin settings\n...\n[Flake8Lint DEBUG] skip lint by 'on_load' hook due to plugin settings\n[Flake8Lint DEBUG] skip lint because view is scratch\n[Flake8Lint DEBUG] skip lint by 'on_load' hook due to plugin settings\n...\n[Flake8Lint DEBUG] skip lint by 'on_load' hook due to plugin settings\n```\n hook due to plugin settings\nPackage Control: Skipping automatic upgrade, last run at 2014-05-13 08:30:43, next run at 2014-05-13 09:30:43 or after\n[Flake8Lint DEBUG] skip lint by on_load' hook due to plugin settings\n...\n[Flake8Lint DEBUG] skip lint by 'on_load' hook due to plugin settings\n[Flake8Lint DEBUG] update statusbar\n[Flake8Lint DEBUG] skip lint by 'on_load' hook due to plugin settings\n...\n[Flake8Lint DEBUG] skip lint by 'on_load' hook due to plugin settings\n[Flake8Lint DEBUG] run lint by 'on_post_save' hook\n[Flake8Lint DEBUG] run flake8 lint\n[Flake8Lint DEBUG] ignore file patterns: []\n[Flake8Lint DEBUG] python interpreter: auto\n[Flake8Lint DEBUG] interpreter is external\n[Flake8Lint DEBUG] guess interpreter: 'python'\n[Flake8Lint DEBUG] linter file: /Users/gc/Library/Application Support/Sublime Text 3/Packages/Python Flake8 Lint/lint.py\n[Flake8Lint DEBUG] interpreter is external\n[Flake8Lint DEBUG] lint errors found: 1\n[Flake8Lint DEBUG] show flake8 lint errors\n[Flake8Lint DEBUG] 'select' setting: []\n[Flake8Lint DEBUG] 'ignore' setting: ['C0103']\n[Flake8Lint DEBUG] 'is_highlight' setting: True\n[Flake8Lint DEBUG] 'is_popup' setting: True\n[Flake8Lint DEBUG] error to show: (10, 0, \"F401 'datasource' imported but unused\")\n[Flake8Lint DEBUG] highlight errors in view (regions)\n[Flake8Lint DEBUG] show popup window with errors\n[Flake8Lint DEBUG] run lint by 'on_post_save' hook\n[Flake8Lint DEBUG] run flake8 lint\n[Flake8Lint DEBUG] ignore file patterns: []\n[Flake8Lint DEBUG] python interpreter: auto\n[Flake8Lint DEBUG] interpreter is external\n[Flake8Lint DEBUG] guess interpreter: 'python'\n[Flake8Lint DEBUG] linter file: /Users/gc/Library/Application Support/Sublime Text 3/Packages/Python Flake8 Lint/lint.py\n[Flake8Lint DEBUG] interpreter is external\n[Flake8Lint DEBUG] lint errors found: 1\n[Flake8Lint DEBUG] show flake8 lint errors\n[Flake8Lint DEBUG] 'select' setting: []\n[Flake8Lint DEBUG] 'ignore' setting: ['C0103']\n[Flake8Lint DEBUG] 'is_highlight' setting: True\n[Flake8Lint DEBUG] 'is_popup' setting: True\n[Flake8Lint DEBUG] error to show: (10, 0, \"F401 'datasource' imported but unused\")\n[Flake8Lint DEBUG] highlight errors in view (regions)\n[Flake8Lint DEBUG] show popup window with errors\nQuick panel unavailable\n[Flake8Lint DEBUG] skip lint by 'on_load' hook due to plugin settings\n...\n[Flake8Lint DEBUG] skip lint by 'on_load' hook due to plugin settings\n[Flake8Lint DEBUG] error was selected from popup window: scroll to line\n[Flake8Lint DEBUG] skip lint by 'on_load' hook due to plugin settings\n...\n[Flake8Lint DEBUG] skip lint by 'on_load' hook due to plugin settings\n[Flake8Lint DEBUG] skip lint because view is scratch\n[Flake8Lint DEBUG] skip lint by 'on_load' hook due to plugin settings\n...\n[Flake8Lint DEBUG] skip lint by 'on_load' hook due to plugin settings\n```\non_load hook due to plugin settings\n...\n[Flake8Lint DEBUG] skip lint by 'on_load' hook due to plugin settings\n[Flake8Lint DEBUG] update statusbar\n[Flake8Lint DEBUG] skip lint by 'on_load' hook due to plugin settings\n...\n[Flake8Lint DEBUG] skip lint by 'on_load' hook due to plugin settings\n[Flake8Lint DEBUG] run lint by 'on_post_save' hook\n[Flake8Lint DEBUG] run flake8 lint\n[Flake8Lint DEBUG] ignore file patterns: []\n[Flake8Lint DEBUG] python interpreter: auto\n[Flake8Lint DEBUG] interpreter is external\n[Flake8Lint DEBUG] guess interpreter: 'python'\n[Flake8Lint DEBUG] linter file: /Users/gc/Library/Application Support/Sublime Text 3/Packages/Python Flake8 Lint/lint.py\n[Flake8Lint DEBUG] interpreter is external\n[Flake8Lint DEBUG] lint errors found: 1\n[Flake8Lint DEBUG] show flake8 lint errors\n[Flake8Lint DEBUG] 'select' setting: []\n[Flake8Lint DEBUG] 'ignore' setting: ['C0103']\n[Flake8Lint DEBUG] 'is_highlight' setting: True\n[Flake8Lint DEBUG] 'is_popup' setting: True\n[Flake8Lint DEBUG] error to show: (10, 0, \"F401 'datasource' imported but unused\")\n[Flake8Lint DEBUG] highlight errors in view (regions)\n[Flake8Lint DEBUG] show popup window with errors\n[Flake8Lint DEBUG] run lint by 'on_post_save' hook\n[Flake8Lint DEBUG] run flake8 lint\n[Flake8Lint DEBUG] ignore file patterns: []\n[Flake8Lint DEBUG] python interpreter: auto\n[Flake8Lint DEBUG] interpreter is external\n[Flake8Lint DEBUG] guess interpreter: 'python'\n[Flake8Lint DEBUG] linter file: /Users/gc/Library/Application Support/Sublime Text 3/Packages/Python Flake8 Lint/lint.py\n[Flake8Lint DEBUG] interpreter is external\n[Flake8Lint DEBUG] lint errors found: 1\n[Flake8Lint DEBUG] show flake8 lint errors\n[Flake8Lint DEBUG] 'select' setting: []\n[Flake8Lint DEBUG] 'ignore' setting: ['C0103']\n[Flake8Lint DEBUG] 'is_highlight' setting: True\n[Flake8Lint DEBUG] 'is_popup' setting: True\n[Flake8Lint DEBUG] error to show: (10, 0, \"F401 'datasource' imported but unused\")\n[Flake8Lint DEBUG] highlight errors in view (regions)\n[Flake8Lint DEBUG] show popup window with errors\nQuick panel unavailable\n[Flake8Lint DEBUG] skip lint by 'on_load' hook due to plugin settings\n...\n[Flake8Lint DEBUG] skip lint by 'on_load' hook due to plugin settings\n[Flake8Lint DEBUG] error was selected from popup window: scroll to line\n[Flake8Lint DEBUG] skip lint by 'on_load' hook due to plugin settings\n...\n[Flake8Lint DEBUG] skip lint by 'on_load' hook due to plugin settings\n[Flake8Lint DEBUG] skip lint because view is scratch\n[Flake8Lint DEBUG] skip lint by 'on_load' hook due to plugin settings\n...\n[Flake8Lint DEBUG] skip lint by 'on_load' hook due to plugin settings\n```\n hook due to plugin settings\n...\n[Flake8Lint DEBUG] skip lint by on_load' hook due to plugin settings\n[Flake8Lint DEBUG] update statusbar\n[Flake8Lint DEBUG] skip lint by 'on_load' hook due to plugin settings\n...\n[Flake8Lint DEBUG] skip lint by 'on_load' hook due to plugin settings\n[Flake8Lint DEBUG] run lint by 'on_post_save' hook\n[Flake8Lint DEBUG] run flake8 lint\n[Flake8Lint DEBUG] ignore file patterns: []\n[Flake8Lint DEBUG] python interpreter: auto\n[Flake8Lint DEBUG] interpreter is external\n[Flake8Lint DEBUG] guess interpreter: 'python'\n[Flake8Lint DEBUG] linter file: /Users/gc/Library/Application Support/Sublime Text 3/Packages/Python Flake8 Lint/lint.py\n[Flake8Lint DEBUG] interpreter is external\n[Flake8Lint DEBUG] lint errors found: 1\n[Flake8Lint DEBUG] show flake8 lint errors\n[Flake8Lint DEBUG] 'select' setting: []\n[Flake8Lint DEBUG] 'ignore' setting: ['C0103']\n[Flake8Lint DEBUG] 'is_highlight' setting: True\n[Flake8Lint DEBUG] 'is_popup' setting: True\n[Flake8Lint DEBUG] error to show: (10, 0, \"F401 'datasource' imported but unused\")\n[Flake8Lint DEBUG] highlight errors in view (regions)\n[Flake8Lint DEBUG] show popup window with errors\n[Flake8Lint DEBUG] run lint by 'on_post_save' hook\n[Flake8Lint DEBUG] run flake8 lint\n[Flake8Lint DEBUG] ignore file patterns: []\n[Flake8Lint DEBUG] python interpreter: auto\n[Flake8Lint DEBUG] interpreter is external\n[Flake8Lint DEBUG] guess interpreter: 'python'\n[Flake8Lint DEBUG] linter file: /Users/gc/Library/Application Support/Sublime Text 3/Packages/Python Flake8 Lint/lint.py\n[Flake8Lint DEBUG] interpreter is external\n[Flake8Lint DEBUG] lint errors found: 1\n[Flake8Lint DEBUG] show flake8 lint errors\n[Flake8Lint DEBUG] 'select' setting: []\n[Flake8Lint DEBUG] 'ignore' setting: ['C0103']\n[Flake8Lint DEBUG] 'is_highlight' setting: True\n[Flake8Lint DEBUG] 'is_popup' setting: True\n[Flake8Lint DEBUG] error to show: (10, 0, \"F401 'datasource' imported but unused\")\n[Flake8Lint DEBUG] highlight errors in view (regions)\n[Flake8Lint DEBUG] show popup window with errors\nQuick panel unavailable\n[Flake8Lint DEBUG] skip lint by 'on_load' hook due to plugin settings\n...\n[Flake8Lint DEBUG] skip lint by 'on_load' hook due to plugin settings\n[Flake8Lint DEBUG] error was selected from popup window: scroll to line\n[Flake8Lint DEBUG] skip lint by 'on_load' hook due to plugin settings\n...\n[Flake8Lint DEBUG] skip lint by 'on_load' hook due to plugin settings\n[Flake8Lint DEBUG] skip lint because view is scratch\n[Flake8Lint DEBUG] skip lint by 'on_load' hook due to plugin settings\n...\n[Flake8Lint DEBUG] skip lint by 'on_load' hook due to plugin settings\n```\non_load hook due to plugin settings\n[Flake8Lint DEBUG] update statusbar\n[Flake8Lint DEBUG] skip lint by 'on_load' hook due to plugin settings\n...\n[Flake8Lint DEBUG] skip lint by 'on_load' hook due to plugin settings\n[Flake8Lint DEBUG] run lint by 'on_post_save' hook\n[Flake8Lint DEBUG] run flake8 lint\n[Flake8Lint DEBUG] ignore file patterns: []\n[Flake8Lint DEBUG] python interpreter: auto\n[Flake8Lint DEBUG] interpreter is external\n[Flake8Lint DEBUG] guess interpreter: 'python'\n[Flake8Lint DEBUG] linter file: /Users/gc/Library/Application Support/Sublime Text 3/Packages/Python Flake8 Lint/lint.py\n[Flake8Lint DEBUG] interpreter is external\n[Flake8Lint DEBUG] lint errors found: 1\n[Flake8Lint DEBUG] show flake8 lint errors\n[Flake8Lint DEBUG] 'select' setting: []\n[Flake8Lint DEBUG] 'ignore' setting: ['C0103']\n[Flake8Lint DEBUG] 'is_highlight' setting: True\n[Flake8Lint DEBUG] 'is_popup' setting: True\n[Flake8Lint DEBUG] error to show: (10, 0, \"F401 'datasource' imported but unused\")\n[Flake8Lint DEBUG] highlight errors in view (regions)\n[Flake8Lint DEBUG] show popup window with errors\n[Flake8Lint DEBUG] run lint by 'on_post_save' hook\n[Flake8Lint DEBUG] run flake8 lint\n[Flake8Lint DEBUG] ignore file patterns: []\n[Flake8Lint DEBUG] python interpreter: auto\n[Flake8Lint DEBUG] interpreter is external\n[Flake8Lint DEBUG] guess interpreter: 'python'\n[Flake8Lint DEBUG] linter file: /Users/gc/Library/Application Support/Sublime Text 3/Packages/Python Flake8 Lint/lint.py\n[Flake8Lint DEBUG] interpreter is external\n[Flake8Lint DEBUG] lint errors found: 1\n[Flake8Lint DEBUG] show flake8 lint errors\n[Flake8Lint DEBUG] 'select' setting: []\n[Flake8Lint DEBUG] 'ignore' setting: ['C0103']\n[Flake8Lint DEBUG] 'is_highlight' setting: True\n[Flake8Lint DEBUG] 'is_popup' setting: True\n[Flake8Lint DEBUG] error to show: (10, 0, \"F401 'datasource' imported but unused\")\n[Flake8Lint DEBUG] highlight errors in view (regions)\n[Flake8Lint DEBUG] show popup window with errors\nQuick panel unavailable\n[Flake8Lint DEBUG] skip lint by 'on_load' hook due to plugin settings\n...\n[Flake8Lint DEBUG] skip lint by 'on_load' hook due to plugin settings\n[Flake8Lint DEBUG] error was selected from popup window: scroll to line\n[Flake8Lint DEBUG] skip lint by 'on_load' hook due to plugin settings\n...\n[Flake8Lint DEBUG] skip lint by 'on_load' hook due to plugin settings\n[Flake8Lint DEBUG] skip lint because view is scratch\n[Flake8Lint DEBUG] skip lint by 'on_load' hook due to plugin settings\n...\n[Flake8Lint DEBUG] skip lint by 'on_load' hook due to plugin settings\n```\n hook due to plugin settings\n[Flake8Lint DEBUG] update statusbar\n[Flake8Lint DEBUG] skip lint by on_load' hook due to plugin settings\n...\n[Flake8Lint DEBUG] skip lint by 'on_load' hook due to plugin settings\n[Flake8Lint DEBUG] run lint by 'on_post_save' hook\n[Flake8Lint DEBUG] run flake8 lint\n[Flake8Lint DEBUG] ignore file patterns: []\n[Flake8Lint DEBUG] python interpreter: auto\n[Flake8Lint DEBUG] interpreter is external\n[Flake8Lint DEBUG] guess interpreter: 'python'\n[Flake8Lint DEBUG] linter file: /Users/gc/Library/Application Support/Sublime Text 3/Packages/Python Flake8 Lint/lint.py\n[Flake8Lint DEBUG] interpreter is external\n[Flake8Lint DEBUG] lint errors found: 1\n[Flake8Lint DEBUG] show flake8 lint errors\n[Flake8Lint DEBUG] 'select' setting: []\n[Flake8Lint DEBUG] 'ignore' setting: ['C0103']\n[Flake8Lint DEBUG] 'is_highlight' setting: True\n[Flake8Lint DEBUG] 'is_popup' setting: True\n[Flake8Lint DEBUG] error to show: (10, 0, \"F401 'datasource' imported but unused\")\n[Flake8Lint DEBUG] highlight errors in view (regions)\n[Flake8Lint DEBUG] show popup window with errors\n[Flake8Lint DEBUG] run lint by 'on_post_save' hook\n[Flake8Lint DEBUG] run flake8 lint\n[Flake8Lint DEBUG] ignore file patterns: []\n[Flake8Lint DEBUG] python interpreter: auto\n[Flake8Lint DEBUG] interpreter is external\n[Flake8Lint DEBUG] guess interpreter: 'python'\n[Flake8Lint DEBUG] linter file: /Users/gc/Library/Application Support/Sublime Text 3/Packages/Python Flake8 Lint/lint.py\n[Flake8Lint DEBUG] interpreter is external\n[Flake8Lint DEBUG] lint errors found: 1\n[Flake8Lint DEBUG] show flake8 lint errors\n[Flake8Lint DEBUG] 'select' setting: []\n[Flake8Lint DEBUG] 'ignore' setting: ['C0103']\n[Flake8Lint DEBUG] 'is_highlight' setting: True\n[Flake8Lint DEBUG] 'is_popup' setting: True\n[Flake8Lint DEBUG] error to show: (10, 0, \"F401 'datasource' imported but unused\")\n[Flake8Lint DEBUG] highlight errors in view (regions)\n[Flake8Lint DEBUG] show popup window with errors\nQuick panel unavailable\n[Flake8Lint DEBUG] skip lint by 'on_load' hook due to plugin settings\n...\n[Flake8Lint DEBUG] skip lint by 'on_load' hook due to plugin settings\n[Flake8Lint DEBUG] error was selected from popup window: scroll to line\n[Flake8Lint DEBUG] skip lint by 'on_load' hook due to plugin settings\n...\n[Flake8Lint DEBUG] skip lint by 'on_load' hook due to plugin settings\n[Flake8Lint DEBUG] skip lint because view is scratch\n[Flake8Lint DEBUG] skip lint by 'on_load' hook due to plugin settings\n...\n[Flake8Lint DEBUG] skip lint by 'on_load' hook due to plugin settings\n```\non_load hook due to plugin settings\n...\n[Flake8Lint DEBUG] skip lint by 'on_load' hook due to plugin settings\n[Flake8Lint DEBUG] run lint by 'on_post_save' hook\n[Flake8Lint DEBUG] run flake8 lint\n[Flake8Lint DEBUG] ignore file patterns: []\n[Flake8Lint DEBUG] python interpreter: auto\n[Flake8Lint DEBUG] interpreter is external\n[Flake8Lint DEBUG] guess interpreter: 'python'\n[Flake8Lint DEBUG] linter file: /Users/gc/Library/Application Support/Sublime Text 3/Packages/Python Flake8 Lint/lint.py\n[Flake8Lint DEBUG] interpreter is external\n[Flake8Lint DEBUG] lint errors found: 1\n[Flake8Lint DEBUG] show flake8 lint errors\n[Flake8Lint DEBUG] 'select' setting: []\n[Flake8Lint DEBUG] 'ignore' setting: ['C0103']\n[Flake8Lint DEBUG] 'is_highlight' setting: True\n[Flake8Lint DEBUG] 'is_popup' setting: True\n[Flake8Lint DEBUG] error to show: (10, 0, \"F401 'datasource' imported but unused\")\n[Flake8Lint DEBUG] highlight errors in view (regions)\n[Flake8Lint DEBUG] show popup window with errors\n[Flake8Lint DEBUG] run lint by 'on_post_save' hook\n[Flake8Lint DEBUG] run flake8 lint\n[Flake8Lint DEBUG] ignore file patterns: []\n[Flake8Lint DEBUG] python interpreter: auto\n[Flake8Lint DEBUG] interpreter is external\n[Flake8Lint DEBUG] guess interpreter: 'python'\n[Flake8Lint DEBUG] linter file: /Users/gc/Library/Application Support/Sublime Text 3/Packages/Python Flake8 Lint/lint.py\n[Flake8Lint DEBUG] interpreter is external\n[Flake8Lint DEBUG] lint errors found: 1\n[Flake8Lint DEBUG] show flake8 lint errors\n[Flake8Lint DEBUG] 'select' setting: []\n[Flake8Lint DEBUG] 'ignore' setting: ['C0103']\n[Flake8Lint DEBUG] 'is_highlight' setting: True\n[Flake8Lint DEBUG] 'is_popup' setting: True\n[Flake8Lint DEBUG] error to show: (10, 0, \"F401 'datasource' imported but unused\")\n[Flake8Lint DEBUG] highlight errors in view (regions)\n[Flake8Lint DEBUG] show popup window with errors\nQuick panel unavailable\n[Flake8Lint DEBUG] skip lint by 'on_load' hook due to plugin settings\n...\n[Flake8Lint DEBUG] skip lint by 'on_load' hook due to plugin settings\n[Flake8Lint DEBUG] error was selected from popup window: scroll to line\n[Flake8Lint DEBUG] skip lint by 'on_load' hook due to plugin settings\n...\n[Flake8Lint DEBUG] skip lint by 'on_load' hook due to plugin settings\n[Flake8Lint DEBUG] skip lint because view is scratch\n[Flake8Lint DEBUG] skip lint by 'on_load' hook due to plugin settings\n...\n[Flake8Lint DEBUG] skip lint by 'on_load' hook due to plugin settings\n```\n hook due to plugin settings\n...\n[Flake8Lint DEBUG] skip lint by on_load' hook due to plugin settings\n[Flake8Lint DEBUG] run lint by 'on_post_save' hook\n[Flake8Lint DEBUG] run flake8 lint\n[Flake8Lint DEBUG] ignore file patterns: []\n[Flake8Lint DEBUG] python interpreter: auto\n[Flake8Lint DEBUG] interpreter is external\n[Flake8Lint DEBUG] guess interpreter: 'python'\n[Flake8Lint DEBUG] linter file: /Users/gc/Library/Application Support/Sublime Text 3/Packages/Python Flake8 Lint/lint.py\n[Flake8Lint DEBUG] interpreter is external\n[Flake8Lint DEBUG] lint errors found: 1\n[Flake8Lint DEBUG] show flake8 lint errors\n[Flake8Lint DEBUG] 'select' setting: []\n[Flake8Lint DEBUG] 'ignore' setting: ['C0103']\n[Flake8Lint DEBUG] 'is_highlight' setting: True\n[Flake8Lint DEBUG] 'is_popup' setting: True\n[Flake8Lint DEBUG] error to show: (10, 0, \"F401 'datasource' imported but unused\")\n[Flake8Lint DEBUG] highlight errors in view (regions)\n[Flake8Lint DEBUG] show popup window with errors\n[Flake8Lint DEBUG] run lint by 'on_post_save' hook\n[Flake8Lint DEBUG] run flake8 lint\n[Flake8Lint DEBUG] ignore file patterns: []\n[Flake8Lint DEBUG] python interpreter: auto\n[Flake8Lint DEBUG] interpreter is external\n[Flake8Lint DEBUG] guess interpreter: 'python'\n[Flake8Lint DEBUG] linter file: /Users/gc/Library/Application Support/Sublime Text 3/Packages/Python Flake8 Lint/lint.py\n[Flake8Lint DEBUG] interpreter is external\n[Flake8Lint DEBUG] lint errors found: 1\n[Flake8Lint DEBUG] show flake8 lint errors\n[Flake8Lint DEBUG] 'select' setting: []\n[Flake8Lint DEBUG] 'ignore' setting: ['C0103']\n[Flake8Lint DEBUG] 'is_highlight' setting: True\n[Flake8Lint DEBUG] 'is_popup' setting: True\n[Flake8Lint DEBUG] error to show: (10, 0, \"F401 'datasource' imported but unused\")\n[Flake8Lint DEBUG] highlight errors in view (regions)\n[Flake8Lint DEBUG] show popup window with errors\nQuick panel unavailable\n[Flake8Lint DEBUG] skip lint by 'on_load' hook due to plugin settings\n...\n[Flake8Lint DEBUG] skip lint by 'on_load' hook due to plugin settings\n[Flake8Lint DEBUG] error was selected from popup window: scroll to line\n[Flake8Lint DEBUG] skip lint by 'on_load' hook due to plugin settings\n...\n[Flake8Lint DEBUG] skip lint by 'on_load' hook due to plugin settings\n[Flake8Lint DEBUG] skip lint because view is scratch\n[Flake8Lint DEBUG] skip lint by 'on_load' hook due to plugin settings\n...\n[Flake8Lint DEBUG] skip lint by 'on_load' hook due to plugin settings\n```\non_load hook due to plugin settings\n[Flake8Lint DEBUG] run lint by 'on_post_save' hook\n[Flake8Lint DEBUG] run flake8 lint\n[Flake8Lint DEBUG] ignore file patterns: []\n[Flake8Lint DEBUG] python interpreter: auto\n[Flake8Lint DEBUG] interpreter is external\n[Flake8Lint DEBUG] guess interpreter: 'python'\n[Flake8Lint DEBUG] linter file: /Users/gc/Library/Application Support/Sublime Text 3/Packages/Python Flake8 Lint/lint.py\n[Flake8Lint DEBUG] interpreter is external\n[Flake8Lint DEBUG] lint errors found: 1\n[Flake8Lint DEBUG] show flake8 lint errors\n[Flake8Lint DEBUG] 'select' setting: []\n[Flake8Lint DEBUG] 'ignore' setting: ['C0103']\n[Flake8Lint DEBUG] 'is_highlight' setting: True\n[Flake8Lint DEBUG] 'is_popup' setting: True\n[Flake8Lint DEBUG] error to show: (10, 0, \"F401 'datasource' imported but unused\")\n[Flake8Lint DEBUG] highlight errors in view (regions)\n[Flake8Lint DEBUG] show popup window with errors\n[Flake8Lint DEBUG] run lint by 'on_post_save' hook\n[Flake8Lint DEBUG] run flake8 lint\n[Flake8Lint DEBUG] ignore file patterns: []\n[Flake8Lint DEBUG] python interpreter: auto\n[Flake8Lint DEBUG] interpreter is external\n[Flake8Lint DEBUG] guess interpreter: 'python'\n[Flake8Lint DEBUG] linter file: /Users/gc/Library/Application Support/Sublime Text 3/Packages/Python Flake8 Lint/lint.py\n[Flake8Lint DEBUG] interpreter is external\n[Flake8Lint DEBUG] lint errors found: 1\n[Flake8Lint DEBUG] show flake8 lint errors\n[Flake8Lint DEBUG] 'select' setting: []\n[Flake8Lint DEBUG] 'ignore' setting: ['C0103']\n[Flake8Lint DEBUG] 'is_highlight' setting: True\n[Flake8Lint DEBUG] 'is_popup' setting: True\n[Flake8Lint DEBUG] error to show: (10, 0, \"F401 'datasource' imported but unused\")\n[Flake8Lint DEBUG] highlight errors in view (regions)\n[Flake8Lint DEBUG] show popup window with errors\nQuick panel unavailable\n[Flake8Lint DEBUG] skip lint by 'on_load' hook due to plugin settings\n...\n[Flake8Lint DEBUG] skip lint by 'on_load' hook due to plugin settings\n[Flake8Lint DEBUG] error was selected from popup window: scroll to line\n[Flake8Lint DEBUG] skip lint by 'on_load' hook due to plugin settings\n...\n[Flake8Lint DEBUG] skip lint by 'on_load' hook due to plugin settings\n[Flake8Lint DEBUG] skip lint because view is scratch\n[Flake8Lint DEBUG] skip lint by 'on_load' hook due to plugin settings\n...\n[Flake8Lint DEBUG] skip lint by 'on_load' hook due to plugin settings\n```\n hook due to plugin settings\n[Flake8Lint DEBUG] run lint by on_post_save' hook\n[Flake8Lint DEBUG] run flake8 lint\n[Flake8Lint DEBUG] ignore file patterns: []\n[Flake8Lint DEBUG] python interpreter: auto\n[Flake8Lint DEBUG] interpreter is external\n[Flake8Lint DEBUG] guess interpreter: 'python'\n[Flake8Lint DEBUG] linter file: /Users/gc/Library/Application Support/Sublime Text 3/Packages/Python Flake8 Lint/lint.py\n[Flake8Lint DEBUG] interpreter is external\n[Flake8Lint DEBUG] lint errors found: 1\n[Flake8Lint DEBUG] show flake8 lint errors\n[Flake8Lint DEBUG] 'select' setting: []\n[Flake8Lint DEBUG] 'ignore' setting: ['C0103']\n[Flake8Lint DEBUG] 'is_highlight' setting: True\n[Flake8Lint DEBUG] 'is_popup' setting: True\n[Flake8Lint DEBUG] error to show: (10, 0, \"F401 'datasource' imported but unused\")\n[Flake8Lint DEBUG] highlight errors in view (regions)\n[Flake8Lint DEBUG] show popup window with errors\n[Flake8Lint DEBUG] run lint by 'on_post_save' hook\n[Flake8Lint DEBUG] run flake8 lint\n[Flake8Lint DEBUG] ignore file patterns: []\n[Flake8Lint DEBUG] python interpreter: auto\n[Flake8Lint DEBUG] interpreter is external\n[Flake8Lint DEBUG] guess interpreter: 'python'\n[Flake8Lint DEBUG] linter file: /Users/gc/Library/Application Support/Sublime Text 3/Packages/Python Flake8 Lint/lint.py\n[Flake8Lint DEBUG] interpreter is external\n[Flake8Lint DEBUG] lint errors found: 1\n[Flake8Lint DEBUG] show flake8 lint errors\n[Flake8Lint DEBUG] 'select' setting: []\n[Flake8Lint DEBUG] 'ignore' setting: ['C0103']\n[Flake8Lint DEBUG] 'is_highlight' setting: True\n[Flake8Lint DEBUG] 'is_popup' setting: True\n[Flake8Lint DEBUG] error to show: (10, 0, \"F401 'datasource' imported but unused\")\n[Flake8Lint DEBUG] highlight errors in view (regions)\n[Flake8Lint DEBUG] show popup window with errors\nQuick panel unavailable\n[Flake8Lint DEBUG] skip lint by 'on_load' hook due to plugin settings\n...\n[Flake8Lint DEBUG] skip lint by 'on_load' hook due to plugin settings\n[Flake8Lint DEBUG] error was selected from popup window: scroll to line\n[Flake8Lint DEBUG] skip lint by 'on_load' hook due to plugin settings\n...\n[Flake8Lint DEBUG] skip lint by 'on_load' hook due to plugin settings\n[Flake8Lint DEBUG] skip lint because view is scratch\n[Flake8Lint DEBUG] skip lint by 'on_load' hook due to plugin settings\n...\n[Flake8Lint DEBUG] skip lint by 'on_load' hook due to plugin settings\n```\non_post_save hook\n[Flake8Lint DEBUG] run flake8 lint\n[Flake8Lint DEBUG] ignore file patterns: []\n[Flake8Lint DEBUG] python interpreter: auto\n[Flake8Lint DEBUG] interpreter is external\n[Flake8Lint DEBUG] guess interpreter: 'python'\n[Flake8Lint DEBUG] linter file: /Users/gc/Library/Application Support/Sublime Text 3/Packages/Python Flake8 Lint/lint.py\n[Flake8Lint DEBUG] interpreter is external\n[Flake8Lint DEBUG] lint errors found: 1\n[Flake8Lint DEBUG] show flake8 lint errors\n[Flake8Lint DEBUG] 'select' setting: []\n[Flake8Lint DEBUG] 'ignore' setting: ['C0103']\n[Flake8Lint DEBUG] 'is_highlight' setting: True\n[Flake8Lint DEBUG] 'is_popup' setting: True\n[Flake8Lint DEBUG] error to show: (10, 0, \"F401 'datasource' imported but unused\")\n[Flake8Lint DEBUG] highlight errors in view (regions)\n[Flake8Lint DEBUG] show popup window with errors\n[Flake8Lint DEBUG] run lint by 'on_post_save' hook\n[Flake8Lint DEBUG] run flake8 lint\n[Flake8Lint DEBUG] ignore file patterns: []\n[Flake8Lint DEBUG] python interpreter: auto\n[Flake8Lint DEBUG] interpreter is external\n[Flake8Lint DEBUG] guess interpreter: 'python'\n[Flake8Lint DEBUG] linter file: /Users/gc/Library/Application Support/Sublime Text 3/Packages/Python Flake8 Lint/lint.py\n[Flake8Lint DEBUG] interpreter is external\n[Flake8Lint DEBUG] lint errors found: 1\n[Flake8Lint DEBUG] show flake8 lint errors\n[Flake8Lint DEBUG] 'select' setting: []\n[Flake8Lint DEBUG] 'ignore' setting: ['C0103']\n[Flake8Lint DEBUG] 'is_highlight' setting: True\n[Flake8Lint DEBUG] 'is_popup' setting: True\n[Flake8Lint DEBUG] error to show: (10, 0, \"F401 'datasource' imported but unused\")\n[Flake8Lint DEBUG] highlight errors in view (regions)\n[Flake8Lint DEBUG] show popup window with errors\nQuick panel unavailable\n[Flake8Lint DEBUG] skip lint by 'on_load' hook due to plugin settings\n...\n[Flake8Lint DEBUG] skip lint by 'on_load' hook due to plugin settings\n[Flake8Lint DEBUG] error was selected from popup window: scroll to line\n[Flake8Lint DEBUG] skip lint by 'on_load' hook due to plugin settings\n...\n[Flake8Lint DEBUG] skip lint by 'on_load' hook due to plugin settings\n[Flake8Lint DEBUG] skip lint because view is scratch\n[Flake8Lint DEBUG] skip lint by 'on_load' hook due to plugin settings\n...\n[Flake8Lint DEBUG] skip lint by 'on_load' hook due to plugin settings\n```\n hook\n[Flake8Lint DEBUG] run flake8 lint\n[Flake8Lint DEBUG] ignore file patterns: []\n[Flake8Lint DEBUG] python interpreter: auto\n[Flake8Lint DEBUG] interpreter is external\n[Flake8Lint DEBUG] guess interpreter: python'\n[Flake8Lint DEBUG] linter file: /Users/gc/Library/Application Support/Sublime Text 3/Packages/Python Flake8 Lint/lint.py\n[Flake8Lint DEBUG] interpreter is external\n[Flake8Lint DEBUG] lint errors found: 1\n[Flake8Lint DEBUG] show flake8 lint errors\n[Flake8Lint DEBUG] 'select' setting: []\n[Flake8Lint DEBUG] 'ignore' setting: ['C0103']\n[Flake8Lint DEBUG] 'is_highlight' setting: True\n[Flake8Lint DEBUG] 'is_popup' setting: True\n[Flake8Lint DEBUG] error to show: (10, 0, \"F401 'datasource' imported but unused\")\n[Flake8Lint DEBUG] highlight errors in view (regions)\n[Flake8Lint DEBUG] show popup window with errors\n[Flake8Lint DEBUG] run lint by 'on_post_save' hook\n[Flake8Lint DEBUG] run flake8 lint\n[Flake8Lint DEBUG] ignore file patterns: []\n[Flake8Lint DEBUG] python interpreter: auto\n[Flake8Lint DEBUG] interpreter is external\n[Flake8Lint DEBUG] guess interpreter: 'python'\n[Flake8Lint DEBUG] linter file: /Users/gc/Library/Application Support/Sublime Text 3/Packages/Python Flake8 Lint/lint.py\n[Flake8Lint DEBUG] interpreter is external\n[Flake8Lint DEBUG] lint errors found: 1\n[Flake8Lint DEBUG] show flake8 lint errors\n[Flake8Lint DEBUG] 'select' setting: []\n[Flake8Lint DEBUG] 'ignore' setting: ['C0103']\n[Flake8Lint DEBUG] 'is_highlight' setting: True\n[Flake8Lint DEBUG] 'is_popup' setting: True\n[Flake8Lint DEBUG] error to show: (10, 0, \"F401 'datasource' imported but unused\")\n[Flake8Lint DEBUG] highlight errors in view (regions)\n[Flake8Lint DEBUG] show popup window with errors\nQuick panel unavailable\n[Flake8Lint DEBUG] skip lint by 'on_load' hook due to plugin settings\n...\n[Flake8Lint DEBUG] skip lint by 'on_load' hook due to plugin settings\n[Flake8Lint DEBUG] error was selected from popup window: scroll to line\n[Flake8Lint DEBUG] skip lint by 'on_load' hook due to plugin settings\n...\n[Flake8Lint DEBUG] skip lint by 'on_load' hook due to plugin settings\n[Flake8Lint DEBUG] skip lint because view is scratch\n[Flake8Lint DEBUG] skip lint by 'on_load' hook due to plugin settings\n...\n[Flake8Lint DEBUG] skip lint by 'on_load' hook due to plugin settings\n```\npython\n[Flake8Lint DEBUG] linter file: /Users/gc/Library/Application Support/Sublime Text 3/Packages/Python Flake8 Lint/lint.py\n[Flake8Lint DEBUG] interpreter is external\n[Flake8Lint DEBUG] lint errors found: 1\n[Flake8Lint DEBUG] show flake8 lint errors\n[Flake8Lint DEBUG] 'select' setting: []\n[Flake8Lint DEBUG] 'ignore' setting: ['C0103']\n[Flake8Lint DEBUG] 'is_highlight' setting: True\n[Flake8Lint DEBUG] 'is_popup' setting: True\n[Flake8Lint DEBUG] error to show: (10, 0, \"F401 'datasource' imported but unused\")\n[Flake8Lint DEBUG] highlight errors in view (regions)\n[Flake8Lint DEBUG] show popup window with errors\n[Flake8Lint DEBUG] run lint by 'on_post_save' hook\n[Flake8Lint DEBUG] run flake8 lint\n[Flake8Lint DEBUG] ignore file patterns: []\n[Flake8Lint DEBUG] python interpreter: auto\n[Flake8Lint DEBUG] interpreter is external\n[Flake8Lint DEBUG] guess interpreter: 'python'\n[Flake8Lint DEBUG] linter file: /Users/gc/Library/Application Support/Sublime Text 3/Packages/Python Flake8 Lint/lint.py\n[Flake8Lint DEBUG] interpreter is external\n[Flake8Lint DEBUG] lint errors found: 1\n[Flake8Lint DEBUG] show flake8 lint errors\n[Flake8Lint DEBUG] 'select' setting: []\n[Flake8Lint DEBUG] 'ignore' setting: ['C0103']\n[Flake8Lint DEBUG] 'is_highlight' setting: True\n[Flake8Lint DEBUG] 'is_popup' setting: True\n[Flake8Lint DEBUG] error to show: (10, 0, \"F401 'datasource' imported but unused\")\n[Flake8Lint DEBUG] highlight errors in view (regions)\n[Flake8Lint DEBUG] show popup window with errors\nQuick panel unavailable\n[Flake8Lint DEBUG] skip lint by 'on_load' hook due to plugin settings\n...\n[Flake8Lint DEBUG] skip lint by 'on_load' hook due to plugin settings\n[Flake8Lint DEBUG] error was selected from popup window: scroll to line\n[Flake8Lint DEBUG] skip lint by 'on_load' hook due to plugin settings\n...\n[Flake8Lint DEBUG] skip lint by 'on_load' hook due to plugin settings\n[Flake8Lint DEBUG] skip lint because view is scratch\n[Flake8Lint DEBUG] skip lint by 'on_load' hook due to plugin settings\n...\n[Flake8Lint DEBUG] skip lint by 'on_load' hook due to plugin settings\n```\n\n[Flake8Lint DEBUG] linter file: /Users/gc/Library/Application Support/Sublime Text 3/Packages/Python Flake8 Lint/lint.py\n[Flake8Lint DEBUG] interpreter is external\n[Flake8Lint DEBUG] lint errors found: 1\n[Flake8Lint DEBUG] show flake8 lint errors\n[Flake8Lint DEBUG] select' setting: []\n[Flake8Lint DEBUG] 'ignore' setting: ['C0103']\n[Flake8Lint DEBUG] 'is_highlight' setting: True\n[Flake8Lint DEBUG] 'is_popup' setting: True\n[Flake8Lint DEBUG] error to show: (10, 0, \"F401 'datasource' imported but unused\")\n[Flake8Lint DEBUG] highlight errors in view (regions)\n[Flake8Lint DEBUG] show popup window with errors\n[Flake8Lint DEBUG] run lint by 'on_post_save' hook\n[Flake8Lint DEBUG] run flake8 lint\n[Flake8Lint DEBUG] ignore file patterns: []\n[Flake8Lint DEBUG] python interpreter: auto\n[Flake8Lint DEBUG] interpreter is external\n[Flake8Lint DEBUG] guess interpreter: 'python'\n[Flake8Lint DEBUG] linter file: /Users/gc/Library/Application Support/Sublime Text 3/Packages/Python Flake8 Lint/lint.py\n[Flake8Lint DEBUG] interpreter is external\n[Flake8Lint DEBUG] lint errors found: 1\n[Flake8Lint DEBUG] show flake8 lint errors\n[Flake8Lint DEBUG] 'select' setting: []\n[Flake8Lint DEBUG] 'ignore' setting: ['C0103']\n[Flake8Lint DEBUG] 'is_highlight' setting: True\n[Flake8Lint DEBUG] 'is_popup' setting: True\n[Flake8Lint DEBUG] error to show: (10, 0, \"F401 'datasource' imported but unused\")\n[Flake8Lint DEBUG] highlight errors in view (regions)\n[Flake8Lint DEBUG] show popup window with errors\nQuick panel unavailable\n[Flake8Lint DEBUG] skip lint by 'on_load' hook due to plugin settings\n...\n[Flake8Lint DEBUG] skip lint by 'on_load' hook due to plugin settings\n[Flake8Lint DEBUG] error was selected from popup window: scroll to line\n[Flake8Lint DEBUG] skip lint by 'on_load' hook due to plugin settings\n...\n[Flake8Lint DEBUG] skip lint by 'on_load' hook due to plugin settings\n[Flake8Lint DEBUG] skip lint because view is scratch\n[Flake8Lint DEBUG] skip lint by 'on_load' hook due to plugin settings\n...\n[Flake8Lint DEBUG] skip lint by 'on_load' hook due to plugin settings\n```\nselect setting: []\n[Flake8Lint DEBUG] 'ignore' setting: ['C0103']\n[Flake8Lint DEBUG] 'is_highlight' setting: True\n[Flake8Lint DEBUG] 'is_popup' setting: True\n[Flake8Lint DEBUG] error to show: (10, 0, \"F401 'datasource' imported but unused\")\n[Flake8Lint DEBUG] highlight errors in view (regions)\n[Flake8Lint DEBUG] show popup window with errors\n[Flake8Lint DEBUG] run lint by 'on_post_save' hook\n[Flake8Lint DEBUG] run flake8 lint\n[Flake8Lint DEBUG] ignore file patterns: []\n[Flake8Lint DEBUG] python interpreter: auto\n[Flake8Lint DEBUG] interpreter is external\n[Flake8Lint DEBUG] guess interpreter: 'python'\n[Flake8Lint DEBUG] linter file: /Users/gc/Library/Application Support/Sublime Text 3/Packages/Python Flake8 Lint/lint.py\n[Flake8Lint DEBUG] interpreter is external\n[Flake8Lint DEBUG] lint errors found: 1\n[Flake8Lint DEBUG] show flake8 lint errors\n[Flake8Lint DEBUG] 'select' setting: []\n[Flake8Lint DEBUG] 'ignore' setting: ['C0103']\n[Flake8Lint DEBUG] 'is_highlight' setting: True\n[Flake8Lint DEBUG] 'is_popup' setting: True\n[Flake8Lint DEBUG] error to show: (10, 0, \"F401 'datasource' imported but unused\")\n[Flake8Lint DEBUG] highlight errors in view (regions)\n[Flake8Lint DEBUG] show popup window with errors\nQuick panel unavailable\n[Flake8Lint DEBUG] skip lint by 'on_load' hook due to plugin settings\n...\n[Flake8Lint DEBUG] skip lint by 'on_load' hook due to plugin settings\n[Flake8Lint DEBUG] error was selected from popup window: scroll to line\n[Flake8Lint DEBUG] skip lint by 'on_load' hook due to plugin settings\n...\n[Flake8Lint DEBUG] skip lint by 'on_load' hook due to plugin settings\n[Flake8Lint DEBUG] skip lint because view is scratch\n[Flake8Lint DEBUG] skip lint by 'on_load' hook due to plugin settings\n...\n[Flake8Lint DEBUG] skip lint by 'on_load' hook due to plugin settings\n```\n setting: []\n[Flake8Lint DEBUG] ignore' setting: ['C0103']\n[Flake8Lint DEBUG] 'is_highlight' setting: True\n[Flake8Lint DEBUG] 'is_popup' setting: True\n[Flake8Lint DEBUG] error to show: (10, 0, \"F401 'datasource' imported but unused\")\n[Flake8Lint DEBUG] highlight errors in view (regions)\n[Flake8Lint DEBUG] show popup window with errors\n[Flake8Lint DEBUG] run lint by 'on_post_save' hook\n[Flake8Lint DEBUG] run flake8 lint\n[Flake8Lint DEBUG] ignore file patterns: []\n[Flake8Lint DEBUG] python interpreter: auto\n[Flake8Lint DEBUG] interpreter is external\n[Flake8Lint DEBUG] guess interpreter: 'python'\n[Flake8Lint DEBUG] linter file: /Users/gc/Library/Application Support/Sublime Text 3/Packages/Python Flake8 Lint/lint.py\n[Flake8Lint DEBUG] interpreter is external\n[Flake8Lint DEBUG] lint errors found: 1\n[Flake8Lint DEBUG] show flake8 lint errors\n[Flake8Lint DEBUG] 'select' setting: []\n[Flake8Lint DEBUG] 'ignore' setting: ['C0103']\n[Flake8Lint DEBUG] 'is_highlight' setting: True\n[Flake8Lint DEBUG] 'is_popup' setting: True\n[Flake8Lint DEBUG] error to show: (10, 0, \"F401 'datasource' imported but unused\")\n[Flake8Lint DEBUG] highlight errors in view (regions)\n[Flake8Lint DEBUG] show popup window with errors\nQuick panel unavailable\n[Flake8Lint DEBUG] skip lint by 'on_load' hook due to plugin settings\n...\n[Flake8Lint DEBUG] skip lint by 'on_load' hook due to plugin settings\n[Flake8Lint DEBUG] error was selected from popup window: scroll to line\n[Flake8Lint DEBUG] skip lint by 'on_load' hook due to plugin settings\n...\n[Flake8Lint DEBUG] skip lint by 'on_load' hook due to plugin settings\n[Flake8Lint DEBUG] skip lint because view is scratch\n[Flake8Lint DEBUG] skip lint by 'on_load' hook due to plugin settings\n...\n[Flake8Lint DEBUG] skip lint by 'on_load' hook due to plugin settings\n```\nignore setting: ['C0103']\n[Flake8Lint DEBUG] 'is_highlight' setting: True\n[Flake8Lint DEBUG] 'is_popup' setting: True\n[Flake8Lint DEBUG] error to show: (10, 0, \"F401 'datasource' imported but unused\")\n[Flake8Lint DEBUG] highlight errors in view (regions)\n[Flake8Lint DEBUG] show popup window with errors\n[Flake8Lint DEBUG] run lint by 'on_post_save' hook\n[Flake8Lint DEBUG] run flake8 lint\n[Flake8Lint DEBUG] ignore file patterns: []\n[Flake8Lint DEBUG] python interpreter: auto\n[Flake8Lint DEBUG] interpreter is external\n[Flake8Lint DEBUG] guess interpreter: 'python'\n[Flake8Lint DEBUG] linter file: /Users/gc/Library/Application Support/Sublime Text 3/Packages/Python Flake8 Lint/lint.py\n[Flake8Lint DEBUG] interpreter is external\n[Flake8Lint DEBUG] lint errors found: 1\n[Flake8Lint DEBUG] show flake8 lint errors\n[Flake8Lint DEBUG] 'select' setting: []\n[Flake8Lint DEBUG] 'ignore' setting: ['C0103']\n[Flake8Lint DEBUG] 'is_highlight' setting: True\n[Flake8Lint DEBUG] 'is_popup' setting: True\n[Flake8Lint DEBUG] error to show: (10, 0, \"F401 'datasource' imported but unused\")\n[Flake8Lint DEBUG] highlight errors in view (regions)\n[Flake8Lint DEBUG] show popup window with errors\nQuick panel unavailable\n[Flake8Lint DEBUG] skip lint by 'on_load' hook due to plugin settings\n...\n[Flake8Lint DEBUG] skip lint by 'on_load' hook due to plugin settings\n[Flake8Lint DEBUG] error was selected from popup window: scroll to line\n[Flake8Lint DEBUG] skip lint by 'on_load' hook due to plugin settings\n...\n[Flake8Lint DEBUG] skip lint by 'on_load' hook due to plugin settings\n[Flake8Lint DEBUG] skip lint because view is scratch\n[Flake8Lint DEBUG] skip lint by 'on_load' hook due to plugin settings\n...\n[Flake8Lint DEBUG] skip lint by 'on_load' hook due to plugin settings\n```\n setting: [C0103']\n[Flake8Lint DEBUG] 'is_highlight' setting: True\n[Flake8Lint DEBUG] 'is_popup' setting: True\n[Flake8Lint DEBUG] error to show: (10, 0, \"F401 'datasource' imported but unused\")\n[Flake8Lint DEBUG] highlight errors in view (regions)\n[Flake8Lint DEBUG] show popup window with errors\n[Flake8Lint DEBUG] run lint by 'on_post_save' hook\n[Flake8Lint DEBUG] run flake8 lint\n[Flake8Lint DEBUG] ignore file patterns: []\n[Flake8Lint DEBUG] python interpreter: auto\n[Flake8Lint DEBUG] interpreter is external\n[Flake8Lint DEBUG] guess interpreter: 'python'\n[Flake8Lint DEBUG] linter file: /Users/gc/Library/Application Support/Sublime Text 3/Packages/Python Flake8 Lint/lint.py\n[Flake8Lint DEBUG] interpreter is external\n[Flake8Lint DEBUG] lint errors found: 1\n[Flake8Lint DEBUG] show flake8 lint errors\n[Flake8Lint DEBUG] 'select' setting: []\n[Flake8Lint DEBUG] 'ignore' setting: ['C0103']\n[Flake8Lint DEBUG] 'is_highlight' setting: True\n[Flake8Lint DEBUG] 'is_popup' setting: True\n[Flake8Lint DEBUG] error to show: (10, 0, \"F401 'datasource' imported but unused\")\n[Flake8Lint DEBUG] highlight errors in view (regions)\n[Flake8Lint DEBUG] show popup window with errors\nQuick panel unavailable\n[Flake8Lint DEBUG] skip lint by 'on_load' hook due to plugin settings\n...\n[Flake8Lint DEBUG] skip lint by 'on_load' hook due to plugin settings\n[Flake8Lint DEBUG] error was selected from popup window: scroll to line\n[Flake8Lint DEBUG] skip lint by 'on_load' hook due to plugin settings\n...\n[Flake8Lint DEBUG] skip lint by 'on_load' hook due to plugin settings\n[Flake8Lint DEBUG] skip lint because view is scratch\n[Flake8Lint DEBUG] skip lint by 'on_load' hook due to plugin settings\n...\n[Flake8Lint DEBUG] skip lint by 'on_load' hook due to plugin settings\n```\nC0103]\n[Flake8Lint DEBUG] 'is_highlight' setting: True\n[Flake8Lint DEBUG] 'is_popup' setting: True\n[Flake8Lint DEBUG] error to show: (10, 0, \"F401 'datasource' imported but unused\")\n[Flake8Lint DEBUG] highlight errors in view (regions)\n[Flake8Lint DEBUG] show popup window with errors\n[Flake8Lint DEBUG] run lint by 'on_post_save' hook\n[Flake8Lint DEBUG] run flake8 lint\n[Flake8Lint DEBUG] ignore file patterns: []\n[Flake8Lint DEBUG] python interpreter: auto\n[Flake8Lint DEBUG] interpreter is external\n[Flake8Lint DEBUG] guess interpreter: 'python'\n[Flake8Lint DEBUG] linter file: /Users/gc/Library/Application Support/Sublime Text 3/Packages/Python Flake8 Lint/lint.py\n[Flake8Lint DEBUG] interpreter is external\n[Flake8Lint DEBUG] lint errors found: 1\n[Flake8Lint DEBUG] show flake8 lint errors\n[Flake8Lint DEBUG] 'select' setting: []\n[Flake8Lint DEBUG] 'ignore' setting: ['C0103']\n[Flake8Lint DEBUG] 'is_highlight' setting: True\n[Flake8Lint DEBUG] 'is_popup' setting: True\n[Flake8Lint DEBUG] error to show: (10, 0, \"F401 'datasource' imported but unused\")\n[Flake8Lint DEBUG] highlight errors in view (regions)\n[Flake8Lint DEBUG] show popup window with errors\nQuick panel unavailable\n[Flake8Lint DEBUG] skip lint by 'on_load' hook due to plugin settings\n...\n[Flake8Lint DEBUG] skip lint by 'on_load' hook due to plugin settings\n[Flake8Lint DEBUG] error was selected from popup window: scroll to line\n[Flake8Lint DEBUG] skip lint by 'on_load' hook due to plugin settings\n...\n[Flake8Lint DEBUG] skip lint by 'on_load' hook due to plugin settings\n[Flake8Lint DEBUG] skip lint because view is scratch\n[Flake8Lint DEBUG] skip lint by 'on_load' hook due to plugin settings\n...\n[Flake8Lint DEBUG] skip lint by 'on_load' hook due to plugin settings\n```\n]\n[Flake8Lint DEBUG] is_highlight' setting: True\n[Flake8Lint DEBUG] 'is_popup' setting: True\n[Flake8Lint DEBUG] error to show: (10, 0, \"F401 'datasource' imported but unused\")\n[Flake8Lint DEBUG] highlight errors in view (regions)\n[Flake8Lint DEBUG] show popup window with errors\n[Flake8Lint DEBUG] run lint by 'on_post_save' hook\n[Flake8Lint DEBUG] run flake8 lint\n[Flake8Lint DEBUG] ignore file patterns: []\n[Flake8Lint DEBUG] python interpreter: auto\n[Flake8Lint DEBUG] interpreter is external\n[Flake8Lint DEBUG] guess interpreter: 'python'\n[Flake8Lint DEBUG] linter file: /Users/gc/Library/Application Support/Sublime Text 3/Packages/Python Flake8 Lint/lint.py\n[Flake8Lint DEBUG] interpreter is external\n[Flake8Lint DEBUG] lint errors found: 1\n[Flake8Lint DEBUG] show flake8 lint errors\n[Flake8Lint DEBUG] 'select' setting: []\n[Flake8Lint DEBUG] 'ignore' setting: ['C0103']\n[Flake8Lint DEBUG] 'is_highlight' setting: True\n[Flake8Lint DEBUG] 'is_popup' setting: True\n[Flake8Lint DEBUG] error to show: (10, 0, \"F401 'datasource' imported but unused\")\n[Flake8Lint DEBUG] highlight errors in view (regions)\n[Flake8Lint DEBUG] show popup window with errors\nQuick panel unavailable\n[Flake8Lint DEBUG] skip lint by 'on_load' hook due to plugin settings\n...\n[Flake8Lint DEBUG] skip lint by 'on_load' hook due to plugin settings\n[Flake8Lint DEBUG] error was selected from popup window: scroll to line\n[Flake8Lint DEBUG] skip lint by 'on_load' hook due to plugin settings\n...\n[Flake8Lint DEBUG] skip lint by 'on_load' hook due to plugin settings\n[Flake8Lint DEBUG] skip lint because view is scratch\n[Flake8Lint DEBUG] skip lint by 'on_load' hook due to plugin settings\n...\n[Flake8Lint DEBUG] skip lint by 'on_load' hook due to plugin settings\n```\nis_highlight setting: True\n[Flake8Lint DEBUG] 'is_popup' setting: True\n[Flake8Lint DEBUG] error to show: (10, 0, \"F401 'datasource' imported but unused\")\n[Flake8Lint DEBUG] highlight errors in view (regions)\n[Flake8Lint DEBUG] show popup window with errors\n[Flake8Lint DEBUG] run lint by 'on_post_save' hook\n[Flake8Lint DEBUG] run flake8 lint\n[Flake8Lint DEBUG] ignore file patterns: []\n[Flake8Lint DEBUG] python interpreter: auto\n[Flake8Lint DEBUG] interpreter is external\n[Flake8Lint DEBUG] guess interpreter: 'python'\n[Flake8Lint DEBUG] linter file: /Users/gc/Library/Application Support/Sublime Text 3/Packages/Python Flake8 Lint/lint.py\n[Flake8Lint DEBUG] interpreter is external\n[Flake8Lint DEBUG] lint errors found: 1\n[Flake8Lint DEBUG] show flake8 lint errors\n[Flake8Lint DEBUG] 'select' setting: []\n[Flake8Lint DEBUG] 'ignore' setting: ['C0103']\n[Flake8Lint DEBUG] 'is_highlight' setting: True\n[Flake8Lint DEBUG] 'is_popup' setting: True\n[Flake8Lint DEBUG] error to show: (10, 0, \"F401 'datasource' imported but unused\")\n[Flake8Lint DEBUG] highlight errors in view (regions)\n[Flake8Lint DEBUG] show popup window with errors\nQuick panel unavailable\n[Flake8Lint DEBUG] skip lint by 'on_load' hook due to plugin settings\n...\n[Flake8Lint DEBUG] skip lint by 'on_load' hook due to plugin settings\n[Flake8Lint DEBUG] error was selected from popup window: scroll to line\n[Flake8Lint DEBUG] skip lint by 'on_load' hook due to plugin settings\n...\n[Flake8Lint DEBUG] skip lint by 'on_load' hook due to plugin settings\n[Flake8Lint DEBUG] skip lint because view is scratch\n[Flake8Lint DEBUG] skip lint by 'on_load' hook due to plugin settings\n...\n[Flake8Lint DEBUG] skip lint by 'on_load' hook due to plugin settings\n```\n setting: True\n[Flake8Lint DEBUG] is_popup' setting: True\n[Flake8Lint DEBUG] error to show: (10, 0, \"F401 'datasource' imported but unused\")\n[Flake8Lint DEBUG] highlight errors in view (regions)\n[Flake8Lint DEBUG] show popup window with errors\n[Flake8Lint DEBUG] run lint by 'on_post_save' hook\n[Flake8Lint DEBUG] run flake8 lint\n[Flake8Lint DEBUG] ignore file patterns: []\n[Flake8Lint DEBUG] python interpreter: auto\n[Flake8Lint DEBUG] interpreter is external\n[Flake8Lint DEBUG] guess interpreter: 'python'\n[Flake8Lint DEBUG] linter file: /Users/gc/Library/Application Support/Sublime Text 3/Packages/Python Flake8 Lint/lint.py\n[Flake8Lint DEBUG] interpreter is external\n[Flake8Lint DEBUG] lint errors found: 1\n[Flake8Lint DEBUG] show flake8 lint errors\n[Flake8Lint DEBUG] 'select' setting: []\n[Flake8Lint DEBUG] 'ignore' setting: ['C0103']\n[Flake8Lint DEBUG] 'is_highlight' setting: True\n[Flake8Lint DEBUG] 'is_popup' setting: True\n[Flake8Lint DEBUG] error to show: (10, 0, \"F401 'datasource' imported but unused\")\n[Flake8Lint DEBUG] highlight errors in view (regions)\n[Flake8Lint DEBUG] show popup window with errors\nQuick panel unavailable\n[Flake8Lint DEBUG] skip lint by 'on_load' hook due to plugin settings\n...\n[Flake8Lint DEBUG] skip lint by 'on_load' hook due to plugin settings\n[Flake8Lint DEBUG] error was selected from popup window: scroll to line\n[Flake8Lint DEBUG] skip lint by 'on_load' hook due to plugin settings\n...\n[Flake8Lint DEBUG] skip lint by 'on_load' hook due to plugin settings\n[Flake8Lint DEBUG] skip lint because view is scratch\n[Flake8Lint DEBUG] skip lint by 'on_load' hook due to plugin settings\n...\n[Flake8Lint DEBUG] skip lint by 'on_load' hook due to plugin settings\n```\nis_popup setting: True\n[Flake8Lint DEBUG] error to show: (10, 0, \"F401 'datasource' imported but unused\")\n[Flake8Lint DEBUG] highlight errors in view (regions)\n[Flake8Lint DEBUG] show popup window with errors\n[Flake8Lint DEBUG] run lint by 'on_post_save' hook\n[Flake8Lint DEBUG] run flake8 lint\n[Flake8Lint DEBUG] ignore file patterns: []\n[Flake8Lint DEBUG] python interpreter: auto\n[Flake8Lint DEBUG] interpreter is external\n[Flake8Lint DEBUG] guess interpreter: 'python'\n[Flake8Lint DEBUG] linter file: /Users/gc/Library/Application Support/Sublime Text 3/Packages/Python Flake8 Lint/lint.py\n[Flake8Lint DEBUG] interpreter is external\n[Flake8Lint DEBUG] lint errors found: 1\n[Flake8Lint DEBUG] show flake8 lint errors\n[Flake8Lint DEBUG] 'select' setting: []\n[Flake8Lint DEBUG] 'ignore' setting: ['C0103']\n[Flake8Lint DEBUG] 'is_highlight' setting: True\n[Flake8Lint DEBUG] 'is_popup' setting: True\n[Flake8Lint DEBUG] error to show: (10, 0, \"F401 'datasource' imported but unused\")\n[Flake8Lint DEBUG] highlight errors in view (regions)\n[Flake8Lint DEBUG] show popup window with errors\nQuick panel unavailable\n[Flake8Lint DEBUG] skip lint by 'on_load' hook due to plugin settings\n...\n[Flake8Lint DEBUG] skip lint by 'on_load' hook due to plugin settings\n[Flake8Lint DEBUG] error was selected from popup window: scroll to line\n[Flake8Lint DEBUG] skip lint by 'on_load' hook due to plugin settings\n...\n[Flake8Lint DEBUG] skip lint by 'on_load' hook due to plugin settings\n[Flake8Lint DEBUG] skip lint because view is scratch\n[Flake8Lint DEBUG] skip lint by 'on_load' hook due to plugin settings\n...\n[Flake8Lint DEBUG] skip lint by 'on_load' hook due to plugin settings\n```\n setting: True\n[Flake8Lint DEBUG] error to show: (10, 0, \"F401 datasource' imported but unused\")\n[Flake8Lint DEBUG] highlight errors in view (regions)\n[Flake8Lint DEBUG] show popup window with errors\n[Flake8Lint DEBUG] run lint by 'on_post_save' hook\n[Flake8Lint DEBUG] run flake8 lint\n[Flake8Lint DEBUG] ignore file patterns: []\n[Flake8Lint DEBUG] python interpreter: auto\n[Flake8Lint DEBUG] interpreter is external\n[Flake8Lint DEBUG] guess interpreter: 'python'\n[Flake8Lint DEBUG] linter file: /Users/gc/Library/Application Support/Sublime Text 3/Packages/Python Flake8 Lint/lint.py\n[Flake8Lint DEBUG] interpreter is external\n[Flake8Lint DEBUG] lint errors found: 1\n[Flake8Lint DEBUG] show flake8 lint errors\n[Flake8Lint DEBUG] 'select' setting: []\n[Flake8Lint DEBUG] 'ignore' setting: ['C0103']\n[Flake8Lint DEBUG] 'is_highlight' setting: True\n[Flake8Lint DEBUG] 'is_popup' setting: True\n[Flake8Lint DEBUG] error to show: (10, 0, \"F401 'datasource' imported but unused\")\n[Flake8Lint DEBUG] highlight errors in view (regions)\n[Flake8Lint DEBUG] show popup window with errors\nQuick panel unavailable\n[Flake8Lint DEBUG] skip lint by 'on_load' hook due to plugin settings\n...\n[Flake8Lint DEBUG] skip lint by 'on_load' hook due to plugin settings\n[Flake8Lint DEBUG] error was selected from popup window: scroll to line\n[Flake8Lint DEBUG] skip lint by 'on_load' hook due to plugin settings\n...\n[Flake8Lint DEBUG] skip lint by 'on_load' hook due to plugin settings\n[Flake8Lint DEBUG] skip lint because view is scratch\n[Flake8Lint DEBUG] skip lint by 'on_load' hook due to plugin settings\n...\n[Flake8Lint DEBUG] skip lint by 'on_load' hook due to plugin settings\n```\ndatasource imported but unused\")\n[Flake8Lint DEBUG] highlight errors in view (regions)\n[Flake8Lint DEBUG] show popup window with errors\n[Flake8Lint DEBUG] run lint by 'on_post_save' hook\n[Flake8Lint DEBUG] run flake8 lint\n[Flake8Lint DEBUG] ignore file patterns: []\n[Flake8Lint DEBUG] python interpreter: auto\n[Flake8Lint DEBUG] interpreter is external\n[Flake8Lint DEBUG] guess interpreter: 'python'\n[Flake8Lint DEBUG] linter file: /Users/gc/Library/Application Support/Sublime Text 3/Packages/Python Flake8 Lint/lint.py\n[Flake8Lint DEBUG] interpreter is external\n[Flake8Lint DEBUG] lint errors found: 1\n[Flake8Lint DEBUG] show flake8 lint errors\n[Flake8Lint DEBUG] 'select' setting: []\n[Flake8Lint DEBUG] 'ignore' setting: ['C0103']\n[Flake8Lint DEBUG] 'is_highlight' setting: True\n[Flake8Lint DEBUG] 'is_popup' setting: True\n[Flake8Lint DEBUG] error to show: (10, 0, \"F401 'datasource' imported but unused\")\n[Flake8Lint DEBUG] highlight errors in view (regions)\n[Flake8Lint DEBUG] show popup window with errors\nQuick panel unavailable\n[Flake8Lint DEBUG] skip lint by 'on_load' hook due to plugin settings\n...\n[Flake8Lint DEBUG] skip lint by 'on_load' hook due to plugin settings\n[Flake8Lint DEBUG] error was selected from popup window: scroll to line\n[Flake8Lint DEBUG] skip lint by 'on_load' hook due to plugin settings\n...\n[Flake8Lint DEBUG] skip lint by 'on_load' hook due to plugin settings\n[Flake8Lint DEBUG] skip lint because view is scratch\n[Flake8Lint DEBUG] skip lint by 'on_load' hook due to plugin settings\n...\n[Flake8Lint DEBUG] skip lint by 'on_load' hook due to plugin settings\n```\n imported but unused\")\n[Flake8Lint DEBUG] highlight errors in view (regions)\n[Flake8Lint DEBUG] show popup window with errors\n[Flake8Lint DEBUG] run lint by on_post_save' hook\n[Flake8Lint DEBUG] run flake8 lint\n[Flake8Lint DEBUG] ignore file patterns: []\n[Flake8Lint DEBUG] python interpreter: auto\n[Flake8Lint DEBUG] interpreter is external\n[Flake8Lint DEBUG] guess interpreter: 'python'\n[Flake8Lint DEBUG] linter file: /Users/gc/Library/Application Support/Sublime Text 3/Packages/Python Flake8 Lint/lint.py\n[Flake8Lint DEBUG] interpreter is external\n[Flake8Lint DEBUG] lint errors found: 1\n[Flake8Lint DEBUG] show flake8 lint errors\n[Flake8Lint DEBUG] 'select' setting: []\n[Flake8Lint DEBUG] 'ignore' setting: ['C0103']\n[Flake8Lint DEBUG] 'is_highlight' setting: True\n[Flake8Lint DEBUG] 'is_popup' setting: True\n[Flake8Lint DEBUG] error to show: (10, 0, \"F401 'datasource' imported but unused\")\n[Flake8Lint DEBUG] highlight errors in view (regions)\n[Flake8Lint DEBUG] show popup window with errors\nQuick panel unavailable\n[Flake8Lint DEBUG] skip lint by 'on_load' hook due to plugin settings\n...\n[Flake8Lint DEBUG] skip lint by 'on_load' hook due to plugin settings\n[Flake8Lint DEBUG] error was selected from popup window: scroll to line\n[Flake8Lint DEBUG] skip lint by 'on_load' hook due to plugin settings\n...\n[Flake8Lint DEBUG] skip lint by 'on_load' hook due to plugin settings\n[Flake8Lint DEBUG] skip lint because view is scratch\n[Flake8Lint DEBUG] skip lint by 'on_load' hook due to plugin settings\n...\n[Flake8Lint DEBUG] skip lint by 'on_load' hook due to plugin settings\n```\non_post_save hook\n[Flake8Lint DEBUG] run flake8 lint\n[Flake8Lint DEBUG] ignore file patterns: []\n[Flake8Lint DEBUG] python interpreter: auto\n[Flake8Lint DEBUG] interpreter is external\n[Flake8Lint DEBUG] guess interpreter: 'python'\n[Flake8Lint DEBUG] linter file: /Users/gc/Library/Application Support/Sublime Text 3/Packages/Python Flake8 Lint/lint.py\n[Flake8Lint DEBUG] interpreter is external\n[Flake8Lint DEBUG] lint errors found: 1\n[Flake8Lint DEBUG] show flake8 lint errors\n[Flake8Lint DEBUG] 'select' setting: []\n[Flake8Lint DEBUG] 'ignore' setting: ['C0103']\n[Flake8Lint DEBUG] 'is_highlight' setting: True\n[Flake8Lint DEBUG] 'is_popup' setting: True\n[Flake8Lint DEBUG] error to show: (10, 0, \"F401 'datasource' imported but unused\")\n[Flake8Lint DEBUG] highlight errors in view (regions)\n[Flake8Lint DEBUG] show popup window with errors\nQuick panel unavailable\n[Flake8Lint DEBUG] skip lint by 'on_load' hook due to plugin settings\n...\n[Flake8Lint DEBUG] skip lint by 'on_load' hook due to plugin settings\n[Flake8Lint DEBUG] error was selected from popup window: scroll to line\n[Flake8Lint DEBUG] skip lint by 'on_load' hook due to plugin settings\n...\n[Flake8Lint DEBUG] skip lint by 'on_load' hook due to plugin settings\n[Flake8Lint DEBUG] skip lint because view is scratch\n[Flake8Lint DEBUG] skip lint by 'on_load' hook due to plugin settings\n...\n[Flake8Lint DEBUG] skip lint by 'on_load' hook due to plugin settings\n```\n hook\n[Flake8Lint DEBUG] run flake8 lint\n[Flake8Lint DEBUG] ignore file patterns: []\n[Flake8Lint DEBUG] python interpreter: auto\n[Flake8Lint DEBUG] interpreter is external\n[Flake8Lint DEBUG] guess interpreter: python'\n[Flake8Lint DEBUG] linter file: /Users/gc/Library/Application Support/Sublime Text 3/Packages/Python Flake8 Lint/lint.py\n[Flake8Lint DEBUG] interpreter is external\n[Flake8Lint DEBUG] lint errors found: 1\n[Flake8Lint DEBUG] show flake8 lint errors\n[Flake8Lint DEBUG] 'select' setting: []\n[Flake8Lint DEBUG] 'ignore' setting: ['C0103']\n[Flake8Lint DEBUG] 'is_highlight' setting: True\n[Flake8Lint DEBUG] 'is_popup' setting: True\n[Flake8Lint DEBUG] error to show: (10, 0, \"F401 'datasource' imported but unused\")\n[Flake8Lint DEBUG] highlight errors in view (regions)\n[Flake8Lint DEBUG] show popup window with errors\nQuick panel unavailable\n[Flake8Lint DEBUG] skip lint by 'on_load' hook due to plugin settings\n...\n[Flake8Lint DEBUG] skip lint by 'on_load' hook due to plugin settings\n[Flake8Lint DEBUG] error was selected from popup window: scroll to line\n[Flake8Lint DEBUG] skip lint by 'on_load' hook due to plugin settings\n...\n[Flake8Lint DEBUG] skip lint by 'on_load' hook due to plugin settings\n[Flake8Lint DEBUG] skip lint because view is scratch\n[Flake8Lint DEBUG] skip lint by 'on_load' hook due to plugin settings\n...\n[Flake8Lint DEBUG] skip lint by 'on_load' hook due to plugin settings\n```\npython\n[Flake8Lint DEBUG] linter file: /Users/gc/Library/Application Support/Sublime Text 3/Packages/Python Flake8 Lint/lint.py\n[Flake8Lint DEBUG] interpreter is external\n[Flake8Lint DEBUG] lint errors found: 1\n[Flake8Lint DEBUG] show flake8 lint errors\n[Flake8Lint DEBUG] 'select' setting: []\n[Flake8Lint DEBUG] 'ignore' setting: ['C0103']\n[Flake8Lint DEBUG] 'is_highlight' setting: True\n[Flake8Lint DEBUG] 'is_popup' setting: True\n[Flake8Lint DEBUG] error to show: (10, 0, \"F401 'datasource' imported but unused\")\n[Flake8Lint DEBUG] highlight errors in view (regions)\n[Flake8Lint DEBUG] show popup window with errors\nQuick panel unavailable\n[Flake8Lint DEBUG] skip lint by 'on_load' hook due to plugin settings\n...\n[Flake8Lint DEBUG] skip lint by 'on_load' hook due to plugin settings\n[Flake8Lint DEBUG] error was selected from popup window: scroll to line\n[Flake8Lint DEBUG] skip lint by 'on_load' hook due to plugin settings\n...\n[Flake8Lint DEBUG] skip lint by 'on_load' hook due to plugin settings\n[Flake8Lint DEBUG] skip lint because view is scratch\n[Flake8Lint DEBUG] skip lint by 'on_load' hook due to plugin settings\n...\n[Flake8Lint DEBUG] skip lint by 'on_load' hook due to plugin settings\n```\n\n[Flake8Lint DEBUG] linter file: /Users/gc/Library/Application Support/Sublime Text 3/Packages/Python Flake8 Lint/lint.py\n[Flake8Lint DEBUG] interpreter is external\n[Flake8Lint DEBUG] lint errors found: 1\n[Flake8Lint DEBUG] show flake8 lint errors\n[Flake8Lint DEBUG] select' setting: []\n[Flake8Lint DEBUG] 'ignore' setting: ['C0103']\n[Flake8Lint DEBUG] 'is_highlight' setting: True\n[Flake8Lint DEBUG] 'is_popup' setting: True\n[Flake8Lint DEBUG] error to show: (10, 0, \"F401 'datasource' imported but unused\")\n[Flake8Lint DEBUG] highlight errors in view (regions)\n[Flake8Lint DEBUG] show popup window with errors\nQuick panel unavailable\n[Flake8Lint DEBUG] skip lint by 'on_load' hook due to plugin settings\n...\n[Flake8Lint DEBUG] skip lint by 'on_load' hook due to plugin settings\n[Flake8Lint DEBUG] error was selected from popup window: scroll to line\n[Flake8Lint DEBUG] skip lint by 'on_load' hook due to plugin settings\n...\n[Flake8Lint DEBUG] skip lint by 'on_load' hook due to plugin settings\n[Flake8Lint DEBUG] skip lint because view is scratch\n[Flake8Lint DEBUG] skip lint by 'on_load' hook due to plugin settings\n...\n[Flake8Lint DEBUG] skip lint by 'on_load' hook due to plugin settings\n```\nselect setting: []\n[Flake8Lint DEBUG] 'ignore' setting: ['C0103']\n[Flake8Lint DEBUG] 'is_highlight' setting: True\n[Flake8Lint DEBUG] 'is_popup' setting: True\n[Flake8Lint DEBUG] error to show: (10, 0, \"F401 'datasource' imported but unused\")\n[Flake8Lint DEBUG] highlight errors in view (regions)\n[Flake8Lint DEBUG] show popup window with errors\nQuick panel unavailable\n[Flake8Lint DEBUG] skip lint by 'on_load' hook due to plugin settings\n...\n[Flake8Lint DEBUG] skip lint by 'on_load' hook due to plugin settings\n[Flake8Lint DEBUG] error was selected from popup window: scroll to line\n[Flake8Lint DEBUG] skip lint by 'on_load' hook due to plugin settings\n...\n[Flake8Lint DEBUG] skip lint by 'on_load' hook due to plugin settings\n[Flake8Lint DEBUG] skip lint because view is scratch\n[Flake8Lint DEBUG] skip lint by 'on_load' hook due to plugin settings\n...\n[Flake8Lint DEBUG] skip lint by 'on_load' hook due to plugin settings\n```\n setting: []\n[Flake8Lint DEBUG] ignore' setting: ['C0103']\n[Flake8Lint DEBUG] 'is_highlight' setting: True\n[Flake8Lint DEBUG] 'is_popup' setting: True\n[Flake8Lint DEBUG] error to show: (10, 0, \"F401 'datasource' imported but unused\")\n[Flake8Lint DEBUG] highlight errors in view (regions)\n[Flake8Lint DEBUG] show popup window with errors\nQuick panel unavailable\n[Flake8Lint DEBUG] skip lint by 'on_load' hook due to plugin settings\n...\n[Flake8Lint DEBUG] skip lint by 'on_load' hook due to plugin settings\n[Flake8Lint DEBUG] error was selected from popup window: scroll to line\n[Flake8Lint DEBUG] skip lint by 'on_load' hook due to plugin settings\n...\n[Flake8Lint DEBUG] skip lint by 'on_load' hook due to plugin settings\n[Flake8Lint DEBUG] skip lint because view is scratch\n[Flake8Lint DEBUG] skip lint by 'on_load' hook due to plugin settings\n...\n[Flake8Lint DEBUG] skip lint by 'on_load' hook due to plugin settings\n```\nignore setting: ['C0103']\n[Flake8Lint DEBUG] 'is_highlight' setting: True\n[Flake8Lint DEBUG] 'is_popup' setting: True\n[Flake8Lint DEBUG] error to show: (10, 0, \"F401 'datasource' imported but unused\")\n[Flake8Lint DEBUG] highlight errors in view (regions)\n[Flake8Lint DEBUG] show popup window with errors\nQuick panel unavailable\n[Flake8Lint DEBUG] skip lint by 'on_load' hook due to plugin settings\n...\n[Flake8Lint DEBUG] skip lint by 'on_load' hook due to plugin settings\n[Flake8Lint DEBUG] error was selected from popup window: scroll to line\n[Flake8Lint DEBUG] skip lint by 'on_load' hook due to plugin settings\n...\n[Flake8Lint DEBUG] skip lint by 'on_load' hook due to plugin settings\n[Flake8Lint DEBUG] skip lint because view is scratch\n[Flake8Lint DEBUG] skip lint by 'on_load' hook due to plugin settings\n...\n[Flake8Lint DEBUG] skip lint by 'on_load' hook due to plugin settings\n```\n setting: [C0103']\n[Flake8Lint DEBUG] 'is_highlight' setting: True\n[Flake8Lint DEBUG] 'is_popup' setting: True\n[Flake8Lint DEBUG] error to show: (10, 0, \"F401 'datasource' imported but unused\")\n[Flake8Lint DEBUG] highlight errors in view (regions)\n[Flake8Lint DEBUG] show popup window with errors\nQuick panel unavailable\n[Flake8Lint DEBUG] skip lint by 'on_load' hook due to plugin settings\n...\n[Flake8Lint DEBUG] skip lint by 'on_load' hook due to plugin settings\n[Flake8Lint DEBUG] error was selected from popup window: scroll to line\n[Flake8Lint DEBUG] skip lint by 'on_load' hook due to plugin settings\n...\n[Flake8Lint DEBUG] skip lint by 'on_load' hook due to plugin settings\n[Flake8Lint DEBUG] skip lint because view is scratch\n[Flake8Lint DEBUG] skip lint by 'on_load' hook due to plugin settings\n...\n[Flake8Lint DEBUG] skip lint by 'on_load' hook due to plugin settings\n```\nC0103]\n[Flake8Lint DEBUG] 'is_highlight' setting: True\n[Flake8Lint DEBUG] 'is_popup' setting: True\n[Flake8Lint DEBUG] error to show: (10, 0, \"F401 'datasource' imported but unused\")\n[Flake8Lint DEBUG] highlight errors in view (regions)\n[Flake8Lint DEBUG] show popup window with errors\nQuick panel unavailable\n[Flake8Lint DEBUG] skip lint by 'on_load' hook due to plugin settings\n...\n[Flake8Lint DEBUG] skip lint by 'on_load' hook due to plugin settings\n[Flake8Lint DEBUG] error was selected from popup window: scroll to line\n[Flake8Lint DEBUG] skip lint by 'on_load' hook due to plugin settings\n...\n[Flake8Lint DEBUG] skip lint by 'on_load' hook due to plugin settings\n[Flake8Lint DEBUG] skip lint because view is scratch\n[Flake8Lint DEBUG] skip lint by 'on_load' hook due to plugin settings\n...\n[Flake8Lint DEBUG] skip lint by 'on_load' hook due to plugin settings\n```\n]\n[Flake8Lint DEBUG] is_highlight' setting: True\n[Flake8Lint DEBUG] 'is_popup' setting: True\n[Flake8Lint DEBUG] error to show: (10, 0, \"F401 'datasource' imported but unused\")\n[Flake8Lint DEBUG] highlight errors in view (regions)\n[Flake8Lint DEBUG] show popup window with errors\nQuick panel unavailable\n[Flake8Lint DEBUG] skip lint by 'on_load' hook due to plugin settings\n...\n[Flake8Lint DEBUG] skip lint by 'on_load' hook due to plugin settings\n[Flake8Lint DEBUG] error was selected from popup window: scroll to line\n[Flake8Lint DEBUG] skip lint by 'on_load' hook due to plugin settings\n...\n[Flake8Lint DEBUG] skip lint by 'on_load' hook due to plugin settings\n[Flake8Lint DEBUG] skip lint because view is scratch\n[Flake8Lint DEBUG] skip lint by 'on_load' hook due to plugin settings\n...\n[Flake8Lint DEBUG] skip lint by 'on_load' hook due to plugin settings\n```\nis_highlight setting: True\n[Flake8Lint DEBUG] 'is_popup' setting: True\n[Flake8Lint DEBUG] error to show: (10, 0, \"F401 'datasource' imported but unused\")\n[Flake8Lint DEBUG] highlight errors in view (regions)\n[Flake8Lint DEBUG] show popup window with errors\nQuick panel unavailable\n[Flake8Lint DEBUG] skip lint by 'on_load' hook due to plugin settings\n...\n[Flake8Lint DEBUG] skip lint by 'on_load' hook due to plugin settings\n[Flake8Lint DEBUG] error was selected from popup window: scroll to line\n[Flake8Lint DEBUG] skip lint by 'on_load' hook due to plugin settings\n...\n[Flake8Lint DEBUG] skip lint by 'on_load' hook due to plugin settings\n[Flake8Lint DEBUG] skip lint because view is scratch\n[Flake8Lint DEBUG] skip lint by 'on_load' hook due to plugin settings\n...\n[Flake8Lint DEBUG] skip lint by 'on_load' hook due to plugin settings\n```\n setting: True\n[Flake8Lint DEBUG] is_popup' setting: True\n[Flake8Lint DEBUG] error to show: (10, 0, \"F401 'datasource' imported but unused\")\n[Flake8Lint DEBUG] highlight errors in view (regions)\n[Flake8Lint DEBUG] show popup window with errors\nQuick panel unavailable\n[Flake8Lint DEBUG] skip lint by 'on_load' hook due to plugin settings\n...\n[Flake8Lint DEBUG] skip lint by 'on_load' hook due to plugin settings\n[Flake8Lint DEBUG] error was selected from popup window: scroll to line\n[Flake8Lint DEBUG] skip lint by 'on_load' hook due to plugin settings\n...\n[Flake8Lint DEBUG] skip lint by 'on_load' hook due to plugin settings\n[Flake8Lint DEBUG] skip lint because view is scratch\n[Flake8Lint DEBUG] skip lint by 'on_load' hook due to plugin settings\n...\n[Flake8Lint DEBUG] skip lint by 'on_load' hook due to plugin settings\n```\nis_popup setting: True\n[Flake8Lint DEBUG] error to show: (10, 0, \"F401 'datasource' imported but unused\")\n[Flake8Lint DEBUG] highlight errors in view (regions)\n[Flake8Lint DEBUG] show popup window with errors\nQuick panel unavailable\n[Flake8Lint DEBUG] skip lint by 'on_load' hook due to plugin settings\n...\n[Flake8Lint DEBUG] skip lint by 'on_load' hook due to plugin settings\n[Flake8Lint DEBUG] error was selected from popup window: scroll to line\n[Flake8Lint DEBUG] skip lint by 'on_load' hook due to plugin settings\n...\n[Flake8Lint DEBUG] skip lint by 'on_load' hook due to plugin settings\n[Flake8Lint DEBUG] skip lint because view is scratch\n[Flake8Lint DEBUG] skip lint by 'on_load' hook due to plugin settings\n...\n[Flake8Lint DEBUG] skip lint by 'on_load' hook due to plugin settings\n```\n setting: True\n[Flake8Lint DEBUG] error to show: (10, 0, \"F401 datasource' imported but unused\")\n[Flake8Lint DEBUG] highlight errors in view (regions)\n[Flake8Lint DEBUG] show popup window with errors\nQuick panel unavailable\n[Flake8Lint DEBUG] skip lint by 'on_load' hook due to plugin settings\n...\n[Flake8Lint DEBUG] skip lint by 'on_load' hook due to plugin settings\n[Flake8Lint DEBUG] error was selected from popup window: scroll to line\n[Flake8Lint DEBUG] skip lint by 'on_load' hook due to plugin settings\n...\n[Flake8Lint DEBUG] skip lint by 'on_load' hook due to plugin settings\n[Flake8Lint DEBUG] skip lint because view is scratch\n[Flake8Lint DEBUG] skip lint by 'on_load' hook due to plugin settings\n...\n[Flake8Lint DEBUG] skip lint by 'on_load' hook due to plugin settings\n```\ndatasource imported but unused\")\n[Flake8Lint DEBUG] highlight errors in view (regions)\n[Flake8Lint DEBUG] show popup window with errors\nQuick panel unavailable\n[Flake8Lint DEBUG] skip lint by 'on_load' hook due to plugin settings\n...\n[Flake8Lint DEBUG] skip lint by 'on_load' hook due to plugin settings\n[Flake8Lint DEBUG] error was selected from popup window: scroll to line\n[Flake8Lint DEBUG] skip lint by 'on_load' hook due to plugin settings\n...\n[Flake8Lint DEBUG] skip lint by 'on_load' hook due to plugin settings\n[Flake8Lint DEBUG] skip lint because view is scratch\n[Flake8Lint DEBUG] skip lint by 'on_load' hook due to plugin settings\n...\n[Flake8Lint DEBUG] skip lint by 'on_load' hook due to plugin settings\n```\n imported but unused\")\n[Flake8Lint DEBUG] highlight errors in view (regions)\n[Flake8Lint DEBUG] show popup window with errors\nQuick panel unavailable\n[Flake8Lint DEBUG] skip lint by on_load' hook due to plugin settings\n...\n[Flake8Lint DEBUG] skip lint by 'on_load' hook due to plugin settings\n[Flake8Lint DEBUG] error was selected from popup window: scroll to line\n[Flake8Lint DEBUG] skip lint by 'on_load' hook due to plugin settings\n...\n[Flake8Lint DEBUG] skip lint by 'on_load' hook due to plugin settings\n[Flake8Lint DEBUG] skip lint because view is scratch\n[Flake8Lint DEBUG] skip lint by 'on_load' hook due to plugin settings\n...\n[Flake8Lint DEBUG] skip lint by 'on_load' hook due to plugin settings\n```\non_load hook due to plugin settings\n...\n[Flake8Lint DEBUG] skip lint by 'on_load' hook due to plugin settings\n[Flake8Lint DEBUG] error was selected from popup window: scroll to line\n[Flake8Lint DEBUG] skip lint by 'on_load' hook due to plugin settings\n...\n[Flake8Lint DEBUG] skip lint by 'on_load' hook due to plugin settings\n[Flake8Lint DEBUG] skip lint because view is scratch\n[Flake8Lint DEBUG] skip lint by 'on_load' hook due to plugin settings\n...\n[Flake8Lint DEBUG] skip lint by 'on_load' hook due to plugin settings\n```\n hook due to plugin settings\n...\n[Flake8Lint DEBUG] skip lint by on_load' hook due to plugin settings\n[Flake8Lint DEBUG] error was selected from popup window: scroll to line\n[Flake8Lint DEBUG] skip lint by 'on_load' hook due to plugin settings\n...\n[Flake8Lint DEBUG] skip lint by 'on_load' hook due to plugin settings\n[Flake8Lint DEBUG] skip lint because view is scratch\n[Flake8Lint DEBUG] skip lint by 'on_load' hook due to plugin settings\n...\n[Flake8Lint DEBUG] skip lint by 'on_load' hook due to plugin settings\n```\non_load hook due to plugin settings\n[Flake8Lint DEBUG] error was selected from popup window: scroll to line\n[Flake8Lint DEBUG] skip lint by 'on_load' hook due to plugin settings\n...\n[Flake8Lint DEBUG] skip lint by 'on_load' hook due to plugin settings\n[Flake8Lint DEBUG] skip lint because view is scratch\n[Flake8Lint DEBUG] skip lint by 'on_load' hook due to plugin settings\n...\n[Flake8Lint DEBUG] skip lint by 'on_load' hook due to plugin settings\n```\n hook due to plugin settings\n[Flake8Lint DEBUG] error was selected from popup window: scroll to line\n[Flake8Lint DEBUG] skip lint by on_load' hook due to plugin settings\n...\n[Flake8Lint DEBUG] skip lint by 'on_load' hook due to plugin settings\n[Flake8Lint DEBUG] skip lint because view is scratch\n[Flake8Lint DEBUG] skip lint by 'on_load' hook due to plugin settings\n...\n[Flake8Lint DEBUG] skip lint by 'on_load' hook due to plugin settings\n```\non_load hook due to plugin settings\n...\n[Flake8Lint DEBUG] skip lint by 'on_load' hook due to plugin settings\n[Flake8Lint DEBUG] skip lint because view is scratch\n[Flake8Lint DEBUG] skip lint by 'on_load' hook due to plugin settings\n...\n[Flake8Lint DEBUG] skip lint by 'on_load' hook due to plugin settings\n```\n hook due to plugin settings\n...\n[Flake8Lint DEBUG] skip lint by on_load' hook due to plugin settings\n[Flake8Lint DEBUG] skip lint because view is scratch\n[Flake8Lint DEBUG] skip lint by 'on_load' hook due to plugin settings\n...\n[Flake8Lint DEBUG] skip lint by 'on_load' hook due to plugin settings\n```\non_load hook due to plugin settings\n[Flake8Lint DEBUG] skip lint because view is scratch\n[Flake8Lint DEBUG] skip lint by 'on_load' hook due to plugin settings\n...\n[Flake8Lint DEBUG] skip lint by 'on_load' hook due to plugin settings\n```\n hook due to plugin settings\n[Flake8Lint DEBUG] skip lint because view is scratch\n[Flake8Lint DEBUG] skip lint by on_load' hook due to plugin settings\n...\n[Flake8Lint DEBUG] skip lint by 'on_load' hook due to plugin settings\n```\non_load hook due to plugin settings\n...\n[Flake8Lint DEBUG] skip lint by 'on_load' hook due to plugin settings\n```\n hook due to plugin settings\n...\n[Flake8Lint DEBUG] skip lint by on_load' hook due to plugin settings\n```\non_load hook due to plugin settings\n```\n hook due to plugin settings\n```\n"
	},
	{
		"user": "dreadatour",
		"body": "Sorry for a long answer.\nIve installed Origami plugin and everything works fine for me. May be Origami developers fixes the issue, or one of my previous commit fixes it. If problem is still actual, could you, please, show me your Origami views layout?\nve installed Origami plugin and everything works fine for me. May be Origami developers fixes the issue, or one of my previous commit fixes it. If problem is still actual, could you, please, show me your Origami views layout?\n"
	}
	]
}