{
	"url": "https://api.github.com/repos/facebookarchive/origami/issues/1",
	"html_url": "https://github.com/facebookarchive/origami/issues/1",
	"title": "Fullscreen mode prevents any interaction with the prototype.",
	"user": "nehbit",
	"labels": [
		{
			"name": "bug"
		}
	],
	"body": "On Mavericks, Making any interactive prototype fullscreen prevents any interaction with the prototype. Im not sure if this is a Quartz issue or an Origami issue.\n\nReplication instructions: Open the tabs example, make it fullscreen, try to navigate.\nm not sure if this is a Quartz issue or an Origami issue.\n\nReplication instructions: Open the tabs example, make it fullscreen, try to navigate.\n",
	"comments": 4,
	"comments_content": [
	{
		"user": "arbales",
		"body": "Hey @nehbit, this bug should have been fixed in the recent updates to example files, please let me know if this works right for you now.\n"
	},
	{
		"user": "nehbit",
		"body": "It seems I still cannot interact with \"Tabs\" example. The rest looks good, but that particular one doesnt respond when in fullscreen.\nt respond when in fullscreen.\n"
	},
	{
		"user": "drewhamlin",
		"body": "I cannot reproduce this issue. Tabs.qtz works and can be interacted with in full screen mode on my MacBook Pro running Mavericks. Try downloading the example file again and let us know if there are any other details that might be unique to your environment.\n"
	},
	{
		"user": "drewhamlin",
		"body": "We think weve identified and fixed this with commit 3253d97.\nve identified and fixed this with commit 3253d97.\n"
	}
	]
}