{
	"url": "https://api.github.com/repos/adaptlearning/adapt_framework/issues/406",
	"html_url": "https://github.com/adaptlearning/adapt_framework/issues/406",
	"title": "Adapt Accessibility tests: issues with narrative component (co-05)",
	"user": "shauncg",
	"labels": [
		{
			"name": "bug"
		}
	],
	"body": "JAWS struggles with the narrative component, saying \"graphic alt text\" three times before proceeding to the heading Improvements' (the display text for the first slide). \n\nNb. when the user keyboard navigates between slides and commands JAWS to read the display text for each one, the triple \"graphic alt text\" also occurs each time. \n\nObviously this is a dummy test course and the alt text doesn't need to contain anything in particular, though it would still be helpful if each could be differentiated. However, more of an issue is the fact that JAWS is reading alt text for three images when only one is visible alongside its display text (note that JAWS does not also read all three sets of display text). \nImprovements (the display text for the first slide). \n\nNb. when the user keyboard navigates between slides and commands JAWS to read the display text for each one, the triple \"graphic alt text\" also occurs each time. \n\nObviously this is a dummy test course and the alt text doesn't need to contain anything in particular, though it would still be helpful if each could be differentiated. However, more of an issue is the fact that JAWS is reading alt text for three images when only one is visible alongside its display text (note that JAWS does not also read all three sets of display text). \n (the display text for the first slide). \n\nNb. when the user keyboard navigates between slides and commands JAWS to read the display text for each one, the triple \"graphic alt text\" also occurs each time. \n\nObviously this is a dummy test course and the alt text doesnt need to contain anything in particular, though it would still be helpful if each could be differentiated. However, more of an issue is the fact that JAWS is reading alt text for three images when only one is visible alongside its display text (note that JAWS does not also read all three sets of display text). \nt need to contain anything in particular, though it would still be helpful if each could be differentiated. However, more of an issue is the fact that JAWS is reading alt text for three images when only one is visible alongside its display text (note that JAWS does not also read all three sets of display text). \n",
	"comments": 4,
	"comments_content": [
	{
		"user": "shauncg",
		"body": "This also occurs on co-15, though here all the alt text is read as \"graphic origami birds\" (again, it plays three times). \n"
	},
	{
		"user": "shauncg",
		"body": "This still occurs as described (although each image now has alt text that differentiates it from the others). \n"
	},
	{
		"user": "oliverfoster",
		"body": "Move to Narrative \n\nJIRA: https://adaptlearning.atlassian.net/browse/ABU-328\n"
	},
	{
		"user": "oliverfoster",
		"body": "This issue was moved to adaptlearning/adapt-contrib-narrative#99\n"
	}
	]
}