{
	"url": "https://api.github.com/repos/rails-girls-summer-of-code/rgsoc-teams/issues/154",
	"html_url": "https://github.com/rails-girls-summer-of-code/rgsoc-teams/issues/154",
	"title": "users/edit: A role will not be destroyed when you 'remove' + submit",
	"user": "carpodaster",
	"labels": [
		{
			"name": "bug"
		}
	],
	"body": "Computer says no when I try to remove @alicetragedy from Team Origami\n\n![](http://wowalt.com/wp-content/uploads/2014/07/computer-says-no.png)\n",
	"comments": 3,
	"comments_content": [
	{
		"user": "alicetragedy",
		"body": "Okay. I just tried it, and it works if I remove myself (obviously not the point, right?)\n"
	},
	{
		"user": "F3PiX",
		"body": "I couldnt remove my own roles. Would be great to solve this, it will make the life of next year's Rails Girls so much easier. Someone want to pair with me on this? \nt remove my own roles. Would be great to solve this, it will make the life of next years Rails Girls so much easier. Someone want to pair with me on this? \ns Rails Girls so much easier. Someone want to pair with me on this? \n"
	},
	{
		"user": "carpodaster",
		"body": "Solved by #577 "
	}
	]
}