{
	"url": "https://api.github.com/repos/johansatge/sienna/issues/6",
	"html_url": "https://github.com/johansatge/sienna/issues/6",
	"title": "Folder Icon",
	"user": "electricarts",
	"labels": [
		{
			"name": "bug"
		}
	],
	"body": "Hi, \r\n\r\nhow do i get the folder icon (like in the screenshots)? I installed \"A File Icon\". All icons are shown, except the icon for the standard folder. I only have this triangle in front of the folder name. ST3 - 3129, Mac OS 10.12.4\r\n\r\nCheers \r\nMario",
	"comments": 2,
	"comments_content": [
	{
		"user": "johansatge",
		"body": "Hi,\r\n\r\nI was unable to reproduce that issue, could you give me more information?\r\n\r\n* Is there an error in Sublimes console when starting the app? (If assets are missing, it should print something)\r\n* Do you see the icons if you disable _A File Icon_ and restart the app?\r\n\r\nthx!s console when starting the app? (If assets are missing, it should print something)\r\n* Do you see the icons if you disable _A File Icon_ and restart the app?\r\n\r\nthx!"
	},
	{
		"user": "chriskrycho",
		"body": "Im here with the same bug. Whether A File Icon is enabled or no, the folder icons aren't showing up. All other icons show up as expected in both modes. The file icons also work correctly in the new Adaptive and Default themes.\r\n\r\nRunning Sublime Text 3, Dev Channel, Build 3135.\r\n\r\n<details>\r\n<summary><b>Startup console output</b></summary>\r\nstartup, version: 3135 osx x64 channel: dev\r\nexecutable: /Applications/Sublime Text.app/Contents/MacOS/Sublime Text\r\nworking dir: /\r\npackages path: /Users/chris/Library/Application Support/Sublime Text 3/Packages\r\nstate path: /Users/chris/Library/Application Support/Sublime Text 3/Local\r\nzip path: /Applications/Sublime Text.app/Contents/MacOS/Packages\r\nzip path: /Users/chris/Library/Application Support/Sublime Text 3/Installed Packages\r\nignored_packages: [\"Vintage\"]\r\npre session restore time: 0.201153\r\nusing gpu buffer for window\r\nusing gpu buffer for window\r\nstartup time: 0.341653\r\nError loading scope:source.scss: Unable to find syntax file for scope source.scss in Packages/MarkdownEditing/Markdown.tmLanguage\r\nError loading scope:source.coffee: Unable to find syntax file for scope source.coffee in Packages/MarkdownEditing/Markdown.tmLanguage\r\nError loading scope:source.less: Unable to find syntax file for scope source.less in Packages/MarkdownEditing/Markdown.tmLanguage\r\nError loading scope:source.scheme: Unable to find syntax file for scope source.scheme in Packages/MarkdownEditing/Markdown.tmLanguage\r\nError loading scope:source.swift: Unable to find syntax file for scope source.swift in Packages/MarkdownEditing/Markdown.tmLanguage\r\nrule scope:source.scala#xml-comments has a scope name, but is unreachable, so the name will never be used\r\nreloading plugin Default.auto_indent_tag\r\nreloading plugin Default.block\r\nreloading plugin Default.comment\r\nreloading plugin Default.convert_syntax\r\nreloading plugin Default.copy_path\r\nreloading plugin Default.delete_word\r\nreloading plugin Default.detect_indentation\r\nreloading plugin Default.duplicate_line\r\nreloading plugin Default.echo\r\nreloading plugin Default.exec\r\nreloading plugin Default.fold\r\nreloading plugin Default.font\r\nreloading plugin Default.goto_line\r\nreloading plugin Default.history_list\r\nreloading plugin Default.indentation\r\nreloading plugin Default.install_package_control\r\nreloading plugin Default.kill_ring\r\nreloading plugin Default.mark\r\nreloading plugin Default.new_templates\r\nreloading plugin Default.open_context_url\r\nreloading plugin Default.open_in_browser\r\nreloading plugin Default.pane\r\nreloading plugin Default.paragraph\r\nreloading plugin Default.paste_from_history\r\nreloading plugin Default.profile\r\nreloading plugin Default.quick_panel\r\nreloading plugin Default.run_syntax_tests\r\nreloading plugin Default.save_on_focus_lost\r\nreloading plugin Default.scroll\r\nreloading plugin Default.set_unsaved_view_name\r\nreloading plugin Default.settings\r\nreloading plugin Default.show_scope_name\r\nreloading plugin Default.side_bar\r\nreloading plugin Default.sort\r\nreloading plugin Default.swap_line\r\nreloading plugin Default.switch_file\r\nreloading plugin Default.symbol\r\nreloading plugin Default.transform\r\nreloading plugin Default.transpose\r\nreloading plugin Default.trim_trailing_white_space\r\nreloading plugin Default.ui\r\nreloading plugin CSS.css_completions\r\nreloading plugin Diff.diff\r\nreloading plugin HTML.encode_html_entities\r\nreloading plugin HTML.html_completions\r\nreloading plugin 0_package_control_loader.00-package_control\r\nreloading plugin 0_package_control_loader.01-pygments\r\nreloading plugin 0_package_control_loader.50-markupsafe\r\nreloading plugin 0_package_control_loader.50-python-markdown\r\nreloading plugin 0_package_control_loader.51-python-jinja2\r\nreloading plugin 0_package_control_loader.55-mdpopups\r\nreloading plugin A File Icon.A File Icon\r\nreloading plugin Coq.coqtop\r\nreloading plugin Coq.sublimecoq\r\nreloading plugin EditorConfig.EditorConfig\r\nreloading plugin File Rename.file_rename\r\nreloading plugin Git.git_commands\r\nreloading plugin GitGutter.plugin\r\nreloading plugin GitHubinator.githubinator\r\nreloading plugin Gitignore.gitignore\r\nreloading plugin MarkdownEditing.bootstrap\r\nreloading plugin MarkdownEditing.custom_find_under_expand\r\nreloading plugin MarkdownEditing.decide_title\r\nreloading plugin MarkdownEditing.distraction_free_mode\r\nreloading plugin MarkdownEditing.folding\r\nreloading plugin MarkdownEditing.footnotes\r\nreloading plugin MarkdownEditing.indent_list_item\r\nreloading plugin MarkdownEditing.indent_list_multiitem\r\nreloading plugin MarkdownEditing.lint\r\nreloading plugin MarkdownEditing.mdeutils\r\nreloading plugin MarkdownEditing.numbered_list\r\nreloading plugin MarkdownEditing.quote_indenting\r\nreloading plugin MarkdownEditing.references\r\nreloading plugin MarkdownEditing.switch_list_bullet_type\r\nreloading plugin MarkdownEditing.underlined_headers\r\nreloading plugin Origami.origami\r\nreloading plugin Package Control.1_reloader\r\nreloading plugin Package Control.2_bootstrap\r\nreloading plugin Package Control.Package Control\r\nreloading plugin Path Tools.PathTools\r\nreloading plugin Rust Enhanced.SyntaxCheckPlugin\r\nreloading plugin Rust Enhanced.toggle_setting\r\nreloading plugin SublimeLinter-annotations.linter\r\nSublimeLinter: annotations linter loaded \r\nreloading plugin Elm Language Support.elm_format\r\nreloading plugin Elm Language Support.elm_generate\r\nreloading plugin Elm Language Support.elm_make\r\nreloading plugin Elm Language Support.elm_open_in_browser\r\nreloading plugin Elm Language Support.elm_plugin\r\nreloading plugin Elm Language Support.elm_project\r\nreloading plugin Elm Language Support.elm_show_type\r\nreloading plugin SublimeLinter.commands\r\nreloading plugin SublimeLinter.sublimelinter\r\nreloading plugin TypeScript.main\r\n2017-06-12 06:20:57,998: 140737038078912: WARNING: TypeScript plugin initialized.\r\nplugins loaded\r\nlang_service_enabled: True\r\nPath of tsserver.js: /Users/chris/Library/Application Support/Sublime Text 3/Packages/TypeScript/tsserver/tsserver.js\r\nPath of tsc.js: /Users/chris/Library/Application Support/Sublime Text 3/Packages/TypeScript/tsserver/tsc.js\r\nTrying to spawn node executable from: /usr/local/bin/node\r\nref view not found\r\nSublimeLinter: debug mode: off \r\nSublimeLinter: annotations activated: <builtin> \r\nenvironment variables loaded using: /usr/local/bin/fish -l\r\nPackage Control: Skipping automatic upgrade, last run at 2017-06-12 05:54:53, next run at 2017-06-12 06:54:53 or after\r\n</details>\r\n\r\n---\r\n\r\n### Installed packages:\r\n\r\n- Base16 Color Schemes\r\n- Coq\r\n- EditorConfig\r\n- Elm Language Support\r\n- Ember Syntax ([github, not Package Control](https://github.com/healthsparq/sublime-ember-syntax))\r\n- File Rename\r\n- fish-shell\r\n- Git\r\n- GitGutter\r\n- GitHubinator\r\n- Gitignore\r\n- Handlebars\r\n- Inspired GitHub Color Scheme\r\n- Markdown Editing\r\n- Origami\r\n- Package Control\r\n- Path Tools\r\n- PureScript\r\n- Rust Enhanced\r\n- Sass\r\n- SublimeLinter\r\n- SublimeLinter-annotations\r\n- Theme - Sienna\r\n- TypeScript\r\n- zzz A File Icon zzzm here with the same bug. Whether A File Icon is enabled or no, the folder icons arent showing up. All other icons show up as expected in both modes. The file icons also work correctly in the new Adaptive and Default themes.\r\n\r\nRunning Sublime Text 3, Dev Channel, Build 3135.\r\n\r\n<details>\r\n<summary><b>Startup console output</b></summary>\r\nstartup, version: 3135 osx x64 channel: dev\r\nexecutable: /Applications/Sublime Text.app/Contents/MacOS/Sublime Text\r\nworking dir: /\r\npackages path: /Users/chris/Library/Application Support/Sublime Text 3/Packages\r\nstate path: /Users/chris/Library/Application Support/Sublime Text 3/Local\r\nzip path: /Applications/Sublime Text.app/Contents/MacOS/Packages\r\nzip path: /Users/chris/Library/Application Support/Sublime Text 3/Installed Packages\r\nignored_packages: [\"Vintage\"]\r\npre session restore time: 0.201153\r\nusing gpu buffer for window\r\nusing gpu buffer for window\r\nstartup time: 0.341653\r\nError loading scope:source.scss: Unable to find syntax file for scope source.scss in Packages/MarkdownEditing/Markdown.tmLanguage\r\nError loading scope:source.coffee: Unable to find syntax file for scope source.coffee in Packages/MarkdownEditing/Markdown.tmLanguage\r\nError loading scope:source.less: Unable to find syntax file for scope source.less in Packages/MarkdownEditing/Markdown.tmLanguage\r\nError loading scope:source.scheme: Unable to find syntax file for scope source.scheme in Packages/MarkdownEditing/Markdown.tmLanguage\r\nError loading scope:source.swift: Unable to find syntax file for scope source.swift in Packages/MarkdownEditing/Markdown.tmLanguage\r\nrule scope:source.scala#xml-comments has a scope name, but is unreachable, so the name will never be used\r\nreloading plugin Default.auto_indent_tag\r\nreloading plugin Default.block\r\nreloading plugin Default.comment\r\nreloading plugin Default.convert_syntax\r\nreloading plugin Default.copy_path\r\nreloading plugin Default.delete_word\r\nreloading plugin Default.detect_indentation\r\nreloading plugin Default.duplicate_line\r\nreloading plugin Default.echo\r\nreloading plugin Default.exec\r\nreloading plugin Default.fold\r\nreloading plugin Default.font\r\nreloading plugin Default.goto_line\r\nreloading plugin Default.history_list\r\nreloading plugin Default.indentation\r\nreloading plugin Default.install_package_control\r\nreloading plugin Default.kill_ring\r\nreloading plugin Default.mark\r\nreloading plugin Default.new_templates\r\nreloading plugin Default.open_context_url\r\nreloading plugin Default.open_in_browser\r\nreloading plugin Default.pane\r\nreloading plugin Default.paragraph\r\nreloading plugin Default.paste_from_history\r\nreloading plugin Default.profile\r\nreloading plugin Default.quick_panel\r\nreloading plugin Default.run_syntax_tests\r\nreloading plugin Default.save_on_focus_lost\r\nreloading plugin Default.scroll\r\nreloading plugin Default.set_unsaved_view_name\r\nreloading plugin Default.settings\r\nreloading plugin Default.show_scope_name\r\nreloading plugin Default.side_bar\r\nreloading plugin Default.sort\r\nreloading plugin Default.swap_line\r\nreloading plugin Default.switch_file\r\nreloading plugin Default.symbol\r\nreloading plugin Default.transform\r\nreloading plugin Default.transpose\r\nreloading plugin Default.trim_trailing_white_space\r\nreloading plugin Default.ui\r\nreloading plugin CSS.css_completions\r\nreloading plugin Diff.diff\r\nreloading plugin HTML.encode_html_entities\r\nreloading plugin HTML.html_completions\r\nreloading plugin 0_package_control_loader.00-package_control\r\nreloading plugin 0_package_control_loader.01-pygments\r\nreloading plugin 0_package_control_loader.50-markupsafe\r\nreloading plugin 0_package_control_loader.50-python-markdown\r\nreloading plugin 0_package_control_loader.51-python-jinja2\r\nreloading plugin 0_package_control_loader.55-mdpopups\r\nreloading plugin A File Icon.A File Icon\r\nreloading plugin Coq.coqtop\r\nreloading plugin Coq.sublimecoq\r\nreloading plugin EditorConfig.EditorConfig\r\nreloading plugin File Rename.file_rename\r\nreloading plugin Git.git_commands\r\nreloading plugin GitGutter.plugin\r\nreloading plugin GitHubinator.githubinator\r\nreloading plugin Gitignore.gitignore\r\nreloading plugin MarkdownEditing.bootstrap\r\nreloading plugin MarkdownEditing.custom_find_under_expand\r\nreloading plugin MarkdownEditing.decide_title\r\nreloading plugin MarkdownEditing.distraction_free_mode\r\nreloading plugin MarkdownEditing.folding\r\nreloading plugin MarkdownEditing.footnotes\r\nreloading plugin MarkdownEditing.indent_list_item\r\nreloading plugin MarkdownEditing.indent_list_multiitem\r\nreloading plugin MarkdownEditing.lint\r\nreloading plugin MarkdownEditing.mdeutils\r\nreloading plugin MarkdownEditing.numbered_list\r\nreloading plugin MarkdownEditing.quote_indenting\r\nreloading plugin MarkdownEditing.references\r\nreloading plugin MarkdownEditing.switch_list_bullet_type\r\nreloading plugin MarkdownEditing.underlined_headers\r\nreloading plugin Origami.origami\r\nreloading plugin Package Control.1_reloader\r\nreloading plugin Package Control.2_bootstrap\r\nreloading plugin Package Control.Package Control\r\nreloading plugin Path Tools.PathTools\r\nreloading plugin Rust Enhanced.SyntaxCheckPlugin\r\nreloading plugin Rust Enhanced.toggle_setting\r\nreloading plugin SublimeLinter-annotations.linter\r\nSublimeLinter: annotations linter loaded \r\nreloading plugin Elm Language Support.elm_format\r\nreloading plugin Elm Language Support.elm_generate\r\nreloading plugin Elm Language Support.elm_make\r\nreloading plugin Elm Language Support.elm_open_in_browser\r\nreloading plugin Elm Language Support.elm_plugin\r\nreloading plugin Elm Language Support.elm_project\r\nreloading plugin Elm Language Support.elm_show_type\r\nreloading plugin SublimeLinter.commands\r\nreloading plugin SublimeLinter.sublimelinter\r\nreloading plugin TypeScript.main\r\n2017-06-12 06:20:57,998: 140737038078912: WARNING: TypeScript plugin initialized.\r\nplugins loaded\r\nlang_service_enabled: True\r\nPath of tsserver.js: /Users/chris/Library/Application Support/Sublime Text 3/Packages/TypeScript/tsserver/tsserver.js\r\nPath of tsc.js: /Users/chris/Library/Application Support/Sublime Text 3/Packages/TypeScript/tsserver/tsc.js\r\nTrying to spawn node executable from: /usr/local/bin/node\r\nref view not found\r\nSublimeLinter: debug mode: off \r\nSublimeLinter: annotations activated: <builtin> \r\nenvironment variables loaded using: /usr/local/bin/fish -l\r\nPackage Control: Skipping automatic upgrade, last run at 2017-06-12 05:54:53, next run at 2017-06-12 06:54:53 or after\r\n</details>\r\n\r\n---\r\n\r\n### Installed packages:\r\n\r\n- Base16 Color Schemes\r\n- Coq\r\n- EditorConfig\r\n- Elm Language Support\r\n- Ember Syntax ([github, not Package Control](https://github.com/healthsparq/sublime-ember-syntax))\r\n- File Rename\r\n- fish-shell\r\n- Git\r\n- GitGutter\r\n- GitHubinator\r\n- Gitignore\r\n- Handlebars\r\n- Inspired GitHub Color Scheme\r\n- Markdown Editing\r\n- Origami\r\n- Package Control\r\n- Path Tools\r\n- PureScript\r\n- Rust Enhanced\r\n- Sass\r\n- SublimeLinter\r\n- SublimeLinter-annotations\r\n- Theme - Sienna\r\n- TypeScript\r\n- zzz A File Icon zzzt showing up. All other icons show up as expected in both modes. The file icons also work correctly in the new Adaptive and Default themes.\r\n\r\nRunning Sublime Text 3, Dev Channel, Build 3135.\r\n\r\n<details>\r\n<summary><b>Startup console output</b></summary>\r\nstartup, version: 3135 osx x64 channel: dev\r\nexecutable: /Applications/Sublime Text.app/Contents/MacOS/Sublime Text\r\nworking dir: /\r\npackages path: /Users/chris/Library/Application Support/Sublime Text 3/Packages\r\nstate path: /Users/chris/Library/Application Support/Sublime Text 3/Local\r\nzip path: /Applications/Sublime Text.app/Contents/MacOS/Packages\r\nzip path: /Users/chris/Library/Application Support/Sublime Text 3/Installed Packages\r\nignored_packages: [\"Vintage\"]\r\npre session restore time: 0.201153\r\nusing gpu buffer for window\r\nusing gpu buffer for window\r\nstartup time: 0.341653\r\nError loading scope:source.scss: Unable to find syntax file for scope source.scss in Packages/MarkdownEditing/Markdown.tmLanguage\r\nError loading scope:source.coffee: Unable to find syntax file for scope source.coffee in Packages/MarkdownEditing/Markdown.tmLanguage\r\nError loading scope:source.less: Unable to find syntax file for scope source.less in Packages/MarkdownEditing/Markdown.tmLanguage\r\nError loading scope:source.scheme: Unable to find syntax file for scope source.scheme in Packages/MarkdownEditing/Markdown.tmLanguage\r\nError loading scope:source.swift: Unable to find syntax file for scope source.swift in Packages/MarkdownEditing/Markdown.tmLanguage\r\nrule scope:source.scala#xml-comments has a scope name, but is unreachable, so the name will never be used\r\nreloading plugin Default.auto_indent_tag\r\nreloading plugin Default.block\r\nreloading plugin Default.comment\r\nreloading plugin Default.convert_syntax\r\nreloading plugin Default.copy_path\r\nreloading plugin Default.delete_word\r\nreloading plugin Default.detect_indentation\r\nreloading plugin Default.duplicate_line\r\nreloading plugin Default.echo\r\nreloading plugin Default.exec\r\nreloading plugin Default.fold\r\nreloading plugin Default.font\r\nreloading plugin Default.goto_line\r\nreloading plugin Default.history_list\r\nreloading plugin Default.indentation\r\nreloading plugin Default.install_package_control\r\nreloading plugin Default.kill_ring\r\nreloading plugin Default.mark\r\nreloading plugin Default.new_templates\r\nreloading plugin Default.open_context_url\r\nreloading plugin Default.open_in_browser\r\nreloading plugin Default.pane\r\nreloading plugin Default.paragraph\r\nreloading plugin Default.paste_from_history\r\nreloading plugin Default.profile\r\nreloading plugin Default.quick_panel\r\nreloading plugin Default.run_syntax_tests\r\nreloading plugin Default.save_on_focus_lost\r\nreloading plugin Default.scroll\r\nreloading plugin Default.set_unsaved_view_name\r\nreloading plugin Default.settings\r\nreloading plugin Default.show_scope_name\r\nreloading plugin Default.side_bar\r\nreloading plugin Default.sort\r\nreloading plugin Default.swap_line\r\nreloading plugin Default.switch_file\r\nreloading plugin Default.symbol\r\nreloading plugin Default.transform\r\nreloading plugin Default.transpose\r\nreloading plugin Default.trim_trailing_white_space\r\nreloading plugin Default.ui\r\nreloading plugin CSS.css_completions\r\nreloading plugin Diff.diff\r\nreloading plugin HTML.encode_html_entities\r\nreloading plugin HTML.html_completions\r\nreloading plugin 0_package_control_loader.00-package_control\r\nreloading plugin 0_package_control_loader.01-pygments\r\nreloading plugin 0_package_control_loader.50-markupsafe\r\nreloading plugin 0_package_control_loader.50-python-markdown\r\nreloading plugin 0_package_control_loader.51-python-jinja2\r\nreloading plugin 0_package_control_loader.55-mdpopups\r\nreloading plugin A File Icon.A File Icon\r\nreloading plugin Coq.coqtop\r\nreloading plugin Coq.sublimecoq\r\nreloading plugin EditorConfig.EditorConfig\r\nreloading plugin File Rename.file_rename\r\nreloading plugin Git.git_commands\r\nreloading plugin GitGutter.plugin\r\nreloading plugin GitHubinator.githubinator\r\nreloading plugin Gitignore.gitignore\r\nreloading plugin MarkdownEditing.bootstrap\r\nreloading plugin MarkdownEditing.custom_find_under_expand\r\nreloading plugin MarkdownEditing.decide_title\r\nreloading plugin MarkdownEditing.distraction_free_mode\r\nreloading plugin MarkdownEditing.folding\r\nreloading plugin MarkdownEditing.footnotes\r\nreloading plugin MarkdownEditing.indent_list_item\r\nreloading plugin MarkdownEditing.indent_list_multiitem\r\nreloading plugin MarkdownEditing.lint\r\nreloading plugin MarkdownEditing.mdeutils\r\nreloading plugin MarkdownEditing.numbered_list\r\nreloading plugin MarkdownEditing.quote_indenting\r\nreloading plugin MarkdownEditing.references\r\nreloading plugin MarkdownEditing.switch_list_bullet_type\r\nreloading plugin MarkdownEditing.underlined_headers\r\nreloading plugin Origami.origami\r\nreloading plugin Package Control.1_reloader\r\nreloading plugin Package Control.2_bootstrap\r\nreloading plugin Package Control.Package Control\r\nreloading plugin Path Tools.PathTools\r\nreloading plugin Rust Enhanced.SyntaxCheckPlugin\r\nreloading plugin Rust Enhanced.toggle_setting\r\nreloading plugin SublimeLinter-annotations.linter\r\nSublimeLinter: annotations linter loaded \r\nreloading plugin Elm Language Support.elm_format\r\nreloading plugin Elm Language Support.elm_generate\r\nreloading plugin Elm Language Support.elm_make\r\nreloading plugin Elm Language Support.elm_open_in_browser\r\nreloading plugin Elm Language Support.elm_plugin\r\nreloading plugin Elm Language Support.elm_project\r\nreloading plugin Elm Language Support.elm_show_type\r\nreloading plugin SublimeLinter.commands\r\nreloading plugin SublimeLinter.sublimelinter\r\nreloading plugin TypeScript.main\r\n2017-06-12 06:20:57,998: 140737038078912: WARNING: TypeScript plugin initialized.\r\nplugins loaded\r\nlang_service_enabled: True\r\nPath of tsserver.js: /Users/chris/Library/Application Support/Sublime Text 3/Packages/TypeScript/tsserver/tsserver.js\r\nPath of tsc.js: /Users/chris/Library/Application Support/Sublime Text 3/Packages/TypeScript/tsserver/tsc.js\r\nTrying to spawn node executable from: /usr/local/bin/node\r\nref view not found\r\nSublimeLinter: debug mode: off \r\nSublimeLinter: annotations activated: <builtin> \r\nenvironment variables loaded using: /usr/local/bin/fish -l\r\nPackage Control: Skipping automatic upgrade, last run at 2017-06-12 05:54:53, next run at 2017-06-12 06:54:53 or after\r\n</details>\r\n\r\n---\r\n\r\n### Installed packages:\r\n\r\n- Base16 Color Schemes\r\n- Coq\r\n- EditorConfig\r\n- Elm Language Support\r\n- Ember Syntax ([github, not Package Control](https://github.com/healthsparq/sublime-ember-syntax))\r\n- File Rename\r\n- fish-shell\r\n- Git\r\n- GitGutter\r\n- GitHubinator\r\n- Gitignore\r\n- Handlebars\r\n- Inspired GitHub Color Scheme\r\n- Markdown Editing\r\n- Origami\r\n- Package Control\r\n- Path Tools\r\n- PureScript\r\n- Rust Enhanced\r\n- Sass\r\n- SublimeLinter\r\n- SublimeLinter-annotations\r\n- Theme - Sienna\r\n- TypeScript\r\n- zzz A File Icon zzz"
	}
	]
}