{
	"url": "https://api.github.com/repos/raphamorim/origami.js/issues/26",
	"html_url": "https://github.com/raphamorim/origami.js/issues/26",
	"title": "TypeError: this.documentStyles is undefined (line 119 in origami.js)",
	"user": "MexieAndCo",
	"labels": [
		{
			"name": "bug"
		}
	],
	"body": "Im getting the above error from try1.html (attached), line 105\n105:      origami('#canvas1')\n             .styles('.pacman')\n             .shape('.pacman')\n             .draw();\n    <style>\n      .pacman {\n        width: 100px;\n        height: 100px;\n        border-right: 60px solid transparent;\n        border-top: 60px solid red;\n        border-bottom: 60px solid red;\n        border-left: 60px solid red;\n        border-top-right-radius: 60px;\n        border-top-left-radius: 60px;\n        border-bottom-right-radius: 60px;\n        border-bottom-left-radius: 60px;\n      }\n      ...\n   </style>\n\n[try1.html.txt](https://github.com/raphamorim/origami.js/files/170751/try1.html.txt)\n\n118: for (var i = 0; i < selectors.length; i++) {\n119:       var style = styleRuleValueFrom(selectors[i], (**this.documentStyles**[0] || []));\n120:       Origami.virtualStyles[selectors[i]] = style;\nm getting the above error from try1.html (attached), line 105\n105:      origami(#canvas1')\n             .styles('.pacman')\n             .shape('.pacman')\n             .draw();\n    <style>\n      .pacman {\n        width: 100px;\n        height: 100px;\n        border-right: 60px solid transparent;\n        border-top: 60px solid red;\n        border-bottom: 60px solid red;\n        border-left: 60px solid red;\n        border-top-right-radius: 60px;\n        border-top-left-radius: 60px;\n        border-bottom-right-radius: 60px;\n        border-bottom-left-radius: 60px;\n      }\n      ...\n   </style>\n\n[try1.html.txt](https://github.com/raphamorim/origami.js/files/170751/try1.html.txt)\n\n118: for (var i = 0; i < selectors.length; i++) {\n119:       var style = styleRuleValueFrom(selectors[i], (**this.documentStyles**[0] || []));\n120:       Origami.virtualStyles[selectors[i]] = style;\n#canvas1)\n             .styles('.pacman')\n             .shape('.pacman')\n             .draw();\n    <style>\n      .pacman {\n        width: 100px;\n        height: 100px;\n        border-right: 60px solid transparent;\n        border-top: 60px solid red;\n        border-bottom: 60px solid red;\n        border-left: 60px solid red;\n        border-top-right-radius: 60px;\n        border-top-left-radius: 60px;\n        border-bottom-right-radius: 60px;\n        border-bottom-left-radius: 60px;\n      }\n      ...\n   </style>\n\n[try1.html.txt](https://github.com/raphamorim/origami.js/files/170751/try1.html.txt)\n\n118: for (var i = 0; i < selectors.length; i++) {\n119:       var style = styleRuleValueFrom(selectors[i], (**this.documentStyles**[0] || []));\n120:       Origami.virtualStyles[selectors[i]] = style;\n)\n             .styles(.pacman')\n             .shape('.pacman')\n             .draw();\n    <style>\n      .pacman {\n        width: 100px;\n        height: 100px;\n        border-right: 60px solid transparent;\n        border-top: 60px solid red;\n        border-bottom: 60px solid red;\n        border-left: 60px solid red;\n        border-top-right-radius: 60px;\n        border-top-left-radius: 60px;\n        border-bottom-right-radius: 60px;\n        border-bottom-left-radius: 60px;\n      }\n      ...\n   </style>\n\n[try1.html.txt](https://github.com/raphamorim/origami.js/files/170751/try1.html.txt)\n\n118: for (var i = 0; i < selectors.length; i++) {\n119:       var style = styleRuleValueFrom(selectors[i], (**this.documentStyles**[0] || []));\n120:       Origami.virtualStyles[selectors[i]] = style;\n.pacman)\n             .shape('.pacman')\n             .draw();\n    <style>\n      .pacman {\n        width: 100px;\n        height: 100px;\n        border-right: 60px solid transparent;\n        border-top: 60px solid red;\n        border-bottom: 60px solid red;\n        border-left: 60px solid red;\n        border-top-right-radius: 60px;\n        border-top-left-radius: 60px;\n        border-bottom-right-radius: 60px;\n        border-bottom-left-radius: 60px;\n      }\n      ...\n   </style>\n\n[try1.html.txt](https://github.com/raphamorim/origami.js/files/170751/try1.html.txt)\n\n118: for (var i = 0; i < selectors.length; i++) {\n119:       var style = styleRuleValueFrom(selectors[i], (**this.documentStyles**[0] || []));\n120:       Origami.virtualStyles[selectors[i]] = style;\n)\n             .shape(.pacman')\n             .draw();\n    <style>\n      .pacman {\n        width: 100px;\n        height: 100px;\n        border-right: 60px solid transparent;\n        border-top: 60px solid red;\n        border-bottom: 60px solid red;\n        border-left: 60px solid red;\n        border-top-right-radius: 60px;\n        border-top-left-radius: 60px;\n        border-bottom-right-radius: 60px;\n        border-bottom-left-radius: 60px;\n      }\n      ...\n   </style>\n\n[try1.html.txt](https://github.com/raphamorim/origami.js/files/170751/try1.html.txt)\n\n118: for (var i = 0; i < selectors.length; i++) {\n119:       var style = styleRuleValueFrom(selectors[i], (**this.documentStyles**[0] || []));\n120:       Origami.virtualStyles[selectors[i]] = style;\n.pacman)\n             .draw();\n    <style>\n      .pacman {\n        width: 100px;\n        height: 100px;\n        border-right: 60px solid transparent;\n        border-top: 60px solid red;\n        border-bottom: 60px solid red;\n        border-left: 60px solid red;\n        border-top-right-radius: 60px;\n        border-top-left-radius: 60px;\n        border-bottom-right-radius: 60px;\n        border-bottom-left-radius: 60px;\n      }\n      ...\n   </style>\n\n[try1.html.txt](https://github.com/raphamorim/origami.js/files/170751/try1.html.txt)\n\n118: for (var i = 0; i < selectors.length; i++) {\n119:       var style = styleRuleValueFrom(selectors[i], (**this.documentStyles**[0] || []));\n120:       Origami.virtualStyles[selectors[i]] = style;\n)\n             .draw();\n    <style>\n      .pacman {\n        width: 100px;\n        height: 100px;\n        border-right: 60px solid transparent;\n        border-top: 60px solid red;\n        border-bottom: 60px solid red;\n        border-left: 60px solid red;\n        border-top-right-radius: 60px;\n        border-top-left-radius: 60px;\n        border-bottom-right-radius: 60px;\n        border-bottom-left-radius: 60px;\n      }\n      ...\n   </style>\n\n[try1.html.txt](https://github.com/raphamorim/origami.js/files/170751/try1.html.txt)\n\n118: for (var i = 0; i < selectors.length; i++) {\n119:       var style = styleRuleValueFrom(selectors[i], (**this.documentStyles**[0] || []));\n120:       Origami.virtualStyles[selectors[i]] = style;\n",
	"comments": 2,
	"comments_content": [
	{
		"user": "raphamorim",
		"body": "Okay, Ill see this tonight :)\nll see this tonight :)\n"
	},
	{
		"user": "raphamorim",
		"body": "Sorry by delay: Fixed 252534827a5dc53ef98bd75ee1411304074a5780\n\nThanks for the report! :)\n"
	}
	]
}