{
	"url": "https://api.github.com/repos/vvim/myrecy/issues/5",
	"html_url": "https://github.com/vvim/myrecy/issues/5",
	"title": "translation: title of the post (in <h1>) gets translated, but not <title>",
	"user": "vvim",
	"labels": [
		{
			"name": "bug"
		}
	],
	"body": "Translations of titles happen in `functions.php` , but this only has its effect in the `<h1>`-tag, the `<title>`-tag will still state the original (Dutch) title of the page. Highly annoying.\n",
	"comments": 1,
	"comments_content": [
	{
		"user": "vvim",
		"body": "zie `origami-header.php`, line 6 :\n\n```\n<title><?php wp_title(|', true, 'right'); ?></title>\n```\n\nMaybe we can manipulate wp_title() ? Or rewrite this line to actually use the title of the post itself?\n|, true, 'right'); ?></title>\n```\n\nMaybe we can manipulate wp_title() ? Or rewrite this line to actually use the title of the post itself?\n, true, right'); ?></title>\n```\n\nMaybe we can manipulate wp_title() ? Or rewrite this line to actually use the title of the post itself?\nright); ?></title>\n```\n\nMaybe we can manipulate wp_title() ? Or rewrite this line to actually use the title of the post itself?\n); ?></title>\n```\n\nMaybe we can manipulate wp_title() ? Or rewrite this line to actually use the title of the post itself?\n"
	}
	]
}