{
	"url": "https://api.github.com/repos/gregsexton/origami.el/issues/15",
	"html_url": "https://github.com/gregsexton/origami.el/issues/15",
	"title": "recenter-top-bottom (C-l) doesn't quite work correctly with origami nodes folded",
	"user": "dakrone",
	"labels": [
		{
			"name": "bug"
		}
	],
	"body": "When I fold lots of things, then try to recenter the cursor with `C-l`, it doesnt actually get recentered, see:\n\n![2015-07-09-154038_1920x1080_scrot](https://cloud.githubusercontent.com/assets/19060/8607559/ec1ab068-2650-11e5-82e3-7101da047b92.png)\n\n(This is immediately after hitting `C-l`)\nt actually get recentered, see:\n\n![2015-07-09-154038_1920x1080_scrot](https://cloud.githubusercontent.com/assets/19060/8607559/ec1ab068-2650-11e5-82e3-7101da047b92.png)\n\n(This is immediately after hitting `C-l`)\n",
	"comments": 1,
	"comments_content": [
	{
		"user": "gregsexton",
		"body": "Thanks for reporting. Ill take a look.\nll take a look.\n"
	}
	]
}