{
	"url": "https://api.github.com/repos/SEPANMOBILE/origami/issues/12",
	"html_url": "https://github.com/SEPANMOBILE/origami/issues/12",
	"title": "Bug : problème de navigation avec bouton Android de la barre des tâches",
	"user": "pom421",
	"labels": [
		{
			"name": "bug"
		}
	],
	"body": "Si lutilisateur est sur la page d'ajout/modification de matériel, s'il appuie sur le bouton Android pour voir toutes les applications actuellement en cours et qu'il revient sur Origami, il est ramené à la 1ère page avec le menu hamburger déplié\n\nIl devrait rester sur la page d'ajout/modification.\nutilisateur est sur la page dajout/modification de matériel, s'il appuie sur le bouton Android pour voir toutes les applications actuellement en cours et qu'il revient sur Origami, il est ramené à la 1ère page avec le menu hamburger déplié\n\nIl devrait rester sur la page d'ajout/modification.\najout/modification de matériel, sil appuie sur le bouton Android pour voir toutes les applications actuellement en cours et qu'il revient sur Origami, il est ramené à la 1ère page avec le menu hamburger déplié\n\nIl devrait rester sur la page d'ajout/modification.\nil appuie sur le bouton Android pour voir toutes les applications actuellement en cours et quil revient sur Origami, il est ramené à la 1ère page avec le menu hamburger déplié\n\nIl devrait rester sur la page d'ajout/modification.\nil revient sur Origami, il est ramené à la 1ère page avec le menu hamburger déplié\n\nIl devrait rester sur la page dajout/modification.\najout/modification.\n",
	"comments": 1,
	"comments_content": [
	{
		"user": "pom421",
		"body": "Plus de problème depuis la version du 3 novembre. Fermé\n"
	}
	]
}