{
	"url": "https://api.github.com/repos/Financial-Times/o-buttons/issues/44",
	"html_url": "https://github.com/Financial-Times/o-buttons/issues/44",
	"title": "Disabled anchor gets focus state on click",
	"user": "kaelig",
	"labels": [
		{
			"name": "bug"
		}
	],
	"body": "To reproduce:\n1. go to http://build.origami.ft.com/files/o-ft-buttons@1.7.1/demos/individual.html\n2. Click on the disabled anchor link\n\nExpected: clicking the link doesnt change the button's appearance\nActual: the focus state is applied (inner ring)\nt change the buttons appearance\nActual: the focus state is applied (inner ring)\ns appearance\nActual: the focus state is applied (inner ring)\n",
	"comments": 1,
	"comments_content": [
	{
		"user": "AlbertoElias",
		"body": "It doesnt happen in the standout demo\nt happen in the standout demo\n"
	}
	]
}