{
	"url": "https://api.github.com/repos/ftlabs/o-crossword/issues/18",
	"html_url": "https://github.com/ftlabs/o-crossword/issues/18",
	"title": "Keyboard Functionality: Fix Bug: Android Keyboard doesn't work (possibly fixed by custom keyboard)",
	"user": "railsagainstignorance",
	"labels": [
		{
			"name": "bug"
		}
	],
	"body": "# Keyboard Functionality\r\n\r\n## Bug Fix: Android Keyboard doesnt work (possibly fixed by custom keyboard)\r\n\r\nConditions\r\n* on Android smartphone\r\n\r\nSteps to recreate\r\n* Load crossword (e.g. https://www.ft.com/__origami/service/build/v2/demos/o-crossword@0.4.0/basic)\r\n* Select space on grid\r\n\r\nResults\r\n* Keyboard briefly appears, grid temporarily resizes, then the keyboard disappears\r\n\r\nExpected Results\r\n* Keyboard appears and remains visible\r\n* Grid does not resize.\r\nt work (possibly fixed by custom keyboard)\r\n\r\nConditions\r\n* on Android smartphone\r\n\r\nSteps to recreate\r\n* Load crossword (e.g. https://www.ft.com/__origami/service/build/v2/demos/o-crossword@0.4.0/basic)\r\n* Select space on grid\r\n\r\nResults\r\n* Keyboard briefly appears, grid temporarily resizes, then the keyboard disappears\r\n\r\nExpected Results\r\n* Keyboard appears and remains visible\r\n* Grid does not resize.\r\n",
	"comments": 0,
	"comments_content": [
	]
}