{
	"url": "https://api.github.com/repos/silverstripe-supervillains/silverstripe-origami/issues/5",
	"html_url": "https://github.com/silverstripe-supervillains/silverstripe-origami/issues/5",
	"title": "Implement one-to-many rel for Member->SocketSession",
	"user": "wjagodfrey",
	"labels": [
		{
			"name": "bug"
		}
	],
	"body": "Currently, does not support a member having multiple socket sessions. Need the ability to emit to all sockets belonging to a user, or a single socket by ID.\n\nAlso needs to include a level of abstraction that would be able to temporarily disable general site-wide emissions to a user.\n\nReason: https://github.com/silverstripe-supervillains/silverstripe-origami/issues/6\n",
	"comments": 0,
	"comments_content": [
	]
}