{
	"url": "https://api.github.com/repos/Financial-Times/o-header-services/issues/18",
	"html_url": "https://github.com/Financial-Times/o-header-services/issues/18",
	"title": "4 px gap in navigation",
	"user": "SarahHornsey",
	"labels": [
		{
			"name": "bug"
		}
	],
	"body": "hi Origami,\r\n\r\nIm not sure if this is the correct way to raise this issue. \r\n\r\nWhen you have nav 1 selected and you roll over nav 2 there is a small gap / margin of about 4 pixels which shouldn't be there. \r\n\r\nI've attached a screen shot hopefully this makes sense but if not let me know.\r\n\r\n@Thurst-ft @alicebartlett \r\n![Uploading b2b product theme header.png…]()\r\nm not sure if this is the correct way to raise this issue. \r\n\r\nWhen you have nav 1 selected and you roll over nav 2 there is a small gap / margin of about 4 pixels which shouldnt be there. \r\n\r\nI've attached a screen shot hopefully this makes sense but if not let me know.\r\n\r\n@Thurst-ft @alicebartlett \r\n![Uploading b2b product theme header.png…]()\r\nt be there. \r\n\r\nIve attached a screen shot hopefully this makes sense but if not let me know.\r\n\r\n@Thurst-ft @alicebartlett \r\n![Uploading b2b product theme header.png…]()\r\nve attached a screen shot hopefully this makes sense but if not let me know.\r\n\r\n@Thurst-ft @alicebartlett \r\n![Uploading b2b product theme header.png…]()\r\n",
	"comments": 0,
	"comments_content": [
	]
}