{
	"url": "https://api.github.com/repos/Financial-Times/grunt-origami-demoer/issues/8",
	"html_url": "https://github.com/Financial-Times/grunt-origami-demoer/issues/8",
	"title": "Modernizr include not working",
	"user": "dan-searle",
	"labels": [
		{
			"name": "bug"
		}
	],
	"body": "Setting `modernizr:true` just adds a script include which expects there to be a `modernizr.js` in the same folder as the demos, but the demos folder is being cleared out each time grunt-origami-demoer is run.\n\ngrunt-origami-demoer should provide its own modernizr file, outside of the demos folder.\n\nIt may also be useful for some modules to provide their own modernizr file in case there are custom tests etc.\n",
	"comments": 0,
	"comments_content": [
	]
}